integration (node 24)	Run npm run test:integration	﻿2026-08-23T01:36:28.5197232Z ##[group]Run npm run test:integration
integration (node 24)	Run npm run test:integration	2026-08-23T01:36:28.5197784Z ^[[36;1mnpm run test:integration^[[0m
integration (node 24)	Run npm run test:integration	2026-08-23T01:36:28.5254206Z shell: /usr/bin/bash -e {0}
integration (node 24)	Run npm run test:integration	2026-08-23T01:36:28.5254911Z env:
integration (node 24)	Run npm run test:integration	2026-08-23T01:36:28.5255249Z   NODE_VERSION: 24
integration (node 24)	Run npm run test:integration	2026-08-23T01:36:28.5255594Z ##[endgroup]
integration (node 24)	Run npm run test:integration	2026-08-23T01:36:28.6337690Z 
integration (node 24)	Run npm run test:integration	2026-08-23T01:36:28.6338575Z > motion5@0.0.0 test:integration
integration (node 24)	Run npm run test:integration	2026-08-23T01:36:28.6339481Z > vitest run packages/core/test/integration
integration (node 24)	Run npm run test:integration	2026-08-23T01:36:28.6339867Z 
integration (node 24)	Run npm run test:integration	2026-08-23T01:36:28.9688784Z 
integration (node 24)	Run npm run test:integration	2026-08-23T01:36:28.9690772Z ^[[1m^[[30m^[[46m RUN ^[[49m^[[39m^[[22m ^[[36mv4.1.10 ^[[39m^[[90m/home/runner/work/motion5/motion5^[[39m
integration (node 24)	Run npm run test:integration	2026-08-23T01:36:28.9691442Z 
integration (node 24)	Run npm run test:integration	2026-08-23T01:36:29.5652763Z  ^[[32m✓^[[39m packages/core/test/integration/engine-teardown-ownership.test.ts ^[[2m(^[[22m^[[2m6 tests^[[22m^[[2m)^[[22m^[[32m 19^[[2mms^[[22m^[[39m
integration (node 24)	Run npm run test:integration	2026-08-23T01:36:29.5847621Z  ^[[31m❯^[[39m packages/core/test/integration/t4-runtime-motion-parity.test.ts ^[[2m(^[[22m^[[2m7 tests^[[22m^[[2m | ^[[22m^[[31m3 failed^[[39m^[[2m)^[[22m^[[32m 27^[[2mms^[[22m^[[39m
integration (node 24)	Run npm run test:integration	2026-08-23T01:36:29.5882449Z ^[[31m     ^[[31m×^[[31m T-1 emits one progress sequence for a runtime and an authored time Motion^[[39m^[[32m 9^[[2mms^[[22m^[[39m
integration (node 24)	Run npm run test:integration	2026-08-23T01:36:29.5900380Z      ^[[32m✓^[[39m T-2 rejects an invalid runtime trigger without committing anything^[[32m 6^[[2mms^[[22m^[[39m
integration (node 24)	Run npm run test:integration	2026-08-23T01:36:29.5930270Z      ^[[32m✓^[[39m T-3 leaves nothing behind when the trigger driver cannot be built^[[32m 3^[[2mms^[[22m^[[39m
integration (node 24)	Run npm run test:integration	2026-08-23T01:36:29.5960339Z      ^[[32m✓^[[39m T-4 disposes the driver exactly once when a runtime Motion is destroyed^[[32m 1^[[2mms^[[22m^[[39m
integration (node 24)	Run npm run test:integration	2026-08-23T01:36:29.5962202Z      ^[[32m✓^[[39m T-5 leaves zero live driver subscriptions after the project is disposed^[[32m 1^[[2mms^[[22m^[[39m
integration (node 24)	Run npm run test:integration	2026-08-23T01:36:29.5991955Z ^[[31m     ^[[31m×^[[31m T-6 rolls the Motion back when the candidate graph rejects it^[[39m^[[32m 3^[[2mms^[[22m^[[39m
integration (node 24)	Run npm run test:integration	2026-08-23T01:36:29.6001640Z ^[[31m     ^[[31m×^[[31m T-7 keeps one clock subscription when a Motion is created at runtime^[[39m^[[32m 2^[[2mms^[[22m^[[39m
integration (node 24)	Run npm run test:integration	2026-08-23T01:36:29.6457906Z  ^[[31m❯^[[39m packages/core/test/integration/bare-authored-leaf.test.ts ^[[2m(^[[22m^[[2m12 tests^[[22m^[[2m | ^[[22m^[[31m2 failed^[[39m^[[2m)^[[22m^[[32m 75^[[2mms^[[22m^[[39m
integration (node 24)	Run npm run test:integration	2026-08-23T01:36:29.6492687Z      ^[[32m✓^[[39m LF-5 interpolates a bare array of stops^[[32m 14^[[2mms^[[22m^[[39m
integration (node 24)	Run npm run test:integration	2026-08-23T01:36:29.6514325Z      ^[[32m✓^[[39m LF-6 publishes a bare static value and holds it at every progress^[[32m 20^[[2mms^[[22m^[[39m
integration (node 24)	Run npm run test:integration	2026-08-23T01:36:29.6554008Z      ^[[32m✓^[[39m LF-7 keeps a static leaf out of the percent map and out of the compiled properties^[[32m 1^[[2mms^[[22m^[[39m
integration (node 24)	Run npm run test:integration	2026-08-23T01:36:29.6580381Z      ^[[32m✓^[[39m LF-8 contributes no tween for a static leaf^[[32m 1^[[2mms^[[22m^[[39m
integration (node 24)	Run npm run test:integration	2026-08-23T01:36:29.6587869Z      ^[[32m✓^[[39m LF-9 refuses the retired object wrapper by name^[[32m 2^[[2mms^[[22m^[[39m
integration (node 24)	Run npm run test:integration	2026-08-23T01:36:29.6590951Z ^[[31m     ^[[31m×^[[31m LF-10 closes the static domain instead of leaving it open^[[39m^[[32m 12^[[2mms^[[22m^[[39m
integration (node 24)	Run npm run test:integration	2026-08-23T01:36:29.6593659Z      ^[[32m✓^[[39m LF-11 never reads either leaf form as a plugin group^[[32m 1^[[2mms^[[22m^[[39m
integration (node 24)	Run npm run test:integration	2026-08-23T01:36:29.6595115Z      ^[[32m✓^[[39m LF-12 still refuses a migrated legacy group by name^[[32m 3^[[2mms^[[22m^[[39m
integration (node 24)	Run npm run test:integration	2026-08-23T01:36:29.6596507Z      ^[[32m✓^[[39m LF-13 accepts both leaf forms inside a values section^[[32m 1^[[2mms^[[22m^[[39m
integration (node 24)	Run npm run test:integration	2026-08-23T01:36:29.6598032Z      ^[[32m✓^[[39m LF-14 refuses a static leaf on a prepare-stage contributor's key^[[32m 2^[[2mms^[[22m^[[39m
integration (node 24)	Run npm run test:integration	2026-08-23T01:36:29.6599778Z      ^[[32m✓^[[39m LF-15 declares the leaf as a union and deletes the wrapper interface^[[32m 1^[[2mms^[[22m^[[39m
integration (node 24)	Run npm run test:integration	2026-08-23T01:36:29.6631744Z ^[[31m     ^[[31m×^[[31m LF-16 leaves no authored schema in the repository on the retired form^[[39m^[[32m 17^[[2mms^[[22m^[[39m
integration (node 24)	Run npm run test:integration	2026-08-23T01:36:29.9209310Z  ^[[31m❯^[[39m packages/core/test/integration/plugin-group-values-section.test.ts ^[[2m(^[[22m^[[2m13 tests^[[22m^[[2m | ^[[22m^[[31m4 failed^[[39m^[[2m)^[[22m^[[32m 35^[[2mms^[[22m^[[39m
integration (node 24)	Run npm run test:integration	2026-08-23T01:36:29.9211828Z ^[[31m     ^[[31m×^[[31m Y-1 compiles the values section to leaves and the requires section to nothing^[[39m^[[32m 13^[[2mms^[[22m^[[39m
integration (node 24)	Run npm run test:integration	2026-08-23T01:36:29.9214289Z      ^[[32m✓^[[39m Y-2 refuses the legacy leaf form by name rather than as a missing stops array^[[32m 4^[[2mms^[[22m^[[39m
integration (node 24)	Run npm run test:integration	2026-08-23T01:36:29.9216171Z      ^[[32m✓^[[39m Y-3 reports an unknown section once and names both legal sections^[[32m 1^[[2mms^[[22m^[[39m
integration (node 24)	Run npm run test:integration	2026-08-23T01:36:29.9217850Z      ^[[32m✓^[[39m Y-4 reserves a top-level values under the rule id a top-level requires gets^[[32m 1^[[2mms^[[22m^[[39m
integration (node 24)	Run npm run test:integration	2026-08-23T01:36:29.9219522Z      ^[[32m✓^[[39m Y-5 refuses a malformed or an empty values section^[[32m 1^[[2mms^[[22m^[[39m
integration (node 24)	Run npm run test:integration	2026-08-23T01:36:29.9221140Z      ^[[32m✓^[[39m Y-6 leaves an empty object an accepted no-op property rather than a group^[[32m 1^[[2mms^[[22m^[[39m
integration (node 24)	Run npm run test:integration	2026-08-23T01:36:29.9222869Z ^[[31m     ^[[31m×^[[31m Y-7 cites the section in a diagnostic about a leaf inside it^[[39m^[[32m 5^[[2mms^[[22m^[[39m
integration (node 24)	Run npm run test:integration	2026-08-23T01:36:29.9224685Z ^[[31m     ^[[31m×^[[31m Y-8 keeps a leaf named values legal inside the section, and resolvable^[[39m^[[32m 3^[[2mms^[[22m^[[39m
integration (node 24)	Run npm run test:integration	2026-08-23T01:36:29.9226414Z      ^[[32m✓^[[39m Y-9 keeps the perspective warning for 3D content inside the values section^[[32m 1^[[2mms^[[22m^[[39m
integration (node 24)	Run npm run test:integration	2026-08-23T01:36:29.9228082Z      ^[[32m✓^[[39m Y-10 refuses one compiled key authored under two groups' values sections^[[32m 0^[[2mms^[[22m^[[39m
integration (node 24)	Run npm run test:integration	2026-08-23T01:36:29.9229856Z      ^[[32m✓^[[39m Y-11 joins a bindings-only group to the composer chain and scopes its input^[[32m 1^[[2mms^[[22m^[[39m
integration (node 24)	Run npm run test:integration	2026-08-23T01:36:29.9231925Z      ^[[32m✓^[[39m Y-12 declares the group as two named sections and deletes the member union^[[32m 0^[[2mms^[[22m^[[39m
integration (node 24)	Run npm run test:integration	2026-08-23T01:36:29.9233745Z ^[[31m     ^[[31m×^[[31m Y-13 composes the walker rig's world frame through the values section^[[39m^[[32m 1^[[2mms^[[22m^[[39m
integration (node 24)	Run npm run test:integration	2026-08-23T01:36:29.9907629Z  ^[[31m❯^[[39m packages/core/test/integration/phase7-walker-demo.test.ts ^[[2m(^[[22m^[[2m10 tests^[[22m^[[2m | ^[[22m^[[31m10 failed^[[39m^[[2m)^[[22m^[[32m 25^[[2mms^[[22m^[[39m
integration (node 24)	Run npm run test:integration	2026-08-23T01:36:29.9910700Z ^[[31m     ^[[31m×^[[31m 1. Load valid walker project through Engine with plugin registry^[[39m^[[32m 14^[[2mms^[[22m^[[39m
integration (node 24)	Run npm run test:integration	2026-08-23T01:36:29.9912560Z ^[[31m     ^[[31m×^[[31m 2. Render walker nodes through createDomPatchAdapter^[[39m^[[32m 1^[[2mms^[[22m^[[39m
integration (node 24)	Run npm run test:integration	2026-08-23T01:36:29.9914374Z ^[[31m     ^[[31m×^[[31m 3. Demonstrate time playback using single injected browser clock^[[39m^[[32m 1^[[2mms^[[22m^[[39m
integration (node 24)	Run npm run test:integration	2026-08-23T01:36:29.9916146Z ^[[31m     ^[[31m×^[[31m 4. Demonstrate progress through TriggerPort and manual signals^[[39m^[[32m 1^[[2mms^[[22m^[[39m
integration (node 24)	Run npm run test:integration	2026-08-23T01:36:29.9917921Z ^[[31m     ^[[31m×^[[31m 5. Render multiple tracks from one Motion in one published batch^[[39m^[[32m 1^[[2mms^[[22m^[[39m
integration (node 24)	Run npm run test:integration	2026-08-23T01:36:29.9919998Z ^[[31m     ^[[31m×^[[31m 6. Demonstrate FK graph observation dependency chain (pelvis -> thigh -> shin)^[[39m^[[32m 1^[[2mms^[[22m^[[39m
integration (node 24)	Run npm run test:integration	2026-08-23T01:36:29.9921937Z ^[[31m     ^[[31m×^[[31m 7. Mount, unmount, remount, and dispose without duplicate subscriptions^[[39m^[[32m 1^[[2mms^[[22m^[[39m
integration (node 24)	Run npm run test:integration	2026-08-23T01:36:29.9923765Z ^[[31m     ^[[31m×^[[31m 8. Show blocked/pending/error diagnostics without crashing the app^[[39m^[[32m 1^[[2mms^[[22m^[[39m
integration (node 24)	Run npm run test:integration	2026-08-23T01:36:29.9925409Z ^[[31m     ^[[31m×^[[31m 9. Use React usePatch hook at the React boundary^[[39m^[[32m 1^[[2mms^[[22m^[[39m
integration (node 24)	Run npm run test:integration	2026-08-23T01:36:29.9926974Z ^[[31m     ^[[31m×^[[31m 10. Automated end-to-end integration test passes clean^[[39m^[[32m 1^[[2mms^[[22m^[[39m
integration (node 24)	Run npm run test:integration	2026-08-23T01:36:30.0241644Z  ^[[31m❯^[[39m packages/core/test/integration/trigger-time-loop.test.ts ^[[2m(^[[22m^[[2m11 tests^[[22m^[[2m | ^[[22m^[[31m8 failed^[[39m^[[2m)^[[22m^[[32m 32^[[2mms^[[22m^[[39m
integration (node 24)	Run npm run test:integration	2026-08-23T01:36:30.0273000Z      ^[[32m✓^[[39m L-11 accepts the loop fields and names each loop rule by id^[[32m 3^[[2mms^[[22m^[[39m
integration (node 24)	Run npm run test:integration	2026-08-23T01:36:30.0295294Z      ^[[32m✓^[[39m L-12 refuses a yoyo with no cycle to reverse, at either spelling^[[32m 1^[[2mms^[[22m^[[39m
integration (node 24)	Run npm run test:integration	2026-08-23T01:36:30.0343816Z ^[[31m     ^[[31m×^[[31m L-13 no longer rejects repeat and yoyo as unsupported^[[39m^[[32m 11^[[2mms^[[22m^[[39m
integration (node 24)	Run npm run test:integration	2026-08-23T01:36:30.0360630Z ^[[31m     ^[[31m×^[[31m L-14 yoyos an authored Motion through the runtime and stops at the start^[[39m^[[32m 6^[[2mms^[[22m^[[39m
integration (node 24)	Run npm run test:integration	2026-08-23T01:36:30.0381074Z ^[[31m     ^[[31m×^[[31m L-15 gives a runtime-created looping Motion the identical sequence^[[39m^[[32m 2^[[2mms^[[22m^[[39m
integration (node 24)	Run npm run test:integration	2026-08-23T01:36:30.0410714Z ^[[31m     ^[[31m×^[[31m L-16 applies stagger inside each cycle and carries nothing across one^[[39m^[[32m 1^[[2mms^[[22m^[[39m
integration (node 24)	Run npm run test:integration	2026-08-23T01:36:30.0412546Z ^[[31m     ^[[31m×^[[31m L-17 keeps one project clock subscription for looping Motions^[[39m^[[32m 1^[[2mms^[[22m^[[39m
integration (node 24)	Run npm run test:integration	2026-08-23T01:36:30.0414255Z ^[[31m     ^[[31m×^[[31m L-18 keeps publishing an infinite loop where a single pass latches^[[39m^[[32m 1^[[2mms^[[22m^[[39m
integration (node 24)	Run npm run test:integration	2026-08-23T01:36:30.0415802Z ^[[31m     ^[[31m×^[[31m L-19 lets the next loop emission overwrite a leaf seek^[[39m^[[32m 1^[[2mms^[[22m^[[39m
integration (node 24)	Run npm run test:integration	2026-08-23T01:36:30.0417370Z ^[[31m     ^[[31m×^[[31m L-20 releases a destroyed loop without disturbing the other one^[[39m^[[32m 1^[[2mms^[[22m^[[39m
integration (node 24)	Run npm run test:integration	2026-08-23T01:36:30.0421453Z      ^[[32m✓^[[39m L-21 keeps loop time running while its Motion is paused^[[32m 2^[[2mms^[[22m^[[39m
integration (node 24)	Run npm run test:integration	2026-08-23T01:36:30.1619586Z  ^[[32m✓^[[39m packages/core/test/integration/authored-leaf-reader.test.ts ^[[2m(^[[22m^[[2m4 tests^[[22m^[[2m)^[[22m^[[32m 12^[[2mms^[[22m^[[39m
integration (node 24)	Run npm run test:integration	2026-08-23T01:36:30.2711633Z  ^[[32m✓^[[39m packages/core/test/integration/rollback-error-precedence.test.ts ^[[2m(^[[22m^[[2m3 tests^[[22m^[[2m)^[[22m^[[32m 16^[[2mms^[[22m^[[39m
integration (node 24)	Run npm run test:integration	2026-08-23T01:36:30.3181215Z  ^[[31m❯^[[39m packages/core/test/integration/phase0-red-baseline.test.ts ^[[2m(^[[22m^[[2m5 tests^[[22m^[[2m | ^[[22m^[[31m5 failed^[[39m^[[2m)^[[22m^[[32m 27^[[2mms^[[22m^[[39m
integration (node 24)	Run npm run test:integration	2026-08-23T01:36:30.3183433Z ^[[31m     ^[[31m×^[[31m 1. Engine time playback: project clock tick advances time motion playhead^[[39m^[[32m 12^[[2mms^[[22m^[[39m
integration (node 24)	Run npm run test:integration	2026-08-23T01:36:30.3232578Z ^[[31m     ^[[31m×^[[31m 2. Multi-track publication: driving a Motion with 2 tracks publishes both node patches in 1 batch^[[39m^[[32m 1^[[2mms^[[22m^[[39m
integration (node 24)	Run npm run test:integration	2026-08-23T01:36:30.3290742Z ^[[31m     ^[[31m×^[[31m 3. Adopted-track Engine path: adopted free track compiles keyframes and publishes ready patch^[[39m^[[32m 11^[[2mms^[[22m^[[39m
integration (node 24)	Run npm run test:integration	2026-08-23T01:36:30.3320701Z ^[[31m     ^[[31m×^[[31m 4. Stale scheduled write: paused Motion cancels pending write before scheduler flush^[[39m^[[32m 1^[[2mms^[[22m^[[39m
integration (node 24)	Run npm run test:integration	2026-08-23T01:36:30.3350493Z ^[[31m     ^[[31m×^[[31m 5. Trigger burst behavior: multiple progress signals before flush coalesce to latest progress^[[39m^[[32m 1^[[2mms^[[22m^[[39m
integration (node 24)	Run npm run test:integration	2026-08-23T01:36:30.4572759Z  ^[[31m❯^[[39m packages/core/test/integration/motion-trigger-types.test.ts ^[[2m(^[[22m^[[2m4 tests^[[22m^[[2m | ^[[22m^[[31m2 failed^[[39m^[[2m)^[[22m^[[32m 21^[[2mms^[[22m^[[39m
integration (node 24)	Run npm run test:integration	2026-08-23T01:36:30.4651941Z ^[[31m     ^[[31m×^[[31m T-11 gives each trigger type its own input path instead of the manual one^[[39m^[[32m 9^[[2mms^[[22m^[[39m
integration (node 24)	Run npm run test:integration	2026-08-23T01:36:30.4675598Z ^[[31m     ^[[31m×^[[31m T-12 lets seek scrub a driver-backed node and lets the driver overwrite it^[[39m^[[32m 4^[[2mms^[[22m^[[39m
integration (node 24)	Run npm run test:integration	2026-08-23T01:36:30.4721084Z      ^[[32m✓^[[39m advances from the one injected clock and rejects control after disposal^[[32m 5^[[2mms^[[22m^[[39m
integration (node 24)	Run npm run test:integration	2026-08-23T01:36:30.4750848Z      ^[[32m✓^[[39m cancels queued trigger work when paused and does not duplicate on remount^[[32m 1^[[2mms^[[22m^[[39m
integration (node 24)	Run npm run test:integration	2026-08-23T01:36:30.5932556Z  ^[[31m❯^[[39m packages/core/test/integration/plugin-owned-requirements.test.ts ^[[2m(^[[22m^[[2m6 tests^[[22m^[[2m | ^[[22m^[[31m6 failed^[[39m^[[2m)^[[22m^[[32m 24^[[2mms^[[22m^[[39m
integration (node 24)	Run npm run test:integration	2026-08-23T01:36:30.5970773Z ^[[31m     ^[[31m×^[[31m Q-7 derives the input edge from the binding and composes world space from it^[[39m^[[32m 12^[[2mms^[[22m^[[39m
integration (node 24)	Run npm run test:integration	2026-08-23T01:36:30.5972780Z ^[[31m     ^[[31m×^[[31m Q-8 leaves an omitted binding with no edge and lets the plugin own the unbound case^[[39m^[[32m 1^[[2mms^[[22m^[[39m
integration (node 24)	Run npm run test:integration	2026-08-23T01:36:30.5974518Z ^[[31m     ^[[31m×^[[31m Q-9 refuses a binding whose source is not a node in the graph^[[39m^[[32m 6^[[2mms^[[22m^[[39m
integration (node 24)	Run npm run test:integration	2026-08-23T01:36:30.5976174Z ^[[31m     ^[[31m×^[[31m Q-10 treats two slots bound to one source as two edges rather than a duplicate^[[39m^[[32m 1^[[2mms^[[22m^[[39m
integration (node 24)	Run npm run test:integration	2026-08-23T01:36:30.5977945Z ^[[31m     ^[[31m×^[[31m Q-11 keeps an upstream value out of the observer's authored value namespace^[[39m^[[32m 1^[[2mms^[[22m^[[39m
integration (node 24)	Run npm run test:integration	2026-08-23T01:36:30.5980428Z ^[[31m     ^[[31m×^[[31m Q-12 refuses a binding to a slot the plugin never declared, at load^[[39m^[[32m 1^[[2mms^[[22m^[[39m
integration (node 24)	Run npm run test:integration	2026-08-23T01:36:30.6148834Z  ^[[31m❯^[[39m packages/core/test/integration/replace-track-transactionality.test.ts ^[[2m(^[[22m^[[2m4 tests^[[22m^[[2m | ^[[22m^[[31m4 failed^[[39m^[[2m)^[[22m^[[32m 18^[[2mms^[[22m^[[39m
integration (node 24)	Run npm run test:integration	2026-08-23T01:36:30.6155279Z ^[[31m     ^[[31m×^[[31m U-1 keeps the live compiled Track when the recompile is refused^[[39m^[[32m 12^[[2mms^[[22m^[[39m
integration (node 24)	Run npm run test:integration	2026-08-23T01:36:30.6156967Z ^[[31m     ^[[31m×^[[31m U-2 leaves a refused recompile retryable rather than stranding the node^[[39m^[[32m 1^[[2mms^[[22m^[[39m
integration (node 24)	Run npm run test:integration	2026-08-23T01:36:30.6190288Z ^[[31m     ^[[31m×^[[31m U-3 changes nothing when the owning Motion refuses the replacement^[[39m^[[32m 2^[[2mms^[[22m^[[39m
integration (node 24)	Run npm run test:integration	2026-08-23T01:36:30.6220505Z ^[[31m     ^[[31m×^[[31m U-4 changes nothing when the candidate graph refuses a derived observation^[[39m^[[32m 1^[[2mms^[[22m^[[39m
integration (node 24)	Run npm run test:integration	2026-08-23T01:36:30.7242867Z  ^[[31m❯^[[39m packages/core/test/integration/phase4-dynamic-lifecycle.test.ts ^[[2m(^[[22m^[[2m6 tests^[[22m^[[2m | ^[[22m^[[31m1 failed^[[39m^[[2m)^[[22m^[[32m 26^[[2mms^[[22m^[[39m
integration (node 24)	Run npm run test:integration	2026-08-23T01:36:30.7280678Z      ^[[32m✓^[[39m 1. Adoption produces ready patches and publishes through the ordinary graph path^[[32m 8^[[2mms^[[22m^[[39m
integration (node 24)	Run npm run test:integration	2026-08-23T01:36:30.7310506Z      ^[[32m✓^[[39m 2. Failed adoption (duplicate id) is observationally atomic — graph, membership, and patches are unchanged^[[32m 2^[[2mms^[[22m^[[39m
integration (node 24)	Run npm run test:integration	2026-08-23T01:36:30.7340506Z      ^[[32m✓^[[39m 3. Repeated adopt/destroy cycles do not retain dead GraphNode identities or stale compose closures^[[32m 2^[[2mms^[[22m^[[39m
integration (node 24)	Run npm run test:integration	2026-08-23T01:36:30.7370300Z      ^[[32m✓^[[39m 4. PatchRegistry.dispose() clears all retained patches and rejects future publication^[[32m 1^[[2mms^[[22m^[[39m
integration (node 24)	Run npm run test:integration	2026-08-23T01:36:30.7400314Z      ^[[32m✓^[[39m 5. Requirement-scoped replacement updates edge identity consistently with GraphIR^[[32m 2^[[2mms^[[22m^[[39m
integration (node 24)	Run npm run test:integration	2026-08-23T01:36:30.7430474Z ^[[31m     ^[[31m×^[[31m 6. Keyframe validation is shared: malformed adopted stops are rejected before graph commit^[[39m^[[32m 9^[[2mms^[[22m^[[39m
integration (node 24)	Run npm run test:integration	2026-08-23T01:36:30.8827523Z  ^[[31m❯^[[39m packages/core/test/integration/adoption.test.ts ^[[2m(^[[22m^[[2m10 tests^[[22m^[[2m | ^[[22m^[[31m3 failed^[[39m^[[2m)^[[22m^[[32m 32^[[2mms^[[22m^[[39m
integration (node 24)	Run npm run test:integration	2026-08-23T01:36:30.8830823Z      ^[[32m✓^[[39m adopts a free track under ~/id and publishes through the ordinary graph path^[[32m 7^[[2mms^[[22m^[[39m
integration (node 24)	Run npm run test:integration	2026-08-23T01:36:30.8832616Z      ^[[32m✓^[[39m rejects duplicate adopted ids instead of silently replacing membership^[[32m 1^[[2mms^[[22m^[[39m
integration (node 24)	Run npm run test:integration	2026-08-23T01:36:30.8834527Z      ^[[32m✓^[[39m lets a borrower unmount without destroying the adopted track, while only the owner can destroy it^[[32m 2^[[2mms^[[22m^[[39m
integration (node 24)	Run npm run test:integration	2026-08-23T01:36:30.8836457Z      ^[[32m✓^[[39m keeps every adopted track independently addressable across sequential adopt and destroy calls^[[32m 2^[[2mms^[[22m^[[39m
integration (node 24)	Run npm run test:integration	2026-08-23T01:36:30.8838275Z ^[[31m     ^[[31m×^[[31m rejects adopted tracks with non-finite stop positions^[[39m^[[32m 11^[[2mms^[[22m^[[39m
integration (node 24)	Run npm run test:integration	2026-08-23T01:36:30.8840093Z ^[[31m     ^[[31m×^[[31m rejects adopted tracks with non-monotonic stop positions^[[39m^[[32m 2^[[2mms^[[22m^[[39m
integration (node 24)	Run npm run test:integration	2026-08-23T01:36:30.8841681Z ^[[31m     ^[[31m×^[[31m rejects adopted tracks with duplicate stop positions^[[39m^[[32m 1^[[2mms^[[22m^[[39m
integration (node 24)	Run npm run test:integration	2026-08-23T01:36:30.8843112Z      ^[[32m✓^[[39m adopts a track into an existing motion under motionId/trackId^[[32m 1^[[2mms^[[22m^[[39m
integration (node 24)	Run npm run test:integration	2026-08-23T01:36:30.8844403Z      ^[[32m✓^[[39m rejects adopting into a non-existent motion^[[32m 1^[[2mms^[[22m^[[39m
integration (node 24)	Run npm run test:integration	2026-08-23T01:36:30.8845730Z      ^[[32m✓^[[39m destroys a motion-adopted track and invokes removeMotionTrack^[[32m 1^[[2mms^[[22m^[[39m
integration (node 24)	Run npm run test:integration	2026-08-23T01:36:30.9425136Z  ^[[31m❯^[[39m packages/core/test/integration/trigger-time.test.ts ^[[2m(^[[22m^[[2m7 tests^[[22m^[[2m | ^[[22m^[[31m6 failed^[[39m^[[2m)^[[22m^[[32m 28^[[2mms^[[22m^[[39m
integration (node 24)	Run npm run test:integration	2026-08-23T01:36:30.9466711Z ^[[31m     ^[[31m×^[[31m drives a time Motion once per project-clock tick^[[39m^[[32m 12^[[2mms^[[22m^[[39m
integration (node 24)	Run npm run test:integration	2026-08-23T01:36:30.9500204Z ^[[31m     ^[[31m×^[[31m does not emit before the first tick^[[39m^[[32m 1^[[2mms^[[22m^[[39m
integration (node 24)	Run npm run test:integration	2026-08-23T01:36:30.9530443Z ^[[31m     ^[[31m×^[[31m rejects external signals without changing progress^[[39m^[[32m 1^[[2mms^[[22m^[[39m
integration (node 24)	Run npm run test:integration	2026-08-23T01:36:30.9571744Z ^[[31m     ^[[31m×^[[31m coalesces rapid driver ticks to the latest progress^[[39m^[[32m 1^[[2mms^[[22m^[[39m
integration (node 24)	Run npm run test:integration	2026-08-23T01:36:30.9573520Z      ^[[32m✓^[[39m keeps exactly one project clock subscription for multiple Motions^[[32m 7^[[2mms^[[22m^[[39m
integration (node 24)	Run npm run test:integration	2026-08-23T01:36:30.9575255Z ^[[31m     ^[[31m×^[[31m keeps manual signals working and preserves range validation^[[39m^[[32m 1^[[2mms^[[22m^[[39m
integration (node 24)	Run npm run test:integration	2026-08-23T01:36:30.9577078Z ^[[31m     ^[[31m×^[[31m isolates a throwing clock consumer while preserving other Motion progress^[[39m^[[32m 3^[[2mms^[[22m^[[39m
integration (node 24)	Run npm run test:integration	2026-08-23T01:36:31.0363512Z  ^[[31m❯^[[39m packages/core/test/integration/engine-x3-contribution.test.ts ^[[2m(^[[22m^[[2m5 tests^[[22m^[[2m | ^[[22m^[[31m5 failed^[[39m^[[2m)^[[22m^[[32m 25^[[2mms^[[22m^[[39m
integration (node 24)	Run npm run test:integration	2026-08-23T01:36:31.0385150Z ^[[31m     ^[[31m×^[[31m passes contribution context and creates the prepared timeline at load^[[39m^[[32m 14^[[2mms^[[22m^[[39m
integration (node 24)	Run npm run test:integration	2026-08-23T01:36:31.0417538Z ^[[31m     ^[[31m×^[[31m selects one predicate contributor through Engine.load^[[39m^[[32m 1^[[2mms^[[22m^[[39m
integration (node 24)	Run npm run test:integration	2026-08-23T01:36:31.0419294Z ^[[31m     ^[[31m×^[[31m rejects malformed contributions during Engine.load^[[39m^[[32m 5^[[2mms^[[22m^[[39m
integration (node 24)	Run npm run test:integration	2026-08-23T01:36:31.0420836Z ^[[31m     ^[[31m×^[[31m rejects authored ease collisions before any timeline is created^[[39m^[[32m 1^[[2mms^[[22m^[[39m
integration (node 24)	Run npm run test:integration	2026-08-23T01:36:31.0422591Z ^[[31m     ^[[31m×^[[31m merges contributed keyframes into compiler diagnostics before timeline creation^[[39m^[[32m 2^[[2mms^[[22m^[[39m
integration (node 24)	Run npm run test:integration	2026-08-23T01:36:31.1768019Z  ^[[31m❯^[[39m packages/core/test/integration/trigger-scroll.test.ts ^[[2m(^[[22m^[[2m6 tests^[[22m^[[2m | ^[[22m^[[31m5 failed^[[39m^[[2m)^[[22m^[[32m 25^[[2mms^[[22m^[[39m
integration (node 24)	Run npm run test:integration	2026-08-23T01:36:31.1770717Z ^[[31m     ^[[31m×^[[31m 3.1 drives progress from an injected source and clamps out-of-range emissions^[[39m^[[32m 9^[[2mms^[[22m^[[39m
integration (node 24)	Run npm run test:integration	2026-08-23T01:36:31.1772893Z ^[[31m     ^[[31m×^[[31m 3.2 subscribes to the injected source once and unsubscribes exactly once^[[39m^[[32m 1^[[2mms^[[22m^[[39m
integration (node 24)	Run npm run test:integration	2026-08-23T01:36:31.1774741Z      ^[[32m✓^[[39m 3.3 rejects a missing source with a trigger-driver-unavailable diagnostic^[[32m 6^[[2mms^[[22m^[[39m
integration (node 24)	Run npm run test:integration	2026-08-23T01:36:31.1776527Z ^[[31m     ^[[31m×^[[31m 3.4 unsubscribes an already resolved source when a later Motion cannot resolve^[[39m^[[32m 4^[[2mms^[[22m^[[39m
integration (node 24)	Run npm run test:integration	2026-08-23T01:36:31.1778287Z ^[[31m     ^[[31m×^[[31m registers no clock consumer for a push-driven scroll Motion^[[39m^[[32m 1^[[2mms^[[22m^[[39m
integration (node 24)	Run npm run test:integration	2026-08-23T01:36:31.1779999Z ^[[31m     ^[[31m×^[[31m rejects external signals for scroll Motions^[[39m^[[32m 1^[[2mms^[[22m^[[39m
integration (node 24)	Run npm run test:integration	2026-08-23T01:36:31.2641330Z  ^[[31m❯^[[39m packages/core/test/integration/phase3-trigger-port.test.ts ^[[2m(^[[22m^[[2m5 tests^[[22m^[[2m | ^[[22m^[[31m2 failed^[[39m^[[2m)^[[22m^[[32m 27^[[2mms^[[22m^[[39m
integration (node 24)	Run npm run test:integration	2026-08-23T01:36:31.2643390Z      ^[[32m✓^[[39m 1. Port lifecycle: subscribe, emit, unsubscribe, and resubscribe cleanly^[[32m 4^[[2mms^[[22m^[[39m
integration (node 24)	Run npm run test:integration	2026-08-23T01:36:31.2645220Z      ^[[32m✓^[[39m 2. Core validation boundary: NaN, infinite, and out-of-bounds progress are rejected loudly^[[32m 5^[[2mms^[[22m^[[39m
integration (node 24)	Run npm run test:integration	2026-08-23T01:36:31.2647140Z ^[[31m     ^[[31m×^[[31m 3. Manual and custom trigger ports operate without DOM imports in core^[[39m^[[32m 11^[[2mms^[[22m^[[39m
integration (node 24)	Run npm run test:integration	2026-08-23T01:36:31.2649326Z ^[[31m     ^[[31m×^[[31m 4. Single clock invariant: attaching TriggerPorts creates zero secondary clock subscriptions^[[39m^[[32m 3^[[2mms^[[22m^[[39m
integration (node 24)	Run npm run test:integration	2026-08-23T01:36:31.2651293Z      ^[[32m✓^[[39m 5. Idempotent teardown: pause, unmount, and dispose cleanly detach ports without leaks^[[32m 1^[[2mms^[[22m^[[39m
integration (node 24)	Run npm run test:integration	2026-08-23T01:36:31.3256333Z  ^[[31m❯^[[39m packages/core/test/integration/per-plugin-key-ownership.test.ts ^[[2m(^[[22m^[[2m4 tests^[[22m^[[2m | ^[[22m^[[31m3 failed^[[39m^[[2m)^[[22m^[[32m 25^[[2mms^[[22m^[[39m
integration (node 24)	Run npm run test:integration	2026-08-23T01:36:31.3280688Z      ^[[32m✓^[[39m N-7 claims the natural bone key names and composes world space from them^[[32m 3^[[2mms^[[22m^[[39m
integration (node 24)	Run npm run test:integration	2026-08-23T01:36:31.3301150Z ^[[31m     ^[[31m×^[[31m N-8 composes a rig from two plugins that both claim rotation^[[39m^[[32m 12^[[2mms^[[22m^[[39m
integration (node 24)	Run npm run test:integration	2026-08-23T01:36:31.3310059Z ^[[31m     ^[[31m×^[[31m N-9 refuses the flat spelling of a key both plugins claim^[[39m^[[32m 6^[[2mms^[[22m^[[39m
integration (node 24)	Run npm run test:integration	2026-08-23T01:36:31.3350385Z ^[[31m     ^[[31m×^[[31m N-10 publishes grouped leaves under their unprefixed names^[[39m^[[32m 2^[[2mms^[[22m^[[39m
integration (node 24)	Run npm run test:integration	2026-08-23T01:36:31.4663486Z  ^[[31m❯^[[39m packages/core/test/integration/mutation-transactionality.test.ts ^[[2m(^[[22m^[[2m3 tests^[[22m^[[2m | ^[[22m^[[31m3 failed^[[39m^[[2m)^[[22m^[[32m 29^[[2mms^[[22m^[[39m
integration (node 24)	Run npm run test:integration	2026-08-23T01:36:31.4694491Z ^[[31m     ^[[31m×^[[31m rejects destroying a source without changing graph state or the observation wire^[[39m^[[32m 20^[[2mms^[[22m^[[39m
integration (node 24)	Run npm run test:integration	2026-08-23T01:36:31.4700495Z ^[[31m     ^[[31m×^[[31m leaves a rejected unknown-source adoption retryable^[[39m^[[32m 5^[[2mms^[[22m^[[39m
integration (node 24)	Run npm run test:integration	2026-08-23T01:36:31.4701986Z ^[[31m     ^[[31m×^[[31m leaves a rejected self-reference adoption retryable^[[39m^[[32m 2^[[2mms^[[22m^[[39m
integration (node 24)	Run npm run test:integration	2026-08-23T01:36:31.5859817Z  ^[[31m❯^[[39m packages/core/test/integration/option-c-track-resolution.test.ts ^[[2m(^[[22m^[[2m5 tests^[[22m^[[2m | ^[[22m^[[31m5 failed^[[39m^[[2m)^[[22m^[[32m 17^[[2mms^[[22m^[[39m
integration (node 24)	Run npm run test:integration	2026-08-23T01:36:31.5862053Z ^[[31m     ^[[31m×^[[31m C-9 keeps a motion-owned track live through replacement^[[39m^[[32m 9^[[2mms^[[22m^[[39m
integration (node 24)	Run npm run test:integration	2026-08-23T01:36:31.5863837Z ^[[31m     ^[[31m×^[[31m C-10 preserves the array index and stagger timing across a replacement^[[39m^[[32m 1^[[2mms^[[22m^[[39m
integration (node 24)	Run npm run test:integration	2026-08-23T01:36:31.5865618Z ^[[31m     ^[[31m×^[[31m C-11 keeps the observation replacement path resolvable^[[39m^[[32m 3^[[2mms^[[22m^[[39m
integration (node 24)	Run npm run test:integration	2026-08-23T01:36:31.5867192Z ^[[31m     ^[[31m×^[[31m C-12 disposes every compiled timeline exactly once^[[39m^[[32m 1^[[2mms^[[22m^[[39m
integration (node 24)	Run npm run test:integration	2026-08-23T01:36:31.5870444Z ^[[31m     ^[[31m×^[[31m C-13 keeps runtime add and remove in step with the resolver^[[39m^[[32m 1^[[2mms^[[22m^[[39m
integration (node 24)	Run npm run test:integration	2026-08-23T01:36:31.5927160Z  ^[[32m✓^[[39m packages/core/test/integration/p2-runtime-smells.test.ts ^[[2m(^[[22m^[[2m6 tests^[[22m^[[2m)^[[22m^[[32m 17^[[2mms^[[22m^[[39m
integration (node 24)	Run npm run test:integration	2026-08-23T01:36:31.7346479Z  ^[[31m❯^[[39m packages/core/test/integration/phase2-motion-scheduling.test.ts ^[[2m(^[[22m^[[2m5 tests^[[22m^[[2m | ^[[22m^[[31m3 failed^[[39m^[[2m)^[[22m^[[32m 17^[[2mms^[[22m^[[39m
integration (node 24)	Run npm run test:integration	2026-08-23T01:36:31.7364040Z ^[[31m     ^[[31m×^[[31m 1. Ten signals before Scheduler flush produce exactly 1 Track write with latest progress^[[39m^[[32m 10^[[2mms^[[22m^[[39m
integration (node 24)	Run npm run test:integration	2026-08-23T01:36:31.7390545Z ^[[31m     ^[[31m×^[[31m 2. Pause cancels pending scheduled write and prevents Track mutation on flush^[[39m^[[32m 1^[[2mms^[[22m^[[39m
integration (node 24)	Run npm run test:integration	2026-08-23T01:36:31.7420264Z      ^[[32m✓^[[39m 3. Remount does not duplicate subscriptions or schedule parallel jobs^[[32m 2^[[2mms^[[22m^[[39m
integration (node 24)	Run npm run test:integration	2026-08-23T01:36:31.7450267Z      ^[[32m✓^[[39m 4. Clock and trigger paths both retain cancellation behavior on pause^[[32m 1^[[2mms^[[22m^[[39m
integration (node 24)	Run npm run test:integration	2026-08-23T01:36:31.7452107Z ^[[31m     ^[[31m×^[[31m 5. Burst signals produce exactly 1 published patch batch^[[39m^[[32m 1^[[2mms^[[22m^[[39m
integration (node 24)	Run npm run test:integration	2026-08-23T01:36:31.8833934Z  ^[[31m❯^[[39m packages/core/test/integration/observation-identity.test.ts ^[[2m(^[[22m^[[2m5 tests^[[22m^[[2m | ^[[22m^[[31m5 failed^[[39m^[[2m)^[[22m^[[32m 19^[[2mms^[[22m^[[39m
integration (node 24)	Run npm run test:integration	2026-08-23T01:36:31.8835931Z ^[[31m     ^[[31m×^[[31m covers source spelling across an add and its matching remove^[[39m^[[32m 12^[[2mms^[[22m^[[39m
integration (node 24)	Run npm run test:integration	2026-08-23T01:36:31.8837450Z ^[[31m     ^[[31m×^[[31m deduplicates equivalent observations and preserves no-op sequence^[[39m^[[32m 1^[[2mms^[[22m^[[39m
integration (node 24)	Run npm run test:integration	2026-08-23T01:36:31.8839206Z ^[[31m     ^[[31m×^[[31m rejects an invalid free-track observation with stable diagnostics^[[39m^[[32m 2^[[2mms^[[22m^[[39m
integration (node 24)	Run npm run test:integration	2026-08-23T01:36:31.8840667Z ^[[31m     ^[[31m×^[[31m V-7 refuses an authored target through addObserve on either role^[[39m^[[32m 1^[[2mms^[[22m^[[39m
integration (node 24)	Run npm run test:integration	2026-08-23T01:36:31.8842040Z ^[[31m     ^[[31m×^[[31m J-7 refuses an authored role or projection through addObserve^[[39m^[[32m 1^[[2mms^[[22m^[[39m
integration (node 24)	Run npm run test:integration	2026-08-23T01:36:31.8972222Z  ^[[31m❯^[[39m packages/core/test/integration/runtime-motion-lifecycle.test.ts ^[[2m(^[[22m^[[2m6 tests^[[22m^[[2m | ^[[22m^[[31m3 failed^[[39m^[[2m)^[[22m^[[32m 34^[[2mms^[[22m^[[39m
integration (node 24)	Run npm run test:integration	2026-08-23T01:36:31.9004622Z ^[[31m     ^[[31m×^[[31m creates a motion, attaches a track, and signals progress from an empty project^[[39m^[[32m 20^[[2mms^[[22m^[[39m
integration (node 24)	Run npm run test:integration	2026-08-23T01:36:31.9007320Z ^[[31m     ^[[31m×^[[31m rejects motion destruction while it still owns tracks, then allows empty destruction^[[39m^[[32m 1^[[2mms^[[22m^[[39m
integration (node 24)	Run npm run test:integration	2026-08-23T01:36:31.9009768Z ^[[31m     ^[[31m×^[[31m keeps two runtime motions independently signalable^[[39m^[[32m 5^[[2mms^[[22m^[[39m
integration (node 24)	Run npm run test:integration	2026-08-23T01:36:31.9011265Z      ^[[32m✓^[[39m rejects duplicate and malformed motion ids without poisoning retries^[[32m 3^[[2mms^[[22m^[[39m
integration (node 24)	Run npm run test:integration	2026-08-23T01:36:31.9012926Z      ^[[32m✓^[[39m rejects non-empty authored motions without deleting their schema tracks^[[32m 2^[[2mms^[[22m^[[39m
integration (node 24)	Run npm run test:integration	2026-08-23T01:36:31.9022920Z      ^[[32m✓^[[39m rejects addMotion with pre-populated tracks instead of dropping them^[[32m 1^[[2mms^[[22m^[[39m
integration (node 24)	Run npm run test:integration	2026-08-23T01:36:31.9787807Z  ^[[32m✓^[[39m packages/core/test/integration/cross-motion.test.ts ^[[2m(^[[22m^[[2m3 tests^[[22m^[[2m)^[[22m^[[32m 14^[[2mms^[[22m^[[39m
integration (node 24)	Run npm run test:integration	2026-08-23T01:36:32.1326911Z  ^[[31m❯^[[39m packages/core/test/integration/issue-114-motion-track-regressions.test.ts ^[[2m(^[[22m^[[2m5 tests^[[22m^[[2m | ^[[22m^[[31m5 failed^[[39m^[[2m)^[[22m^[[32m 13^[[2mms^[[22m^[[39m
integration (node 24)	Run npm run test:integration	2026-08-23T01:36:32.1329814Z ^[[31m     ^[[31m×^[[31m does not drive the disposed Track after direct replacement^[[39m^[[32m 8^[[2mms^[[22m^[[39m
integration (node 24)	Run npm run test:integration	2026-08-23T01:36:32.1331487Z ^[[31m     ^[[31m×^[[31m preserves current progress when replacing^[[39m^[[32m 1^[[2mms^[[22m^[[39m
integration (node 24)	Run npm run test:integration	2026-08-23T01:36:32.1333119Z ^[[31m     ^[[31m×^[[31m preserves the original array index and stagger timing^[[39m^[[32m 1^[[2mms^[[22m^[[39m
integration (node 24)	Run npm run test:integration	2026-08-23T01:36:32.1334697Z ^[[31m     ^[[31m×^[[31m keeps sibling progress healthy after replacement^[[39m^[[32m 1^[[2mms^[[22m^[[39m
integration (node 24)	Run npm run test:integration	2026-08-23T01:36:32.1336184Z ^[[31m     ^[[31m×^[[31m keeps the observation replacement path live^[[39m^[[32m 1^[[2mms^[[22m^[[39m
integration (node 24)	Run npm run test:integration	2026-08-23T01:36:32.1597679Z  ^[[32m✓^[[39m packages/core/test/integration/diagnostics.test.ts ^[[2m(^[[22m^[[2m4 tests^[[22m^[[2m)^[[22m^[[32m 16^[[2mms^[[22m^[[39m
integration (node 24)	Run npm run test:integration	2026-08-23T01:36:32.2519864Z  ^[[31m❯^[[39m packages/core/test/integration/unified-mutation-surface.test.ts ^[[2m(^[[22m^[[2m5 tests^[[22m^[[2m | ^[[22m^[[31m5 failed^[[39m^[[2m)^[[22m^[[32m 17^[[2mms^[[22m^[[39m
integration (node 24)	Run npm run test:integration	2026-08-23T01:36:32.2568282Z ^[[31m     ^[[31m×^[[31m ingests authored tracks into the removable store without auto-mounting^[[39m^[[32m 7^[[2mms^[[22m^[[39m
integration (node 24)	Run npm run test:integration	2026-08-23T01:36:32.2582430Z ^[[31m     ^[[31m×^[[31m returns a capability handle and makes stale ABA handles inert^[[39m^[[32m 6^[[2mms^[[22m^[[39m
integration (node 24)	Run npm run test:integration	2026-08-23T01:36:32.2584261Z ^[[31m     ^[[31m×^[[31m replaces a track non-destructively and preserves subscriber identity^[[39m^[[32m 1^[[2mms^[[22m^[[39m
integration (node 24)	Run npm run test:integration	2026-08-23T01:36:32.2620437Z ^[[31m     ^[[31m×^[[31m reads dependants from the committed graph and rejects source removal^[[39m^[[32m 1^[[2mms^[[22m^[[39m
integration (node 24)	Run npm run test:integration	2026-08-23T01:36:32.2644594Z ^[[31m     ^[[31m×^[[31m treats observation changes as replacement of the observer track^[[39m^[[32m 1^[[2mms^[[22m^[[39m
integration (node 24)	Run npm run test:integration	2026-08-23T01:36:32.3750771Z  ^[[31m❯^[[39m packages/core/test/integration/replace-motion-track.test.ts ^[[2m(^[[22m^[[2m3 tests^[[22m^[[2m | ^[[22m^[[31m3 failed^[[39m^[[2m)^[[22m^[[32m 12^[[2mms^[[22m^[[39m
integration (node 24)	Run npm run test:integration	2026-08-23T01:36:32.3752075Z ^[[31m     ^[[31m×^[[31m re-registers the compiled Track without throwing on the next Motion update^[[39m^[[32m 8^[[2mms^[[22m^[[39m
integration (node 24)	Run npm run test:integration	2026-08-23T01:36:32.3752996Z ^[[31m     ^[[31m×^[[31m preserves the replaced Track index and stagger timing^[[39m^[[32m 1^[[2mms^[[22m^[[39m
integration (node 24)	Run npm run test:integration	2026-08-23T01:36:32.3753839Z ^[[31m     ^[[31m×^[[31m updates a Motion-owned Track through observation mutations^[[39m^[[32m 1^[[2mms^[[22m^[[39m
integration (node 24)	Run npm run test:integration	2026-08-23T01:36:32.4452947Z  ^[[31m❯^[[39m packages/core/test/integration/adopted-track-immutability.test.ts ^[[2m(^[[22m^[[2m4 tests^[[22m^[[2m | ^[[22m^[[31m4 failed^[[39m^[[2m)^[[22m^[[32m 25^[[2mms^[[22m^[[39m
integration (node 24)	Run npm run test:integration	2026-08-23T01:36:32.4454811Z ^[[31m     ^[[31m×^[[31m returns a deeply frozen runtime-owned definition^[[39m^[[32m 15^[[2mms^[[22m^[[39m
integration (node 24)	Run npm run test:integration	2026-08-23T01:36:32.4456522Z ^[[31m     ^[[31m×^[[31m isolates caller mutation from the frozen graph definition^[[39m^[[32m 1^[[2mms^[[22m^[[39m
integration (node 24)	Run npm run test:integration	2026-08-23T01:36:32.4458235Z ^[[31m     ^[[31m×^[[31m uses the authored validation owner for malformed runtime track structure^[[39m^[[32m 6^[[2mms^[[22m^[[39m
integration (node 24)	Run npm run test:integration	2026-08-23T01:36:32.4460599Z ^[[31m     ^[[31m×^[[31m keeps the existing same-source destroy and readopt path working^[[39m^[[32m 1^[[2mms^[[22m^[[39m
integration (node 24)	Run npm run test:integration	2026-08-23T01:36:32.4712309Z  ^[[31m❯^[[39m packages/core/test/integration/keyframe-groups.test.ts ^[[2m(^[[22m^[[2m3 tests^[[22m^[[2m | ^[[22m^[[31m3 failed^[[39m^[[2m)^[[22m^[[32m 14^[[2mms^[[22m^[[39m
integration (node 24)	Run npm run test:integration	2026-08-23T01:36:32.4740688Z ^[[31m     ^[[31m×^[[31m F-10 interpolates grouped leaves without renaming the owning plugin^[[39m^[[32m 10^[[2mms^[[22m^[[39m
integration (node 24)	Run npm run test:integration	2026-08-23T01:36:32.4741997Z ^[[31m     ^[[31m×^[[31m F-11 interpolates a grouped track when the Engine has no plugin registry^[[39m^[[32m 1^[[2mms^[[22m^[[39m
integration (node 24)	Run npm run test:integration	2026-08-23T01:36:32.4743130Z ^[[31m     ^[[31m×^[[31m F-12 publishes identical values for the flat and grouped spellings^[[39m^[[32m 1^[[2mms^[[22m^[[39m
integration (node 24)	Run npm run test:integration	2026-08-23T01:36:32.6231081Z  ^[[31m❯^[[39m packages/core/test/integration/engine-headless.test.ts ^[[2m(^[[22m^[[2m4 tests^[[22m^[[2m | ^[[22m^[[31m4 failed^[[39m^[[2m)^[[22m^[[32m 17^[[2mms^[[22m^[[39m
integration (node 24)	Run npm run test:integration	2026-08-23T01:36:32.6232971Z ^[[31m     ^[[31m×^[[31m publishes a progress change through the public project handle^[[39m^[[32m 11^[[2mms^[[22m^[[39m
integration (node 24)	Run npm run test:integration	2026-08-23T01:36:32.6261148Z ^[[31m     ^[[31m×^[[31m keeps one clock owner while clock progress publishes once^[[39m^[[32m 2^[[2mms^[[22m^[[39m
integration (node 24)	Run npm run test:integration	2026-08-23T01:36:32.6270776Z ^[[31m     ^[[31m×^[[31m still resolves authored-key plugins during progress updates^[[39m^[[32m 1^[[2mms^[[22m^[[39m
integration (node 24)	Run npm run test:integration	2026-08-23T01:36:32.6272867Z ^[[31m     ^[[31m×^[[31m routes a manual trigger through the public handle into a published patch^[[39m^[[32m 1^[[2mms^[[22m^[[39m
integration (node 24)	Run npm run test:integration	2026-08-23T01:36:32.6724668Z  ^[[32m✓^[[39m packages/core/test/integration/publisher-output-merge-consistency.test.ts ^[[2m(^[[22m^[[2m2 tests^[[22m^[[2m)^[[22m^[[32m 7^[[2mms^[[22m^[[39m
integration (node 24)	Run npm run test:integration	2026-08-23T01:36:32.6953672Z  ^[[31m❯^[[39m packages/core/test/integration/internal-key-strip.test.ts ^[[2m(^[[22m^[[2m3 tests^[[22m^[[2m | ^[[22m^[[31m3 failed^[[39m^[[2m)^[[22m^[[32m 17^[[2mms^[[22m^[[39m
integration (node 24)	Run npm run test:integration	2026-08-23T01:36:32.6960656Z ^[[31m     ^[[31m×^[[31m H-1 keeps a namespaced derived key out of every published surface^[[39m^[[32m 12^[[2mms^[[22m^[[39m
integration (node 24)	Run npm run test:integration	2026-08-23T01:36:32.6962435Z ^[[31m     ^[[31m×^[[31m H-2 keeps a declared unprefixed internal key out of the patch^[[39m^[[32m 1^[[2mms^[[22m^[[39m
integration (node 24)	Run npm run test:integration	2026-08-23T01:36:32.6964214Z ^[[31m     ^[[31m×^[[31m H-3 still rejects an underscore key returned from compose^[[39m^[[32m 1^[[2mms^[[22m^[[39m
integration (node 24)	Run npm run test:integration	2026-08-23T01:36:32.8417664Z  ^[[32m✓^[[39m packages/core/test/integration/remount.test.ts ^[[2m(^[[22m^[[2m2 tests^[[22m^[[2m)^[[22m^[[32m 20^[[2mms^[[22m^[[39m
integration (node 24)	Run npm run test:integration	2026-08-23T01:36:32.8986506Z  ^[[32m✓^[[39m packages/core/test/integration/graph-publisher.test.ts ^[[2m(^[[22m^[[2m3 tests^[[22m^[[2m)^[[22m^[[32m 9^[[2mms^[[22m^[[39m
integration (node 24)	Run npm run test:integration	2026-08-23T01:36:32.9487734Z  ^[[31m❯^[[39m packages/core/test/integration/handle-adoption.test.ts ^[[2m(^[[22m^[[2m4 tests^[[22m^[[2m | ^[[22m^[[31m2 failed^[[39m^[[2m)^[[22m^[[32m 34^[[2mms^[[22m^[[39m
integration (node 24)	Run npm run test:integration	2026-08-23T01:36:32.9495979Z      ^[[32m✓^[[39m adopts a free track and publishes a ready patch via seek^[[32m 11^[[2mms^[[22m^[[39m
integration (node 24)	Run npm run test:integration	2026-08-23T01:36:32.9497326Z      ^[[32m✓^[[39m destroyAdopted removes the node from the graph^[[32m 2^[[2mms^[[22m^[[39m
integration (node 24)	Run npm run test:integration	2026-08-23T01:36:32.9499137Z ^[[31m     ^[[31m×^[[31m rejects adoption of a track with malformed keyframes^[[39m^[[32m 9^[[2mms^[[22m^[[39m
integration (node 24)	Run npm run test:integration	2026-08-23T01:36:32.9500784Z ^[[31m     ^[[31m×^[[31m adopts a track into an existing motion and receives motion signals^[[39m^[[32m 9^[[2mms^[[22m^[[39m
integration (node 24)	Run npm run test:integration	2026-08-23T01:36:33.0549406Z  ^[[32m✓^[[39m packages/core/test/integration/project-runtime.test.ts ^[[2m(^[[22m^[[2m4 tests^[[22m^[[2m)^[[22m^[[32m 11^[[2mms^[[22m^[[39m
integration (node 24)	Run npm run test:integration	2026-08-23T01:36:33.1002917Z  ^[[32m✓^[[39m packages/core/test/integration/graph-runtime.test.ts ^[[2m(^[[22m^[[2m4 tests^[[22m^[[2m)^[[22m^[[32m 14^[[2mms^[[22m^[[39m
integration (node 24)	Run npm run test:integration	2026-08-23T01:36:33.1483052Z  ^[[32m✓^[[39m packages/core/test/integration/flush-output-merge.test.ts ^[[2m(^[[22m^[[2m2 tests^[[22m^[[2m)^[[22m^[[32m 6^[[2mms^[[22m^[[39m
integration (node 24)	Run npm run test:integration	2026-08-23T01:36:33.2909851Z  ^[[31m❯^[[39m packages/core/test/integration/engine-load-validation.test.ts ^[[2m(^[[22m^[[2m4 tests^[[22m^[[2m | ^[[22m^[[31m4 failed^[[39m^[[2m)^[[22m^[[32m 18^[[2mms^[[22m^[[39m
integration (node 24)	Run npm run test:integration	2026-08-23T01:36:33.2912037Z ^[[31m     ^[[31m×^[[31m rejects malformed authored stops before constructing a runtime^[[39m^[[32m 11^[[2mms^[[22m^[[39m
integration (node 24)	Run npm run test:integration	2026-08-23T01:36:33.2930717Z ^[[31m     ^[[31m×^[[31m rejects malformed authored stops before any timeline is created^[[39m^[[32m 1^[[2mms^[[22m^[[39m
integration (node 24)	Run npm run test:integration	2026-08-23T01:36:33.2933351Z ^[[31m     ^[[31m×^[[31m resolves authored plugin ownership during load, not on the first seek^[[39m^[[32m 2^[[2mms^[[22m^[[39m
integration (node 24)	Run npm run test:integration	2026-08-23T01:36:33.2935649Z ^[[31m     ^[[31m×^[[31m accepts a valid project and creates its timelines during load^[[39m^[[32m 2^[[2mms^[[22m^[[39m
integration (node 24)	Run npm run test:integration	2026-08-23T01:36:33.3218780Z  ^[[32m✓^[[39m packages/core/test/integration/graph-rollback.test.ts ^[[2m(^[[22m^[[2m4 tests^[[22m^[[2m)^[[22m^[[32m 10^[[2mms^[[22m^[[39m
integration (node 24)	Run npm run test:integration	2026-08-23T01:36:33.3851414Z  ^[[31m❯^[[39m packages/core/test/integration/single-input-channel.test.ts ^[[2m(^[[22m^[[2m1 test^[[22m^[[2m | ^[[22m^[[31m1 failed^[[39m^[[2m)^[[22m^[[32m 12^[[2mms^[[22m^[[39m
integration (node 24)	Run npm run test:integration	2026-08-23T01:36:33.3853824Z ^[[31m     ^[[31m×^[[31m J-8 composes an upstream value without it ever becoming an authored one^[[39m^[[32m 10^[[2mms^[[22m^[[39m
integration (node 24)	Run npm run test:integration	2026-08-23T01:36:33.4935457Z  ^[[32m✓^[[39m packages/core/test/integration/partial-seed-inputs.test.ts ^[[2m(^[[22m^[[2m1 test^[[22m^[[2m)^[[22m^[[32m 6^[[2mms^[[22m^[[39m
integration (node 24)	Run npm run test:integration	2026-08-23T01:36:33.5127682Z  ^[[32m✓^[[39m packages/core/test/integration/dom-patch-apply.test.ts ^[[2m(^[[22m^[[2m2 tests^[[22m^[[2m)^[[22m^[[32m 7^[[2mms^[[22m^[[39m
integration (node 24)	Run npm run test:integration	2026-08-23T01:36:33.6075795Z  ^[[31m❯^[[39m packages/core/test/integration/adopt-destroy-readopt.test.ts ^[[2m(^[[22m^[[2m1 test^[[22m^[[2m | ^[[22m^[[31m1 failed^[[39m^[[2m)^[[22m^[[32m 16^[[2mms^[[22m^[[39m
integration (node 24)	Run npm run test:integration	2026-08-23T01:36:33.6090941Z ^[[31m     ^[[31m×^[[31m tells subscribers the node was destroyed and reaches them again after re-adoption^[[39m^[[32m 14^[[2mms^[[22m^[[39m
integration (node 24)	Run npm run test:integration	2026-08-23T01:36:33.6914795Z  ^[[32m✓^[[39m packages/core/test/integration/motion-trigger-lifecycle.test.ts ^[[2m(^[[22m^[[2m1 test^[[22m^[[2m)^[[22m^[[32m 7^[[2mms^[[22m^[[39m
integration (node 24)	Run npm run test:integration	2026-08-23T01:36:33.8611353Z  ^[[32m✓^[[39m packages/core/test/integration/dom-plugin-metadata.test.ts ^[[2m(^[[22m^[[2m1 test^[[22m^[[2m)^[[22m^[[32m 6^[[2mms^[[22m^[[39m
integration (node 24)	Run npm run test:integration	2026-08-23T01:36:33.8952283Z  ^[[31m❯^[[39m packages/core/test/integration/end-to-end.test.ts ^[[2m(^[[22m^[[2m1 test^[[22m^[[2m | ^[[22m^[[31m1 failed^[[39m^[[2m)^[[22m^[[32m 14^[[2mms^[[22m^[[39m
integration (node 24)	Run npm run test:integration	2026-08-23T01:36:33.8953520Z ^[[31m     ^[[31m×^[[31m writes authored GSAP output through a patch into the DOM adapter^[[39m^[[32m 13^[[2mms^[[22m^[[39m
integration (node 24)	Run npm run test:integration	2026-08-23T01:36:33.9401726Z  ^[[32m✓^[[39m packages/core/test/integration/contract-baseline.test.ts ^[[2m(^[[22m^[[2m5 tests^[[22m^[[2m)^[[22m^[[32m 22^[[2mms^[[22m^[[39m
integration (node 24)	Run npm run test:integration	2026-08-23T01:36:34.0353331Z  ^[[32m✓^[[39m packages/core/test/integration/dom-transform-removal.test.ts ^[[2m(^[[22m^[[2m2 tests^[[22m^[[2m)^[[22m^[[32m 7^[[2mms^[[22m^[[39m
integration (node 24)	Run npm run test:integration	2026-08-23T01:36:34.1334677Z  ^[[32m✓^[[39m packages/core/test/integration/project-handle-surface.test.ts ^[[2m(^[[22m^[[2m1 test^[[22m^[[2m)^[[22m^[[32m 12^[[2mms^[[22m^[[39m
integration (node 24)	Run npm run test:integration	2026-08-23T01:36:34.1423555Z  ^[[32m✓^[[39m packages/core/test/integration/membership-gating.test.ts ^[[2m(^[[22m^[[2m1 test^[[22m^[[2m)^[[22m^[[32m 8^[[2mms^[[22m^[[39m
integration (node 24)	Run npm run test:integration	2026-08-23T01:36:34.2420361Z  ^[[32m✓^[[39m packages/core/test/integration/runtime-motion-trigger-validation.test.ts ^[[2m(^[[22m^[[2m1 test^[[22m^[[2m)^[[22m^[[32m 11^[[2mms^[[22m^[[39m
integration (node 24)	Run npm run test:integration	2026-08-23T01:36:34.3174957Z  ^[[32m✓^[[39m packages/core/test/integration/plugin-use-contract.test.ts ^[[2m(^[[22m^[[2m1 test^[[22m^[[2m)^[[22m^[[32m 6^[[2mms^[[22m^[[39m
integration (node 24)	Run npm run test:integration	2026-08-23T01:36:34.3243524Z  ^[[32m✓^[[39m packages/core/test/integration/golden-roundtrip.test.ts ^[[2m(^[[22m^[[2m1 test^[[22m^[[2m)^[[22m^[[32m 12^[[2mms^[[22m^[[39m
integration (node 24)	Run npm run test:integration	2026-08-23T01:36:34.3275614Z 
integration (node 24)	Run npm run test:integration	2026-08-23T01:36:34.3276362Z ^[[31m⎯⎯⎯⎯⎯⎯^[[39m^[[1m^[[41m Failed Tests 124 ^[[49m^[[22m^[[31m⎯⎯⎯⎯⎯⎯^[[39m
integration (node 24)	Run npm run test:integration	2026-08-23T01:36:34.3276804Z 
integration (node 24)	Run npm run test:integration	2026-08-23T01:36:34.3287634Z ^[[41m^[[1m FAIL ^[[22m^[[49m packages/core/test/integration/adopt-destroy-readopt.test.ts^[[2m > ^[[22madopt -> destroy -> re-adopt lifecycle on the wire (D1)^[[2m > ^[[22mtells subscribers the node was destroyed and reaches them again after re-adoption
integration (node 24)	Run npm run test:integration	2026-08-23T01:36:34.3294298Z ^[[31m^[[1mTypeError^[[22m: property-stops-wrapper at addTrack(arm).keyframes.x: The { stops: [...] } wrapper is retired; author the stops array directly as the value.^[[39m
integration (node 24)	Run npm run test:integration	2026-08-23T01:36:34.3296480Z ^[[36m ^[[2m❯^[[22m ProjectRuntime.#addTrack packages/core/src/runtime/project-runtime.ts:^[[2m281:13^[[22m^[[39m
integration (node 24)	Run npm run test:integration	2026-08-23T01:36:34.3365296Z     ^[[90m279|^[[39m     const validation = validateTrackDefinition(track, `addTrack(${trac…
integration (node 24)	Run npm run test:integration	2026-08-23T01:36:34.3366679Z     ^[[90m280|^[[39m     ^[[35mif^[[39m (^[[33m!^[[39mvalidation^[[33m.^[[39mvalid ^[[33m||^[[39m ^[[33m!^[[39mvalidation^[[33m.^[[39mvalue)
integration (node 24)	Run npm run test:integration	2026-08-23T01:36:34.3368301Z     ^[[90m281|^[[39m       ^[[35mthrow^[[39m ^[[35mnew^[[39m ^[[33mTypeError^[[39m(^[[34mdescribeDiagnostics^[[39m(validation^[[33m.^[[39mdiagnostics))^[[33m;^[[39m
integration (node 24)	Run npm run test:integration	2026-08-23T01:36:34.3369541Z     ^[[90m   |^[[39m             ^[[31m^^[[39m
integration (node 24)	Run npm run test:integration	2026-08-23T01:36:34.3370411Z     ^[[90m282|^[[39m     ^[[35mconst^[[39m accepted ^[[33m=^[[39m validation^[[33m.^[[39mvalue^[[33m;^[[39m
integration (node 24)	Run npm run test:integration	2026-08-23T01:36:34.3371595Z     ^[[90m283|^[[39m     ^[[35mconst^[[39m token ^[[33m=^[[39m ^[[35mthis^[[39m^[[33m.^[[39m#nextToken^[[33m++^[[39m^[[33m;^[[39m
integration (node 24)	Run npm run test:integration	2026-08-23T01:36:34.3373007Z ^[[90m ^[[2m❯^[[22m ProjectRuntime.adopt packages/core/src/runtime/project-runtime.ts:^[[2m247:25^[[22m^[[39m
integration (node 24)	Run npm run test:integration	2026-08-23T01:36:34.3374229Z ^[[90m ^[[2m❯^[[22m Object.adopt packages/core/src/engine.ts:^[[2m86:47^[[22m^[[39m
integration (node 24)	Run npm run test:integration	2026-08-23T01:36:34.3375453Z ^[[90m ^[[2m❯^[[22m packages/core/test/integration/adopt-destroy-readopt.test.ts:^[[2m40:28^[[22m^[[39m
integration (node 24)	Run npm run test:integration	2026-08-23T01:36:34.3376054Z 
integration (node 24)	Run npm run test:integration	2026-08-23T01:36:34.3376453Z ^[[31m^[[2m⎯⎯⎯⎯⎯⎯⎯⎯⎯⎯⎯⎯⎯⎯⎯⎯⎯⎯⎯⎯⎯⎯[1/124]⎯^[[22m^[[39m
integration (node 24)	Run npm run test:integration	2026-08-23T01:36:34.3376787Z 
integration (node 24)	Run npm run test:integration	2026-08-23T01:36:34.3378376Z ^[[41m^[[1m FAIL ^[[22m^[[49m packages/core/test/integration/adopted-track-immutability.test.ts^[[2m > ^[[22madopted track validation and immutability (W3)^[[2m > ^[[22mreturns a deeply frozen runtime-owned definition
integration (node 24)	Run npm run test:integration	2026-08-23T01:36:34.3381057Z ^[[31m^[[1mTypeError^[[22m: property-stops-wrapper at addTrack(arm).keyframes.x: The { stops: [...] } wrapper is retired; author the stops array directly as the value.^[[39m
integration (node 24)	Run npm run test:integration	2026-08-23T01:36:34.3382871Z ^[[36m ^[[2m❯^[[22m ProjectRuntime.#addTrack packages/core/src/runtime/project-runtime.ts:^[[2m281:13^[[22m^[[39m
integration (node 24)	Run npm run test:integration	2026-08-23T01:36:34.3384147Z     ^[[90m279|^[[39m     const validation = validateTrackDefinition(track, `addTrack(${trac…
integration (node 24)	Run npm run test:integration	2026-08-23T01:36:34.3385447Z     ^[[90m280|^[[39m     ^[[35mif^[[39m (^[[33m!^[[39mvalidation^[[33m.^[[39mvalid ^[[33m||^[[39m ^[[33m!^[[39mvalidation^[[33m.^[[39mvalue)
integration (node 24)	Run npm run test:integration	2026-08-23T01:36:34.3399227Z     ^[[90m281|^[[39m       ^[[35mthrow^[[39m ^[[35mnew^[[39m ^[[33mTypeError^[[39m(^[[34mdescribeDiagnostics^[[39m(validation^[[33m.^[[39mdiagnostics))^[[33m;^[[39m
integration (node 24)	Run npm run test:integration	2026-08-23T01:36:34.3400428Z     ^[[90m   |^[[39m             ^[[31m^^[[39m
integration (node 24)	Run npm run test:integration	2026-08-23T01:36:34.3401344Z     ^[[90m282|^[[39m     ^[[35mconst^[[39m accepted ^[[33m=^[[39m validation^[[33m.^[[39mvalue^[[33m;^[[39m
integration (node 24)	Run npm run test:integration	2026-08-23T01:36:34.3402620Z     ^[[90m283|^[[39m     ^[[35mconst^[[39m token ^[[33m=^[[39m ^[[35mthis^[[39m^[[33m.^[[39m#nextToken^[[33m++^[[39m^[[33m;^[[39m
integration (node 24)	Run npm run test:integration	2026-08-23T01:36:34.3404095Z ^[[90m ^[[2m❯^[[22m ProjectRuntime.adopt packages/core/src/runtime/project-runtime.ts:^[[2m247:25^[[22m^[[39m
integration (node 24)	Run npm run test:integration	2026-08-23T01:36:34.3405356Z ^[[90m ^[[2m❯^[[22m Object.adopt packages/core/src/engine.ts:^[[2m86:47^[[22m^[[39m
integration (node 24)	Run npm run test:integration	2026-08-23T01:36:34.3406693Z ^[[90m ^[[2m❯^[[22m packages/core/test/integration/adopted-track-immutability.test.ts:^[[2m33:28^[[22m^[[39m
integration (node 24)	Run npm run test:integration	2026-08-23T01:36:34.3407370Z 
integration (node 24)	Run npm run test:integration	2026-08-23T01:36:34.3407766Z ^[[31m^[[2m⎯⎯⎯⎯⎯⎯⎯⎯⎯⎯⎯⎯⎯⎯⎯⎯⎯⎯⎯⎯⎯⎯[2/124]⎯^[[22m^[[39m
integration (node 24)	Run npm run test:integration	2026-08-23T01:36:34.3408110Z 
integration (node 24)	Run npm run test:integration	2026-08-23T01:36:34.3409947Z ^[[41m^[[1m FAIL ^[[22m^[[49m packages/core/test/integration/adopted-track-immutability.test.ts^[[2m > ^[[22madopted track validation and immutability (W3)^[[2m > ^[[22misolates caller mutation from the frozen graph definition
integration (node 24)	Run npm run test:integration	2026-08-23T01:36:34.3412358Z ^[[31m^[[1mTypeError^[[22m: property-stops-wrapper at addTrack(arm).keyframes.x: The { stops: [...] } wrapper is retired; author the stops array directly as the value.^[[39m
integration (node 24)	Run npm run test:integration	2026-08-23T01:36:34.3414215Z ^[[36m ^[[2m❯^[[22m ProjectRuntime.#addTrack packages/core/src/runtime/project-runtime.ts:^[[2m281:13^[[22m^[[39m
integration (node 24)	Run npm run test:integration	2026-08-23T01:36:34.3415041Z     ^[[90m279|^[[39m     const validation = validateTrackDefinition(track, `addTrack(${trac…
integration (node 24)	Run npm run test:integration	2026-08-23T01:36:34.3415859Z     ^[[90m280|^[[39m     ^[[35mif^[[39m (^[[33m!^[[39mvalidation^[[33m.^[[39mvalid ^[[33m||^[[39m ^[[33m!^[[39mvalidation^[[33m.^[[39mvalue)
integration (node 24)	Run npm run test:integration	2026-08-23T01:36:34.3417179Z     ^[[90m281|^[[39m       ^[[35mthrow^[[39m ^[[35mnew^[[39m ^[[33mTypeError^[[39m(^[[34mdescribeDiagnostics^[[39m(validation^[[33m.^[[39mdiagnostics))^[[33m;^[[39m
integration (node 24)	Run npm run test:integration	2026-08-23T01:36:34.3418003Z     ^[[90m   |^[[39m             ^[[31m^^[[39m
integration (node 24)	Run npm run test:integration	2026-08-23T01:36:34.3418541Z     ^[[90m282|^[[39m     ^[[35mconst^[[39m accepted ^[[33m=^[[39m validation^[[33m.^[[39mvalue^[[33m;^[[39m
integration (node 24)	Run npm run test:integration	2026-08-23T01:36:34.3419711Z     ^[[90m283|^[[39m     ^[[35mconst^[[39m token ^[[33m=^[[39m ^[[35mthis^[[39m^[[33m.^[[39m#nextToken^[[33m++^[[39m^[[33m;^[[39m
integration (node 24)	Run npm run test:integration	2026-08-23T01:36:34.3421009Z ^[[90m ^[[2m❯^[[22m ProjectRuntime.adopt packages/core/src/runtime/project-runtime.ts:^[[2m247:25^[[22m^[[39m
integration (node 24)	Run npm run test:integration	2026-08-23T01:36:34.3421863Z ^[[90m ^[[2m❯^[[22m Object.adopt packages/core/src/engine.ts:^[[2m86:47^[[22m^[[39m
integration (node 24)	Run npm run test:integration	2026-08-23T01:36:34.3422633Z ^[[90m ^[[2m❯^[[22m packages/core/test/integration/adopted-track-immutability.test.ts:^[[2m56:28^[[22m^[[39m
integration (node 24)	Run npm run test:integration	2026-08-23T01:36:34.3423024Z 
integration (node 24)	Run npm run test:integration	2026-08-23T01:36:34.3423271Z ^[[31m^[[2m⎯⎯⎯⎯⎯⎯⎯⎯⎯⎯⎯⎯⎯⎯⎯⎯⎯⎯⎯⎯⎯⎯[3/124]⎯^[[22m^[[39m
integration (node 24)	Run npm run test:integration	2026-08-23T01:36:34.3423480Z 
integration (node 24)	Run npm run test:integration	2026-08-23T01:36:34.3425267Z ^[[41m^[[1m FAIL ^[[22m^[[49m packages/core/test/integration/adopted-track-immutability.test.ts^[[2m > ^[[22madopted track validation and immutability (W3)^[[2m > ^[[22muses the authored validation owner for malformed runtime track structure
integration (node 24)	Run npm run test:integration	2026-08-23T01:36:34.3427734Z ^[[31m^[[1mAssertionError^[[22m: expected [Function] to not throw an error but 'TypeError: property-stops-wrapper at …' was thrown^[[39m
integration (node 24)	Run npm run test:integration	2026-08-23T01:36:34.3429094Z 
integration (node 24)	Run npm run test:integration	2026-08-23T01:36:34.3429334Z ^[[32m- Expected:^[[39m
integration (node 24)	Run npm run test:integration	2026-08-23T01:36:34.3429698Z undefined
integration (node 24)	Run npm run test:integration	2026-08-23T01:36:34.3429873Z 
integration (node 24)	Run npm run test:integration	2026-08-23T01:36:34.3430085Z ^[[31m+ Received:^[[39m
integration (node 24)	Run npm run test:integration	2026-08-23T01:36:34.3431349Z "TypeError: property-stops-wrapper at addTrack(broken).keyframes.x: The { stops: [...] } wrapper is retired; author the stops array directly as the value."
integration (node 24)	Run npm run test:integration	2026-08-23T01:36:34.3432267Z 
integration (node 24)	Run npm run test:integration	2026-08-23T01:36:34.3433084Z ^[[36m ^[[2m❯^[[22m packages/core/test/integration/adopted-track-immutability.test.ts:^[[2m79:91^[[22m^[[39m
integration (node 24)	Run npm run test:integration	2026-08-23T01:36:34.3433932Z     ^[[90m 77|^[[39m
integration (node 24)	Run npm run test:integration	2026-08-23T01:36:34.3434672Z     ^[[90m 78|^[[39m     expect(() => handle.adopt(malformed, owner)).toThrow(/observes-sha…
integration (node 24)	Run npm run test:integration	2026-08-23T01:36:34.3435722Z     ^[[90m 79|^[[39m     expect(() => handle.adopt({ id: "broken", keyframes: { x: ramp(0, …
integration (node 24)	Run npm run test:integration	2026-08-23T01:36:34.3436698Z     ^[[90m   |^[[39m                                                                                           ^[[31m^^[[39m
integration (node 24)	Run npm run test:integration	2026-08-23T01:36:34.3437123Z     ^[[90m 80|^[[39m
integration (node 24)	Run npm run test:integration	2026-08-23T01:36:34.3437524Z     ^[[90m 81|^[[39m     handle^[[33m.^[[39m^[[34mdispose^[[39m()^[[33m;^[[39m
integration (node 24)	Run npm run test:integration	2026-08-23T01:36:34.3437784Z 
integration (node 24)	Run npm run test:integration	2026-08-23T01:36:34.3438027Z ^[[31m^[[2m⎯⎯⎯⎯⎯⎯⎯⎯⎯⎯⎯⎯⎯⎯⎯⎯⎯⎯⎯⎯⎯⎯[4/124]⎯^[[22m^[[39m
integration (node 24)	Run npm run test:integration	2026-08-23T01:36:34.3438377Z 
integration (node 24)	Run npm run test:integration	2026-08-23T01:36:34.3440424Z ^[[41m^[[1m FAIL ^[[22m^[[49m packages/core/test/integration/adopted-track-immutability.test.ts^[[2m > ^[[22madopted track validation and immutability (W3)^[[2m > ^[[22mkeeps the existing same-source destroy and readopt path working
integration (node 24)	Run npm run test:integration	2026-08-23T01:36:34.3443104Z ^[[31m^[[1mTypeError^[[22m: property-stops-wrapper at addTrack(arm).keyframes.x: The { stops: [...] } wrapper is retired; author the stops array directly as the value.^[[39m
integration (node 24)	Run npm run test:integration	2026-08-23T01:36:34.3444987Z ^[[36m ^[[2m❯^[[22m ProjectRuntime.#addTrack packages/core/src/runtime/project-runtime.ts:^[[2m281:13^[[22m^[[39m
integration (node 24)	Run npm run test:integration	2026-08-23T01:36:34.3446292Z     ^[[90m279|^[[39m     const validation = validateTrackDefinition(track, `addTrack(${trac…
integration (node 24)	Run npm run test:integration	2026-08-23T01:36:34.3447636Z     ^[[90m280|^[[39m     ^[[35mif^[[39m (^[[33m!^[[39mvalidation^[[33m.^[[39mvalid ^[[33m||^[[39m ^[[33m!^[[39mvalidation^[[33m.^[[39mvalue)
integration (node 24)	Run npm run test:integration	2026-08-23T01:36:34.3449734Z     ^[[90m281|^[[39m       ^[[35mthrow^[[39m ^[[35mnew^[[39m ^[[33mTypeError^[[39m(^[[34mdescribeDiagnostics^[[39m(validation^[[33m.^[[39mdiagnostics))^[[33m;^[[39m
integration (node 24)	Run npm run test:integration	2026-08-23T01:36:34.3450898Z     ^[[90m   |^[[39m             ^[[31m^^[[39m
integration (node 24)	Run npm run test:integration	2026-08-23T01:36:34.3451803Z     ^[[90m282|^[[39m     ^[[35mconst^[[39m accepted ^[[33m=^[[39m validation^[[33m.^[[39mvalue^[[33m;^[[39m
integration (node 24)	Run npm run test:integration	2026-08-23T01:36:34.3453393Z     ^[[90m283|^[[39m     ^[[35mconst^[[39m token ^[[33m=^[[39m ^[[35mthis^[[39m^[[33m.^[[39m#nextToken^[[33m++^[[39m^[[33m;^[[39m
integration (node 24)	Run npm run test:integration	2026-08-23T01:36:34.3455182Z ^[[90m ^[[2m❯^[[22m ProjectRuntime.adopt packages/core/src/runtime/project-runtime.ts:^[[2m247:25^[[22m^[[39m
integration (node 24)	Run npm run test:integration	2026-08-23T01:36:34.3456434Z ^[[90m ^[[2m❯^[[22m Object.adopt packages/core/src/engine.ts:^[[2m86:47^[[22m^[[39m
integration (node 24)	Run npm run test:integration	2026-08-23T01:36:34.3457757Z ^[[90m ^[[2m❯^[[22m packages/core/test/integration/adopted-track-immutability.test.ts:^[[2m89:26^[[22m^[[39m
integration (node 24)	Run npm run test:integration	2026-08-23T01:36:34.3458450Z 
integration (node 24)	Run npm run test:integration	2026-08-23T01:36:34.3458854Z ^[[31m^[[2m⎯⎯⎯⎯⎯⎯⎯⎯⎯⎯⎯⎯⎯⎯⎯⎯⎯⎯⎯⎯⎯⎯[5/124]⎯^[[22m^[[39m
integration (node 24)	Run npm run test:integration	2026-08-23T01:36:34.3459444Z 
integration (node 24)	Run npm run test:integration	2026-08-23T01:36:34.3460851Z ^[[41m^[[1m FAIL ^[[22m^[[49m packages/core/test/integration/adoption.test.ts^[[2m > ^[[22mP5-02 adopted free tracks^[[2m > ^[[22mrejects adopted tracks with non-finite stop positions
integration (node 24)	Run npm run test:integration	2026-08-23T01:36:34.3497840Z ^[[31m^[[1mAssertionError^[[22m: expected [Function] to throw error matching /stop-position/ but got 'property-stops-wrapper at addTrack(ba…'^[[39m
integration (node 24)	Run npm run test:integration	2026-08-23T01:36:34.3499375Z 
integration (node 24)	Run npm run test:integration	2026-08-23T01:36:34.3499728Z ^[[32m- Expected:^[[39m
integration (node 24)	Run npm run test:integration	2026-08-23T01:36:34.3500143Z /stop-position/
integration (node 24)	Run npm run test:integration	2026-08-23T01:36:34.3500394Z 
integration (node 24)	Run npm run test:integration	2026-08-23T01:36:34.3500629Z ^[[31m+ Received:^[[39m
integration (node 24)	Run npm run test:integration	2026-08-23T01:36:34.3501865Z "property-stops-wrapper at addTrack(bad).keyframes.x: The { stops: [...] } wrapper is retired; author the stops array directly as the value."
integration (node 24)	Run npm run test:integration	2026-08-23T01:36:34.3502753Z 
integration (node 24)	Run npm run test:integration	2026-08-23T01:36:34.3503448Z ^[[36m ^[[2m❯^[[22m packages/core/test/integration/adoption.test.ts:^[[2m79:7^[[22m^[[39m
integration (node 24)	Run npm run test:integration	2026-08-23T01:36:34.3504390Z     ^[[90m 77|^[[39m     ^[[34mexpect^[[39m(() ^[[33m=>^[[39m
integration (node 24)	Run npm run test:integration	2026-08-23T01:36:34.3505312Z     ^[[90m 78|^[[39m       runtime.adopt({ id: "bad", keyframes: { x: { stops: [{ p: Number…
integration (node 24)	Run npm run test:integration	2026-08-23T01:36:34.3506394Z     ^[[90m 79|^[[39m     )^[[33m.^[[39m^[[34mtoThrow^[[39m(^[[36m/stop-position/^[[39m)^[[33m;^[[39m
integration (node 24)	Run npm run test:integration	2026-08-23T01:36:34.3507294Z     ^[[90m   |^[[39m       ^[[31m^^[[39m
integration (node 24)	Run npm run test:integration	2026-08-23T01:36:34.3507982Z     ^[[90m 80|^[[39m     runtime^[[33m.^[[39m^[[34mdispose^[[39m()^[[33m;^[[39m
integration (node 24)	Run npm run test:integration	2026-08-23T01:36:34.3508662Z     ^[[90m 81|^[[39m   })^[[33m;^[[39m
integration (node 24)	Run npm run test:integration	2026-08-23T01:36:34.3509139Z 
integration (node 24)	Run npm run test:integration	2026-08-23T01:36:34.3509541Z ^[[31m^[[2m⎯⎯⎯⎯⎯⎯⎯⎯⎯⎯⎯⎯⎯⎯⎯⎯⎯⎯⎯⎯⎯⎯[6/124]⎯^[[22m^[[39m
integration (node 24)	Run npm run test:integration	2026-08-23T01:36:34.3509903Z 
integration (node 24)	Run npm run test:integration	2026-08-23T01:36:34.3511325Z ^[[41m^[[1m FAIL ^[[22m^[[49m packages/core/test/integration/adoption.test.ts^[[2m > ^[[22mP5-02 adopted free tracks^[[2m > ^[[22mrejects adopted tracks with non-monotonic stop positions
integration (node 24)	Run npm run test:integration	2026-08-23T01:36:34.3513597Z ^[[31m^[[1mAssertionError^[[22m: expected [Function] to throw error matching /stop-position/ but got 'property-stops-wrapper at addTrack(ba…'^[[39m
integration (node 24)	Run npm run test:integration	2026-08-23T01:36:34.3514483Z 
integration (node 24)	Run npm run test:integration	2026-08-23T01:36:34.3514725Z ^[[32m- Expected:^[[39m
integration (node 24)	Run npm run test:integration	2026-08-23T01:36:34.3515116Z /stop-position/
integration (node 24)	Run npm run test:integration	2026-08-23T01:36:34.3515333Z 
integration (node 24)	Run npm run test:integration	2026-08-23T01:36:34.3515557Z ^[[31m+ Received:^[[39m
integration (node 24)	Run npm run test:integration	2026-08-23T01:36:34.3516832Z "property-stops-wrapper at addTrack(bad).keyframes.x: The { stops: [...] } wrapper is retired; author the stops array directly as the value."
integration (node 24)	Run npm run test:integration	2026-08-23T01:36:34.3517688Z 
integration (node 24)	Run npm run test:integration	2026-08-23T01:36:34.3518361Z ^[[36m ^[[2m❯^[[22m packages/core/test/integration/adoption.test.ts:^[[2m100:7^[[22m^[[39m
integration (node 24)	Run npm run test:integration	2026-08-23T01:36:34.3519686Z     ^[[90m 98|^[[39m         {}^[[33m,^[[39m
integration (node 24)	Run npm run test:integration	2026-08-23T01:36:34.3520260Z     ^[[90m 99|^[[39m       )^[[33m,^[[39m
integration (node 24)	Run npm run test:integration	2026-08-23T01:36:34.3521077Z     ^[[90m100|^[[39m     )^[[33m.^[[39m^[[34mtoThrow^[[39m(^[[36m/stop-position/^[[39m)^[[33m;^[[39m
integration (node 24)	Run npm run test:integration	2026-08-23T01:36:34.3521827Z     ^[[90m   |^[[39m       ^[[31m^^[[39m
integration (node 24)	Run npm run test:integration	2026-08-23T01:36:34.3522523Z     ^[[90m101|^[[39m     runtime^[[33m.^[[39m^[[34mdispose^[[39m()^[[33m;^[[39m
integration (node 24)	Run npm run test:integration	2026-08-23T01:36:34.3523181Z     ^[[90m102|^[[39m   })^[[33m;^[[39m
integration (node 24)	Run npm run test:integration	2026-08-23T01:36:34.3523457Z 
integration (node 24)	Run npm run test:integration	2026-08-23T01:36:34.3523855Z ^[[31m^[[2m⎯⎯⎯⎯⎯⎯⎯⎯⎯⎯⎯⎯⎯⎯⎯⎯⎯⎯⎯⎯⎯⎯[7/124]⎯^[[22m^[[39m
integration (node 24)	Run npm run test:integration	2026-08-23T01:36:34.3524207Z 
integration (node 24)	Run npm run test:integration	2026-08-23T01:36:34.3525594Z ^[[41m^[[1m FAIL ^[[22m^[[49m packages/core/test/integration/adoption.test.ts^[[2m > ^[[22mP5-02 adopted free tracks^[[2m > ^[[22mrejects adopted tracks with duplicate stop positions
integration (node 24)	Run npm run test:integration	2026-08-23T01:36:34.3527830Z ^[[31m^[[1mAssertionError^[[22m: expected [Function] to throw error matching /stop-position/ but got 'property-stops-wrapper at addTrack(ba…'^[[39m
integration (node 24)	Run npm run test:integration	2026-08-23T01:36:34.3529294Z 
integration (node 24)	Run npm run test:integration	2026-08-23T01:36:34.3529559Z ^[[32m- Expected:^[[39m
integration (node 24)	Run npm run test:integration	2026-08-23T01:36:34.3530148Z /stop-position/
integration (node 24)	Run npm run test:integration	2026-08-23T01:36:34.3530371Z 
integration (node 24)	Run npm run test:integration	2026-08-23T01:36:34.3530612Z ^[[31m+ Received:^[[39m
integration (node 24)	Run npm run test:integration	2026-08-23T01:36:34.3531821Z "property-stops-wrapper at addTrack(bad).keyframes.x: The { stops: [...] } wrapper is retired; author the stops array directly as the value."
integration (node 24)	Run npm run test:integration	2026-08-23T01:36:34.3532711Z 
integration (node 24)	Run npm run test:integration	2026-08-23T01:36:34.3533424Z ^[[36m ^[[2m❯^[[22m packages/core/test/integration/adoption.test.ts:^[[2m121:7^[[22m^[[39m
integration (node 24)	Run npm run test:integration	2026-08-23T01:36:34.3534276Z     ^[[90m119|^[[39m         {}^[[33m,^[[39m
integration (node 24)	Run npm run test:integration	2026-08-23T01:36:34.3534834Z     ^[[90m120|^[[39m       )^[[33m,^[[39m
integration (node 24)	Run npm run test:integration	2026-08-23T01:36:34.3535658Z     ^[[90m121|^[[39m     )^[[33m.^[[39m^[[34mtoThrow^[[39m(^[[36m/stop-position/^[[39m)^[[33m;^[[39m
integration (node 24)	Run npm run test:integration	2026-08-23T01:36:34.3536440Z     ^[[90m   |^[[39m       ^[[31m^^[[39m
integration (node 24)	Run npm run test:integration	2026-08-23T01:36:34.3537162Z     ^[[90m122|^[[39m     runtime^[[33m.^[[39m^[[34mdispose^[[39m()^[[33m;^[[39m
integration (node 24)	Run npm run test:integration	2026-08-23T01:36:34.3537859Z     ^[[90m123|^[[39m   })^[[33m;^[[39m
integration (node 24)	Run npm run test:integration	2026-08-23T01:36:34.3538149Z 
integration (node 24)	Run npm run test:integration	2026-08-23T01:36:34.3538547Z ^[[31m^[[2m⎯⎯⎯⎯⎯⎯⎯⎯⎯⎯⎯⎯⎯⎯⎯⎯⎯⎯⎯⎯⎯⎯[8/124]⎯^[[22m^[[39m
integration (node 24)	Run npm run test:integration	2026-08-23T01:36:34.3538890Z 
integration (node 24)	Run npm run test:integration	2026-08-23T01:36:34.3541068Z ^[[41m^[[1m FAIL ^[[22m^[[49m packages/core/test/integration/bare-authored-leaf.test.ts^[[2m > ^[[22mthe bare authored leaf^[[2m > ^[[22mLF-10 closes the static domain instead of leaving it open
integration (node 24)	Run npm run test:integration	2026-08-23T01:36:34.3543157Z ^[[31m^[[1mAssertionError^[[22m: expected [ 'keyframes-missing-values-section' ] to deeply equal [ 'stops-shape' ]^[[39m
integration (node 24)	Run npm run test:integration	2026-08-23T01:36:34.3543927Z 
integration (node 24)	Run npm run test:integration	2026-08-23T01:36:34.3544184Z ^[[32m- Expected^[[39m
integration (node 24)	Run npm run test:integration	2026-08-23T01:36:34.3544626Z ^[[31m+ Received^[[39m
integration (node 24)	Run npm run test:integration	2026-08-23T01:36:34.3544848Z 
integration (node 24)	Run npm run test:integration	2026-08-23T01:36:34.3545029Z ^[[2m  [^[[22m
integration (node 24)	Run npm run test:integration	2026-08-23T01:36:34.3545467Z ^[[32m-   "stops-shape",^[[39m
integration (node 24)	Run npm run test:integration	2026-08-23T01:36:34.3546128Z ^[[31m+   "keyframes-missing-values-section",^[[39m
integration (node 24)	Run npm run test:integration	2026-08-23T01:36:34.3546677Z ^[[2m  ]^[[22m
integration (node 24)	Run npm run test:integration	2026-08-23T01:36:34.3546883Z 
integration (node 24)	Run npm run test:integration	2026-08-23T01:36:34.3547671Z ^[[36m ^[[2m❯^[[22m packages/core/test/integration/bare-authored-leaf.test.ts:^[[2m260:41^[[22m^[[39m
integration (node 24)	Run npm run test:integration	2026-08-23T01:36:34.3549180Z     ^[[90m258|^[[39m     expect(ruleIds({ x: Number.POSITIVE_INFINITY })).toEqual(["stops-s…
integration (node 24)	Run npm run test:integration	2026-08-23T01:36:34.3550814Z     ^[[90m259|^[[39m     ^[[34mexpect^[[39m(^[[34mruleIds^[[39m({ x^[[33m:^[[39m () ^[[33m=>^[[39m ^[[34m1^[[39m }))^[[33m.^[[39m^[[34mtoEqual^[[39m([^[[32m"stops-shape"^[[39m])^[[33m;^[[39m
integration (node 24)	Run npm run test:integration	2026-08-23T01:36:34.3552712Z     ^[[90m260|^[[39m     ^[[34mexpect^[[39m(^[[34mruleIds^[[39m({ x^[[33m:^[[39m { hold^[[33m:^[[39m ^[[34m1^[[39m } }))^[[33m.^[[39m^[[34mtoEqual^[[39m([^[[32m"stops-shape"^[[39m])^[[33m;^[[39m
integration (node 24)	Run npm run test:integration	2026-08-23T01:36:34.3553988Z     ^[[90m   |^[[39m                                         ^[[31m^^[[39m
integration (node 24)	Run npm run test:integration	2026-08-23T01:36:34.3554907Z     ^[[90m261|^[[39m     // The shape error cites the property the author wrote, not a `.st…
integration (node 24)	Run npm run test:integration	2026-08-23T01:36:34.3555827Z     ^[[90m262|^[[39m     ^[[90m// exists anywhere in the document.^[[39m
integration (node 24)	Run npm run test:integration	2026-08-23T01:36:34.3556256Z 
integration (node 24)	Run npm run test:integration	2026-08-23T01:36:34.3556630Z ^[[31m^[[2m⎯⎯⎯⎯⎯⎯⎯⎯⎯⎯⎯⎯⎯⎯⎯⎯⎯⎯⎯⎯⎯⎯[9/124]⎯^[[22m^[[39m
integration (node 24)	Run npm run test:integration	2026-08-23T01:36:34.3556964Z 
integration (node 24)	Run npm run test:integration	2026-08-23T01:36:34.3558451Z ^[[41m^[[1m FAIL ^[[22m^[[49m packages/core/test/integration/bare-authored-leaf.test.ts^[[2m > ^[[22mthe bare authored leaf^[[2m > ^[[22mLF-16 leaves no authored schema in the repository on the retired form
integration (node 24)	Run npm run test:integration	2026-08-23T01:36:34.3560338Z ^[[31m^[[1mAssertionError^[[22m: expected [ …(58) ] to deeply equal []^[[39m
integration (node 24)	Run npm run test:integration	2026-08-23T01:36:34.3560813Z 
integration (node 24)	Run npm run test:integration	2026-08-23T01:36:34.3561031Z ^[[32m- Expected^[[39m
integration (node 24)	Run npm run test:integration	2026-08-23T01:36:34.3561439Z ^[[31m+ Received^[[39m
integration (node 24)	Run npm run test:integration	2026-08-23T01:36:34.3561651Z 
integration (node 24)	Run npm run test:integration	2026-08-23T01:36:34.3561823Z ^[[32m- []^[[39m
integration (node 24)	Run npm run test:integration	2026-08-23T01:36:34.3562169Z ^[[31m+ [^[[39m
integration (node 24)	Run npm run test:integration	2026-08-23T01:36:34.3562791Z ^[[31m+   "packages/core/src/contract/authored-leaf.ts",^[[39m
integration (node 24)	Run npm run test:integration	2026-08-23T01:36:34.3563522Z ^[[31m+   "packages/core/src/contract/v5.ts",^[[39m
integration (node 24)	Run npm run test:integration	2026-08-23T01:36:34.3564287Z ^[[31m+   "packages/core/src/contract/validate-v5.ts",^[[39m
integration (node 24)	Run npm run test:integration	2026-08-23T01:36:34.3565095Z ^[[31m+   "packages/core/test/contract/adapters.test.ts",^[[39m
integration (node 24)	Run npm run test:integration	2026-08-23T01:36:34.3566071Z ^[[31m+   "packages/core/test/contract/graph-builder-incremental.test.ts",^[[39m
integration (node 24)	Run npm run test:integration	2026-08-23T01:36:34.3567379Z ^[[31m+   "packages/core/test/contract/gsap-absolute-stops.test.ts",^[[39m
integration (node 24)	Run npm run test:integration	2026-08-23T01:36:34.3568404Z ^[[31m+   "packages/core/test/contract/gsap-authored-duration.test.ts",^[[39m
integration (node 24)	Run npm run test:integration	2026-08-23T01:36:34.3569690Z ^[[31m+   "packages/core/test/contract/gsap-equivalence.test.ts",^[[39m
integration (node 24)	Run npm run test:integration	2026-08-23T01:36:34.3570630Z ^[[31m+   "packages/core/test/contract/gsap-multi-stop.test.ts",^[[39m
integration (node 24)	Run npm run test:integration	2026-08-23T01:36:34.3571541Z ^[[31m+   "packages/core/test/contract/gsap-one-tween.test.ts",^[[39m
integration (node 24)	Run npm run test:integration	2026-08-23T01:36:34.3572507Z ^[[31m+   "packages/core/test/contract/gsap-paused-timeline.test.ts",^[[39m
integration (node 24)	Run npm run test:integration	2026-08-23T01:36:34.3573555Z ^[[31m+   "packages/core/test/contract/gsap-sparse-percent-map.test.ts",^[[39m
integration (node 24)	Run npm run test:integration	2026-08-23T01:36:34.3574462Z ^[[31m+   "packages/core/test/contract/ports.test.ts",^[[39m
integration (node 24)	Run npm run test:integration	2026-08-23T01:36:34.3575374Z ^[[31m+   "packages/core/test/contract/s4-validation-owner.test.ts",^[[39m
integration (node 24)	Run npm run test:integration	2026-08-23T01:36:34.3576313Z ^[[31m+   "packages/core/test/contract/v5-validator.test.ts",^[[39m
integration (node 24)	Run npm run test:integration	2026-08-23T01:36:34.3577230Z ^[[31m+   "packages/core/test/contract/validation-owner.test.ts",^[[39m
integration (node 24)	Run npm run test:integration	2026-08-23T01:36:34.3578234Z ^[[31m+   "packages/core/test/integration/adopt-destroy-readopt.test.ts",^[[39m
integration (node 24)	Run npm run test:integration	2026-08-23T01:36:34.3579524Z ^[[31m+   "packages/core/test/integration/adopted-track-immutability.test.ts",^[[39m
integration (node 24)	Run npm run test:integration	2026-08-23T01:36:34.3580527Z ^[[31m+   "packages/core/test/integration/adoption.test.ts",^[[39m
integration (node 24)	Run npm run test:integration	2026-08-23T01:36:34.3581510Z ^[[31m+   "packages/core/test/integration/end-to-end.test.ts",^[[39m
integration (node 24)	Run npm run test:integration	2026-08-23T01:36:34.3582345Z ^[[31m+   "packages/core/test/integration/engine-headless.test.ts",^[[39m
integration (node 24)	Run npm run test:integration	2026-08-23T01:36:34.3583144Z ^[[31m+   "packages/core/test/integration/engine-load-validation.test.ts",^[[39m
integration (node 24)	Run npm run test:integration	2026-08-23T01:36:34.3583782Z ^[[31m+   "packages/core/test/integration/engine-x3-contribution.test.ts",^[[39m
integration (node 24)	Run npm run test:integration	2026-08-23T01:36:34.3584589Z ^[[31m+   "packages/core/test/integration/handle-adoption.test.ts",^[[39m
integration (node 24)	Run npm run test:integration	2026-08-23T01:36:34.3585592Z ^[[31m+   "packages/core/test/integration/internal-key-strip.test.ts",^[[39m
integration (node 24)	Run npm run test:integration	2026-08-23T01:36:34.3586749Z ^[[31m+   "packages/core/test/integration/issue-114-motion-track-regressions.test.ts",^[[39m
integration (node 24)	Run npm run test:integration	2026-08-23T01:36:34.3587496Z ^[[31m+   "packages/core/test/integration/keyframe-groups.test.ts",^[[39m
integration (node 24)	Run npm run test:integration	2026-08-23T01:36:34.3588571Z ^[[31m+   "packages/core/test/integration/motion-trigger-types.test.ts",^[[39m
integration (node 24)	Run npm run test:integration	2026-08-23T01:36:34.3589643Z ^[[31m+   "packages/core/test/integration/mutation-transactionality.test.ts",^[[39m
integration (node 24)	Run npm run test:integration	2026-08-23T01:36:34.3590306Z ^[[31m+   "packages/core/test/integration/observation-identity.test.ts",^[[39m
integration (node 24)	Run npm run test:integration	2026-08-23T01:36:34.3591233Z ^[[31m+   "packages/core/test/integration/option-c-track-resolution.test.ts",^[[39m
integration (node 24)	Run npm run test:integration	2026-08-23T01:36:34.3592445Z ^[[31m+   "packages/core/test/integration/per-plugin-key-ownership.test.ts",^[[39m
integration (node 24)	Run npm run test:integration	2026-08-23T01:36:34.3593563Z ^[[31m+   "packages/core/test/integration/phase0-red-baseline.test.ts",^[[39m
integration (node 24)	Run npm run test:integration	2026-08-23T01:36:34.3594686Z ^[[31m+   "packages/core/test/integration/phase2-motion-scheduling.test.ts",^[[39m
integration (node 24)	Run npm run test:integration	2026-08-23T01:36:34.3595778Z ^[[31m+   "packages/core/test/integration/phase3-trigger-port.test.ts",^[[39m
integration (node 24)	Run npm run test:integration	2026-08-23T01:36:34.3596895Z ^[[31m+   "packages/core/test/integration/phase4-dynamic-lifecycle.test.ts",^[[39m
integration (node 24)	Run npm run test:integration	2026-08-23T01:36:34.3597994Z ^[[31m+   "packages/core/test/integration/phase7-walker-demo.test.ts",^[[39m
integration (node 24)	Run npm run test:integration	2026-08-23T01:36:34.3599480Z ^[[31m+   "packages/core/test/integration/plugin-group-values-section.test.ts",^[[39m
integration (node 24)	Run npm run test:integration	2026-08-23T01:36:34.3600730Z ^[[31m+   "packages/core/test/integration/plugin-owned-requirements.test.ts",^[[39m
integration (node 24)	Run npm run test:integration	2026-08-23T01:36:34.3601894Z ^[[31m+   "packages/core/test/integration/replace-motion-track.test.ts",^[[39m
integration (node 24)	Run npm run test:integration	2026-08-23T01:36:34.3603164Z ^[[31m+   "packages/core/test/integration/replace-track-transactionality.test.ts",^[[39m
integration (node 24)	Run npm run test:integration	2026-08-23T01:36:34.3604298Z ^[[31m+   "packages/core/test/integration/runtime-motion-lifecycle.test.ts",^[[39m
integration (node 24)	Run npm run test:integration	2026-08-23T01:36:34.3605014Z ^[[31m+   "packages/core/test/integration/single-input-channel.test.ts",^[[39m
integration (node 24)	Run npm run test:integration	2026-08-23T01:36:34.3605700Z ^[[31m+   "packages/core/test/integration/t4-runtime-motion-parity.test.ts",^[[39m
integration (node 24)	Run npm run test:integration	2026-08-23T01:36:34.3606985Z ^[[31m+   "packages/core/test/integration/trigger-scroll.test.ts",^[[39m
integration (node 24)	Run npm run test:integration	2026-08-23T01:36:34.3607779Z ^[[31m+   "packages/core/test/integration/trigger-time-loop.test.ts",^[[39m
integration (node 24)	Run npm run test:integration	2026-08-23T01:36:34.3608497Z ^[[31m+   "packages/core/test/integration/trigger-time.test.ts",^[[39m
integration (node 24)	Run npm run test:integration	2026-08-23T01:36:34.3609448Z ^[[31m+   "packages/core/test/integration/unified-mutation-surface.test.ts",^[[39m
integration (node 24)	Run npm run test:integration	2026-08-23T01:36:34.3610660Z ^[[31m+   "packages/core/test/unit/domain/plugin-contribution-completeness.test.ts",^[[39m
integration (node 24)	Run npm run test:integration	2026-08-23T01:36:34.3611778Z ^[[31m+   "packages/core/test/unit/domain/plugin-contribution-contract.test.ts",^[[39m
integration (node 24)	Run npm run test:integration	2026-08-23T01:36:34.3612608Z ^[[31m+   "packages/core/test/unit/domain/plugin-requirements.test.ts",^[[39m
integration (node 24)	Run npm run test:integration	2026-08-23T01:36:34.3613177Z ^[[31m+   "packages/core/test/unit/domain/plugins.test.ts",^[[39m
integration (node 24)	Run npm run test:integration	2026-08-23T01:36:34.3613757Z ^[[31m+   "packages/core/test/unit/domain/s7-plugin-evidence.test.ts",^[[39m
integration (node 24)	Run npm run test:integration	2026-08-23T01:36:34.3614354Z ^[[31m+   "packages/core/test/unit/graph/incremental-cache.test.ts",^[[39m
integration (node 24)	Run npm run test:integration	2026-08-23T01:36:34.3615009Z ^[[31m+   "packages/core/test/unit/graph/requirement-edge-construction.test.ts",^[[39m
integration (node 24)	Run npm run test:integration	2026-08-23T01:36:34.3615662Z ^[[31m+   "packages/core/test/unit/graph/single-input-channel.test.ts",^[[39m
integration (node 24)	Run npm run test:integration	2026-08-23T01:36:34.3616346Z ^[[31m+   "packages/core/test/unit/runtime/composition-output-shape.test.ts",^[[39m
integration (node 24)	Run npm run test:integration	2026-08-23T01:36:34.3616936Z ^[[31m+   "packages/react/test/public-hook-render.test.ts",^[[39m
integration (node 24)	Run npm run test:integration	2026-08-23T01:36:34.3617300Z ^[[31m+ ]^[[39m
integration (node 24)	Run npm run test:integration	2026-08-23T01:36:34.3617452Z 
integration (node 24)	Run npm run test:integration	2026-08-23T01:36:34.3617908Z ^[[36m ^[[2m❯^[[22m packages/core/test/integration/bare-authored-leaf.test.ts:^[[2m344:30^[[22m^[[39m
integration (node 24)	Run npm run test:integration	2026-08-23T01:36:34.3618705Z     ^[[90m342|^[[39m     // be red for a fixture that authors the retired form, but a fixtu…
integration (node 24)	Run npm run test:integration	2026-08-23T01:36:34.3619978Z     ^[[90m343|^[[39m     // and that is the one that reads as an accepted second shape late…
integration (node 24)	Run npm run test:integration	2026-08-23T01:36:34.3620832Z     ^[[90m344|^[[39m     ^[[34mexpect^[[39m(offenders^[[33m.^[[39m^[[34msort^[[39m())^[[33m.^[[39m^[[34mtoEqual^[[39m([])^[[33m;^[[39m
integration (node 24)	Run npm run test:integration	2026-08-23T01:36:34.3621636Z     ^[[90m   |^[[39m                              ^[[31m^^[[39m
integration (node 24)	Run npm run test:integration	2026-08-23T01:36:34.3622178Z     ^[[90m345|^[[39m   })^[[33m;^[[39m
integration (node 24)	Run npm run test:integration	2026-08-23T01:36:34.3622517Z     ^[[90m346|^[[39m })^[[33m;^[[39m
integration (node 24)	Run npm run test:integration	2026-08-23T01:36:34.3622677Z 
integration (node 24)	Run npm run test:integration	2026-08-23T01:36:34.3622926Z ^[[31m^[[2m⎯⎯⎯⎯⎯⎯⎯⎯⎯⎯⎯⎯⎯⎯⎯⎯⎯⎯⎯⎯⎯[10/124]⎯^[[22m^[[39m
integration (node 24)	Run npm run test:integration	2026-08-23T01:36:34.3623133Z 
integration (node 24)	Run npm run test:integration	2026-08-23T01:36:34.3624536Z ^[[41m^[[1m FAIL ^[[22m^[[49m packages/core/test/integration/end-to-end.test.ts^[[2m > ^[[22mreal end-to-end product path (E2)^[[2m > ^[[22mwrites authored GSAP output through a patch into the DOM adapter
integration (node 24)	Run npm run test:integration	2026-08-23T01:36:34.3626284Z ^[[31m^[[1mTypeError^[[22m: property-stops-wrapper at motions[0].tracks[0].keyframes.opacity: The { stops: [...] } wrapper is retired; author the stops array directly as the value.^[[39m
integration (node 24)	Run npm run test:integration	2026-08-23T01:36:34.3627814Z ^[[36m ^[[2m❯^[[22m assertValidProject packages/core/src/engine.ts:^[[2m101:11^[[22m^[[39m
integration (node 24)	Run npm run test:integration	2026-08-23T01:36:34.3628633Z     ^[[90m 99|^[[39m   ^[[35mconst^[[39m result ^[[33m=^[[39m ^[[34mvalidateV5^[[39m(project)^[[33m;^[[39m
integration (node 24)	Run npm run test:integration	2026-08-23T01:36:34.3629768Z     ^[[90m100|^[[39m   ^[[35mif^[[39m (^[[33m!^[[39mresult^[[33m.^[[39mvalid ^[[33m||^[[39m result^[[33m.^[[39mvalue ^[[33m===^[[39m ^[[35mnull^[[39m)
integration (node 24)	Run npm run test:integration	2026-08-23T01:36:34.3630740Z     ^[[90m101|^[[39m     ^[[35mthrow^[[39m ^[[35mnew^[[39m ^[[33mTypeError^[[39m(
integration (node 24)	Run npm run test:integration	2026-08-23T01:36:34.3631358Z     ^[[90m   |^[[39m           ^[[31m^^[[39m
integration (node 24)	Run npm run test:integration	2026-08-23T01:36:34.3631888Z     ^[[90m102|^[[39m       result^[[33m.^[[39mdiagnostics^[[33m.^[[39mlength ^[[33m===^[[39m ^[[34m0^[[39m
integration (node 24)	Run npm run test:integration	2026-08-23T01:36:34.3632595Z     ^[[90m103|^[[39m         ^[[33m?^[[39m ^[[32m"Project failed v5 validation."^[[39m
integration (node 24)	Run npm run test:integration	2026-08-23T01:36:34.3633508Z ^[[90m ^[[2m❯^[[22m Engine.load packages/core/src/engine.ts:^[[2m170:29^[[22m^[[39m
integration (node 24)	Run npm run test:integration	2026-08-23T01:36:34.3634372Z ^[[90m ^[[2m❯^[[22m packages/core/test/integration/end-to-end.test.ts:^[[2m45:8^[[22m^[[39m
integration (node 24)	Run npm run test:integration	2026-08-23T01:36:34.3634695Z 
integration (node 24)	Run npm run test:integration	2026-08-23T01:36:34.3634931Z ^[[31m^[[2m⎯⎯⎯⎯⎯⎯⎯⎯⎯⎯⎯⎯⎯⎯⎯⎯⎯⎯⎯⎯⎯[11/124]⎯^[[22m^[[39m
integration (node 24)	Run npm run test:integration	2026-08-23T01:36:34.3635205Z 
integration (node 24)	Run npm run test:integration	2026-08-23T01:36:34.3636377Z ^[[41m^[[1m FAIL ^[[22m^[[49m packages/core/test/integration/engine-headless.test.ts^[[2m > ^[[22mEngine^[[2m > ^[[22mpublishes a progress change through the public project handle
integration (node 24)	Run npm run test:integration	2026-08-23T01:36:34.3638763Z ^[[31m^[[1mTypeError^[[22m: property-stops-wrapper at motions[0].tracks[0].keyframes.opacity: The { stops: [...] } wrapper is retired; author the stops array directly as the value.^[[39m
integration (node 24)	Run npm run test:integration	2026-08-23T01:36:34.3640526Z ^[[36m ^[[2m❯^[[22m assertValidProject packages/core/src/engine.ts:^[[2m101:11^[[22m^[[39m
integration (node 24)	Run npm run test:integration	2026-08-23T01:36:34.3641652Z     ^[[90m 99|^[[39m   ^[[35mconst^[[39m result ^[[33m=^[[39m ^[[34mvalidateV5^[[39m(project)^[[33m;^[[39m
integration (node 24)	Run npm run test:integration	2026-08-23T01:36:34.3642958Z     ^[[90m100|^[[39m   ^[[35mif^[[39m (^[[33m!^[[39mresult^[[33m.^[[39mvalid ^[[33m||^[[39m result^[[33m.^[[39mvalue ^[[33m===^[[39m ^[[35mnull^[[39m)
integration (node 24)	Run npm run test:integration	2026-08-23T01:36:34.3643894Z     ^[[90m101|^[[39m     ^[[35mthrow^[[39m ^[[35mnew^[[39m ^[[33mTypeError^[[39m(
integration (node 24)	Run npm run test:integration	2026-08-23T01:36:34.3644501Z     ^[[90m   |^[[39m           ^[[31m^^[[39m
integration (node 24)	Run npm run test:integration	2026-08-23T01:36:34.3645209Z     ^[[90m102|^[[39m       result^[[33m.^[[39mdiagnostics^[[33m.^[[39mlength ^[[33m===^[[39m ^[[34m0^[[39m
integration (node 24)	Run npm run test:integration	2026-08-23T01:36:34.3645843Z     ^[[90m103|^[[39m         ^[[33m?^[[39m ^[[32m"Project failed v5 validation."^[[39m
integration (node 24)	Run npm run test:integration	2026-08-23T01:36:34.3646703Z ^[[90m ^[[2m❯^[[22m Engine.load packages/core/src/engine.ts:^[[2m170:29^[[22m^[[39m
integration (node 24)	Run npm run test:integration	2026-08-23T01:36:34.3647670Z ^[[90m ^[[2m❯^[[22m packages/core/test/integration/engine-headless.test.ts:^[[2m38:8^[[22m^[[39m
integration (node 24)	Run npm run test:integration	2026-08-23T01:36:34.3648140Z 
integration (node 24)	Run npm run test:integration	2026-08-23T01:36:34.3648385Z ^[[31m^[[2m⎯⎯⎯⎯⎯⎯⎯⎯⎯⎯⎯⎯⎯⎯⎯⎯⎯⎯⎯⎯⎯[12/124]⎯^[[22m^[[39m
integration (node 24)	Run npm run test:integration	2026-08-23T01:36:34.3648599Z 
integration (node 24)	Run npm run test:integration	2026-08-23T01:36:34.3649872Z ^[[41m^[[1m FAIL ^[[22m^[[49m packages/core/test/integration/engine-headless.test.ts^[[2m > ^[[22mEngine^[[2m > ^[[22mkeeps one clock owner while clock progress publishes once
integration (node 24)	Run npm run test:integration	2026-08-23T01:36:34.3651611Z ^[[31m^[[1mTypeError^[[22m: property-stops-wrapper at motions[0].tracks[0].keyframes.opacity: The { stops: [...] } wrapper is retired; author the stops array directly as the value.^[[39m
integration (node 24)	Run npm run test:integration	2026-08-23T01:36:34.3653020Z ^[[36m ^[[2m❯^[[22m assertValidProject packages/core/src/engine.ts:^[[2m101:11^[[22m^[[39m
integration (node 24)	Run npm run test:integration	2026-08-23T01:36:34.3653942Z     ^[[90m 99|^[[39m   ^[[35mconst^[[39m result ^[[33m=^[[39m ^[[34mvalidateV5^[[39m(project)^[[33m;^[[39m
integration (node 24)	Run npm run test:integration	2026-08-23T01:36:34.3654773Z     ^[[90m100|^[[39m   ^[[35mif^[[39m (^[[33m!^[[39mresult^[[33m.^[[39mvalid ^[[33m||^[[39m result^[[33m.^[[39mvalue ^[[33m===^[[39m ^[[35mnull^[[39m)
integration (node 24)	Run npm run test:integration	2026-08-23T01:36:34.3655447Z     ^[[90m101|^[[39m     ^[[35mthrow^[[39m ^[[35mnew^[[39m ^[[33mTypeError^[[39m(
integration (node 24)	Run npm run test:integration	2026-08-23T01:36:34.3655868Z     ^[[90m   |^[[39m           ^[[31m^^[[39m
integration (node 24)	Run npm run test:integration	2026-08-23T01:36:34.3656386Z     ^[[90m102|^[[39m       result^[[33m.^[[39mdiagnostics^[[33m.^[[39mlength ^[[33m===^[[39m ^[[34m0^[[39m
integration (node 24)	Run npm run test:integration	2026-08-23T01:36:34.3656973Z     ^[[90m103|^[[39m         ^[[33m?^[[39m ^[[32m"Project failed v5 validation."^[[39m
integration (node 24)	Run npm run test:integration	2026-08-23T01:36:34.3657589Z ^[[90m ^[[2m❯^[[22m Engine.load packages/core/src/engine.ts:^[[2m170:29^[[22m^[[39m
integration (node 24)	Run npm run test:integration	2026-08-23T01:36:34.3658275Z ^[[90m ^[[2m❯^[[22m packages/core/test/integration/engine-headless.test.ts:^[[2m60:8^[[22m^[[39m
integration (node 24)	Run npm run test:integration	2026-08-23T01:36:34.3658614Z 
integration (node 24)	Run npm run test:integration	2026-08-23T01:36:34.3658845Z ^[[31m^[[2m⎯⎯⎯⎯⎯⎯⎯⎯⎯⎯⎯⎯⎯⎯⎯⎯⎯⎯⎯⎯⎯[13/124]⎯^[[22m^[[39m
integration (node 24)	Run npm run test:integration	2026-08-23T01:36:34.3659197Z 
integration (node 24)	Run npm run test:integration	2026-08-23T01:36:34.3659962Z ^[[41m^[[1m FAIL ^[[22m^[[49m packages/core/test/integration/engine-headless.test.ts^[[2m > ^[[22mEngine^[[2m > ^[[22mstill resolves authored-key plugins during progress updates
integration (node 24)	Run npm run test:integration	2026-08-23T01:36:34.3661706Z ^[[31m^[[1mTypeError^[[22m: property-stops-wrapper at motions[0].tracks[0].keyframes.opacity: The { stops: [...] } wrapper is retired; author the stops array directly as the value.^[[39m
integration (node 24)	Run npm run test:integration	2026-08-23T01:36:34.3663129Z ^[[36m ^[[2m❯^[[22m assertValidProject packages/core/src/engine.ts:^[[2m101:11^[[22m^[[39m
integration (node 24)	Run npm run test:integration	2026-08-23T01:36:34.3663808Z     ^[[90m 99|^[[39m   ^[[35mconst^[[39m result ^[[33m=^[[39m ^[[34mvalidateV5^[[39m(project)^[[33m;^[[39m
integration (node 24)	Run npm run test:integration	2026-08-23T01:36:34.3664978Z     ^[[90m100|^[[39m   ^[[35mif^[[39m (^[[33m!^[[39mresult^[[33m.^[[39mvalid ^[[33m||^[[39m result^[[33m.^[[39mvalue ^[[33m===^[[39m ^[[35mnull^[[39m)
integration (node 24)	Run npm run test:integration	2026-08-23T01:36:34.3666023Z     ^[[90m101|^[[39m     ^[[35mthrow^[[39m ^[[35mnew^[[39m ^[[33mTypeError^[[39m(
integration (node 24)	Run npm run test:integration	2026-08-23T01:36:34.3666447Z     ^[[90m   |^[[39m           ^[[31m^^[[39m
integration (node 24)	Run npm run test:integration	2026-08-23T01:36:34.3667190Z     ^[[90m102|^[[39m       result^[[33m.^[[39mdiagnostics^[[33m.^[[39mlength ^[[33m===^[[39m ^[[34m0^[[39m
integration (node 24)	Run npm run test:integration	2026-08-23T01:36:34.3668154Z     ^[[90m103|^[[39m         ^[[33m?^[[39m ^[[32m"Project failed v5 validation."^[[39m
integration (node 24)	Run npm run test:integration	2026-08-23T01:36:34.3669140Z ^[[90m ^[[2m❯^[[22m Engine.load packages/core/src/engine.ts:^[[2m170:29^[[22m^[[39m
integration (node 24)	Run npm run test:integration	2026-08-23T01:36:34.3669837Z ^[[90m ^[[2m❯^[[22m packages/core/test/integration/engine-headless.test.ts:^[[2m79:8^[[22m^[[39m
integration (node 24)	Run npm run test:integration	2026-08-23T01:36:34.3670426Z 
integration (node 24)	Run npm run test:integration	2026-08-23T01:36:34.3670791Z ^[[31m^[[2m⎯⎯⎯⎯⎯⎯⎯⎯⎯⎯⎯⎯⎯⎯⎯⎯⎯⎯⎯⎯⎯[14/124]⎯^[[22m^[[39m
integration (node 24)	Run npm run test:integration	2026-08-23T01:36:34.3671102Z 
integration (node 24)	Run npm run test:integration	2026-08-23T01:36:34.3672472Z ^[[41m^[[1m FAIL ^[[22m^[[49m packages/core/test/integration/engine-headless.test.ts^[[2m > ^[[22mEngine^[[2m > ^[[22mroutes a manual trigger through the public handle into a published patch
integration (node 24)	Run npm run test:integration	2026-08-23T01:36:34.3674452Z ^[[31m^[[1mTypeError^[[22m: property-stops-wrapper at motions[0].tracks[0].keyframes.opacity: The { stops: [...] } wrapper is retired; author the stops array directly as the value.^[[39m
integration (node 24)	Run npm run test:integration	2026-08-23T01:36:34.3675539Z ^[[36m ^[[2m❯^[[22m assertValidProject packages/core/src/engine.ts:^[[2m101:11^[[22m^[[39m
integration (node 24)	Run npm run test:integration	2026-08-23T01:36:34.3676664Z     ^[[90m 99|^[[39m   ^[[35mconst^[[39m result ^[[33m=^[[39m ^[[34mvalidateV5^[[39m(project)^[[33m;^[[39m
integration (node 24)	Run npm run test:integration	2026-08-23T01:36:34.3677552Z     ^[[90m100|^[[39m   ^[[35mif^[[39m (^[[33m!^[[39mresult^[[33m.^[[39mvalid ^[[33m||^[[39m result^[[33m.^[[39mvalue ^[[33m===^[[39m ^[[35mnull^[[39m)
integration (node 24)	Run npm run test:integration	2026-08-23T01:36:34.3678399Z     ^[[90m101|^[[39m     ^[[35mthrow^[[39m ^[[35mnew^[[39m ^[[33mTypeError^[[39m(
integration (node 24)	Run npm run test:integration	2026-08-23T01:36:34.3679091Z     ^[[90m   |^[[39m           ^[[31m^^[[39m
integration (node 24)	Run npm run test:integration	2026-08-23T01:36:34.3679804Z     ^[[90m102|^[[39m       result^[[33m.^[[39mdiagnostics^[[33m.^[[39mlength ^[[33m===^[[39m ^[[34m0^[[39m
integration (node 24)	Run npm run test:integration	2026-08-23T01:36:34.3680407Z     ^[[90m103|^[[39m         ^[[33m?^[[39m ^[[32m"Project failed v5 validation."^[[39m
integration (node 24)	Run npm run test:integration	2026-08-23T01:36:34.3681172Z ^[[90m ^[[2m❯^[[22m Engine.load packages/core/src/engine.ts:^[[2m170:29^[[22m^[[39m
integration (node 24)	Run npm run test:integration	2026-08-23T01:36:34.3682318Z ^[[90m ^[[2m❯^[[22m packages/core/test/integration/engine-headless.test.ts:^[[2m94:8^[[22m^[[39m
integration (node 24)	Run npm run test:integration	2026-08-23T01:36:34.3682915Z 
integration (node 24)	Run npm run test:integration	2026-08-23T01:36:34.3683322Z ^[[31m^[[2m⎯⎯⎯⎯⎯⎯⎯⎯⎯⎯⎯⎯⎯⎯⎯⎯⎯⎯⎯⎯⎯[15/124]⎯^[[22m^[[39m
integration (node 24)	Run npm run test:integration	2026-08-23T01:36:34.3683674Z 
integration (node 24)	Run npm run test:integration	2026-08-23T01:36:34.3685481Z ^[[41m^[[1m FAIL ^[[22m^[[49m packages/core/test/integration/engine-load-validation.test.ts^[[2m > ^[[22mEngine product-load validation (X-1 follow-up)^[[2m > ^[[22mrejects malformed authored stops before constructing a runtime
integration (node 24)	Run npm run test:integration	2026-08-23T01:36:34.3688043Z ^[[31m^[[1mAssertionError^[[22m: expected [Function] to throw error matching /stop-position/ but got 'property-stops-wrapper at motions[0].…'^[[39m
integration (node 24)	Run npm run test:integration	2026-08-23T01:36:34.3689185Z 
integration (node 24)	Run npm run test:integration	2026-08-23T01:36:34.3689455Z ^[[32m- Expected:^[[39m
integration (node 24)	Run npm run test:integration	2026-08-23T01:36:34.3689847Z /stop-position/
integration (node 24)	Run npm run test:integration	2026-08-23T01:36:34.3690053Z 
integration (node 24)	Run npm run test:integration	2026-08-23T01:36:34.3690274Z ^[[31m+ Received:^[[39m
integration (node 24)	Run npm run test:integration	2026-08-23T01:36:34.3691552Z "property-stops-wrapper at motions[0].tracks[0].keyframes.opacity: The { stops: [...] } wrapper is retired; author the stops array directly as the value."
integration (node 24)	Run npm run test:integration	2026-08-23T01:36:34.3692513Z 
integration (node 24)	Run npm run test:integration	2026-08-23T01:36:34.3693665Z ^[[36m ^[[2m❯^[[22m packages/core/test/integration/engine-load-validation.test.ts:^[[2m31:49^[[22m^[[39m
integration (node 24)	Run npm run test:integration	2026-08-23T01:36:34.3694608Z     ^[[90m 29|^[[39m     const invalid = projectWith({ opacity: { stops: [{ p: Number.NaN, …
integration (node 24)	Run npm run test:integration	2026-08-23T01:36:34.3695230Z     ^[[90m 30|^[[39m
integration (node 24)	Run npm run test:integration	2026-08-23T01:36:34.3695696Z     ^[[90m 31|^[[39m     expect(() => engine.load(invalid as never)).toThrow(/stop-position…
integration (node 24)	Run npm run test:integration	2026-08-23T01:36:34.3696261Z     ^[[90m   |^[[39m                                                 ^[[31m^^[[39m
integration (node 24)	Run npm run test:integration	2026-08-23T01:36:34.3696923Z     ^[[90m 32|^[[39m     ^[[34mexpect^[[39m(create)^[[33m.^[[39mnot^[[33m.^[[39m^[[34mtoHaveBeenCalled^[[39m()^[[33m;^[[39m
integration (node 24)	Run npm run test:integration	2026-08-23T01:36:34.3697460Z     ^[[90m 33|^[[39m   })^[[33m;^[[39m
integration (node 24)	Run npm run test:integration	2026-08-23T01:36:34.3697642Z 
integration (node 24)	Run npm run test:integration	2026-08-23T01:36:34.3697884Z ^[[31m^[[2m⎯⎯⎯⎯⎯⎯⎯⎯⎯⎯⎯⎯⎯⎯⎯⎯⎯⎯⎯⎯⎯[16/124]⎯^[[22m^[[39m
integration (node 24)	Run npm run test:integration	2026-08-23T01:36:34.3698099Z 
integration (node 24)	Run npm run test:integration	2026-08-23T01:36:34.3699420Z ^[[41m^[[1m FAIL ^[[22m^[[49m packages/core/test/integration/engine-load-validation.test.ts^[[2m > ^[[22mEngine product-load validation (X-1 follow-up)^[[2m > ^[[22mrejects malformed authored stops before any timeline is created
integration (node 24)	Run npm run test:integration	2026-08-23T01:36:34.3700891Z ^[[31m^[[1mAssertionError^[[22m: expected [Function] to throw error matching /stop-position-order/ but got 'property-stops-wrapper at motions[0].…'^[[39m
integration (node 24)	Run npm run test:integration	2026-08-23T01:36:34.3701445Z 
integration (node 24)	Run npm run test:integration	2026-08-23T01:36:34.3701585Z ^[[32m- Expected:^[[39m
integration (node 24)	Run npm run test:integration	2026-08-23T01:36:34.3701854Z /stop-position-order/
integration (node 24)	Run npm run test:integration	2026-08-23T01:36:34.3702001Z 
integration (node 24)	Run npm run test:integration	2026-08-23T01:36:34.3702144Z ^[[31m+ Received:^[[39m
integration (node 24)	Run npm run test:integration	2026-08-23T01:36:34.3702897Z "property-stops-wrapper at motions[0].tracks[0].keyframes.opacity: The { stops: [...] } wrapper is retired; author the stops array directly as the value."
integration (node 24)	Run npm run test:integration	2026-08-23T01:36:34.3703428Z 
integration (node 24)	Run npm run test:integration	2026-08-23T01:36:34.3703894Z ^[[36m ^[[2m❯^[[22m packages/core/test/integration/engine-load-validation.test.ts:^[[2m48:49^[[22m^[[39m
integration (node 24)	Run npm run test:integration	2026-08-23T01:36:34.3704422Z     ^[[90m 46|^[[39m     })^[[33m;^[[39m
integration (node 24)	Run npm run test:integration	2026-08-23T01:36:34.3704725Z     ^[[90m 47|^[[39m
integration (node 24)	Run npm run test:integration	2026-08-23T01:36:34.3705192Z     ^[[90m 48|^[[39m     expect(() => engine.load(invalid as never)).toThrow(/stop-position…
integration (node 24)	Run npm run test:integration	2026-08-23T01:36:34.3705771Z     ^[[90m   |^[[39m                                                 ^[[31m^^[[39m
integration (node 24)	Run npm run test:integration	2026-08-23T01:36:34.3706420Z     ^[[90m 49|^[[39m     ^[[34mexpect^[[39m(create)^[[33m.^[[39mnot^[[33m.^[[39m^[[34mtoHaveBeenCalled^[[39m()^[[33m;^[[39m
integration (node 24)	Run npm run test:integration	2026-08-23T01:36:34.3706927Z     ^[[90m 50|^[[39m   })^[[33m;^[[39m
integration (node 24)	Run npm run test:integration	2026-08-23T01:36:34.3707098Z 
integration (node 24)	Run npm run test:integration	2026-08-23T01:36:34.3707328Z ^[[31m^[[2m⎯⎯⎯⎯⎯⎯⎯⎯⎯⎯⎯⎯⎯⎯⎯⎯⎯⎯⎯⎯⎯[17/124]⎯^[[22m^[[39m
integration (node 24)	Run npm run test:integration	2026-08-23T01:36:34.3707535Z 
integration (node 24)	Run npm run test:integration	2026-08-23T01:36:34.3708592Z ^[[41m^[[1m FAIL ^[[22m^[[49m packages/core/test/integration/engine-load-validation.test.ts^[[2m > ^[[22mEngine product-load validation (X-1 follow-up)^[[2m > ^[[22mresolves authored plugin ownership during load, not on the first seek
integration (node 24)	Run npm run test:integration	2026-08-23T01:36:34.3710288Z ^[[31m^[[1mAssertionError^[[22m: expected [Function] to throw error matching /plugin-unknown-key/ but got 'property-stops-wrapper at motions[0].…'^[[39m
integration (node 24)	Run npm run test:integration	2026-08-23T01:36:34.3710831Z 
integration (node 24)	Run npm run test:integration	2026-08-23T01:36:34.3710973Z ^[[32m- Expected:^[[39m
integration (node 24)	Run npm run test:integration	2026-08-23T01:36:34.3711238Z /plugin-unknown-key/
integration (node 24)	Run npm run test:integration	2026-08-23T01:36:34.3711389Z 
integration (node 24)	Run npm run test:integration	2026-08-23T01:36:34.3711519Z ^[[31m+ Received:^[[39m
integration (node 24)	Run npm run test:integration	2026-08-23T01:36:34.3712601Z "property-stops-wrapper at motions[0].tracks[0].keyframes.unknown: The { stops: [...] } wrapper is retired; author the stops array directly as the value."
integration (node 24)	Run npm run test:integration	2026-08-23T01:36:34.3713504Z 
integration (node 24)	Run npm run test:integration	2026-08-23T01:36:34.3713989Z ^[[36m ^[[2m❯^[[22m packages/core/test/integration/engine-load-validation.test.ts:^[[2m65:7^[[22m^[[39m
integration (node 24)	Run npm run test:integration	2026-08-23T01:36:34.3714571Z     ^[[90m 63|^[[39m     ^[[34mexpect^[[39m(() ^[[33m=>^[[39m
integration (node 24)	Run npm run test:integration	2026-08-23T01:36:34.3715433Z     ^[[90m 64|^[[39m       engine.load(projectWith({ unknown: { stops: [{ p: 0, v: 0 }] } }…
integration (node 24)	Run npm run test:integration	2026-08-23T01:36:34.3716564Z     ^[[90m 65|^[[39m     )^[[33m.^[[39m^[[34mtoThrow^[[39m(^[[36m/plugin-unknown-key/^[[39m)^[[33m;^[[39m
integration (node 24)	Run npm run test:integration	2026-08-23T01:36:34.3717350Z     ^[[90m   |^[[39m       ^[[31m^^[[39m
integration (node 24)	Run npm run test:integration	2026-08-23T01:36:34.3718077Z     ^[[90m 66|^[[39m     ^[[34mexpect^[[39m(create)^[[33m.^[[39mnot^[[33m.^[[39m^[[34mtoHaveBeenCalled^[[39m()^[[33m;^[[39m
integration (node 24)	Run npm run test:integration	2026-08-23T01:36:34.3719092Z     ^[[90m 67|^[[39m   })^[[33m;^[[39m
integration (node 24)	Run npm run test:integration	2026-08-23T01:36:34.3719470Z 
integration (node 24)	Run npm run test:integration	2026-08-23T01:36:34.3719813Z ^[[31m^[[2m⎯⎯⎯⎯⎯⎯⎯⎯⎯⎯⎯⎯⎯⎯⎯⎯⎯⎯⎯⎯⎯[18/124]⎯^[[22m^[[39m
integration (node 24)	Run npm run test:integration	2026-08-23T01:36:34.3720195Z 
integration (node 24)	Run npm run test:integration	2026-08-23T01:36:34.3721222Z ^[[41m^[[1m FAIL ^[[22m^[[49m packages/core/test/integration/engine-load-validation.test.ts^[[2m > ^[[22mEngine product-load validation (X-1 follow-up)^[[2m > ^[[22maccepts a valid project and creates its timelines during load
integration (node 24)	Run npm run test:integration	2026-08-23T01:36:34.3723877Z ^[[31m^[[1mTypeError^[[22m: property-stops-wrapper at motions[0].tracks[0].keyframes.opacity: The { stops: [...] } wrapper is retired; author the stops array directly as the value.^[[39m
integration (node 24)	Run npm run test:integration	2026-08-23T01:36:34.3725289Z ^[[36m ^[[2m❯^[[22m assertValidProject packages/core/src/engine.ts:^[[2m101:11^[[22m^[[39m
integration (node 24)	Run npm run test:integration	2026-08-23T01:36:34.3726119Z     ^[[90m 99|^[[39m   ^[[35mconst^[[39m result ^[[33m=^[[39m ^[[34mvalidateV5^[[39m(project)^[[33m;^[[39m
integration (node 24)	Run npm run test:integration	2026-08-23T01:36:34.3726926Z     ^[[90m100|^[[39m   ^[[35mif^[[39m (^[[33m!^[[39mresult^[[33m.^[[39mvalid ^[[33m||^[[39m result^[[33m.^[[39mvalue ^[[33m===^[[39m ^[[35mnull^[[39m)
integration (node 24)	Run npm run test:integration	2026-08-23T01:36:34.3727927Z     ^[[90m101|^[[39m     ^[[35mthrow^[[39m ^[[35mnew^[[39m ^[[33mTypeError^[[39m(
integration (node 24)	Run npm run test:integration	2026-08-23T01:36:34.3728582Z     ^[[90m   |^[[39m           ^[[31m^^[[39m
integration (node 24)	Run npm run test:integration	2026-08-23T01:36:34.3729547Z     ^[[90m102|^[[39m       result^[[33m.^[[39mdiagnostics^[[33m.^[[39mlength ^[[33m===^[[39m ^[[34m0^[[39m
integration (node 24)	Run npm run test:integration	2026-08-23T01:36:34.3730333Z     ^[[90m103|^[[39m         ^[[33m?^[[39m ^[[32m"Project failed v5 validation."^[[39m
integration (node 24)	Run npm run test:integration	2026-08-23T01:36:34.3731325Z ^[[90m ^[[2m❯^[[22m Engine.load packages/core/src/engine.ts:^[[2m170:29^[[22m^[[39m
integration (node 24)	Run npm run test:integration	2026-08-23T01:36:34.3732248Z ^[[90m ^[[2m❯^[[22m packages/core/test/integration/engine-load-validation.test.ts:^[[2m74:28^[[22m^[[39m
integration (node 24)	Run npm run test:integration	2026-08-23T01:36:34.3732615Z 
integration (node 24)	Run npm run test:integration	2026-08-23T01:36:34.3732863Z ^[[31m^[[2m⎯⎯⎯⎯⎯⎯⎯⎯⎯⎯⎯⎯⎯⎯⎯⎯⎯⎯⎯⎯⎯[19/124]⎯^[[22m^[[39m
integration (node 24)	Run npm run test:integration	2026-08-23T01:36:34.3733067Z 
integration (node 24)	Run npm run test:integration	2026-08-23T01:36:34.3734637Z ^[[41m^[[1m FAIL ^[[22m^[[49m packages/core/test/integration/engine-x3-contribution.test.ts^[[2m > ^[[22mX-3 contribution through the product load path^[[2m > ^[[22mpasses contribution context and creates the prepared timeline at load
integration (node 24)	Run npm run test:integration	2026-08-23T01:36:34.3736555Z ^[[31m^[[1mTypeError^[[22m: property-stops-wrapper at motions[0].tracks[0].keyframes.x: The { stops: [...] } wrapper is retired; author the stops array directly as the value.^[[39m
integration (node 24)	Run npm run test:integration	2026-08-23T01:36:34.3737731Z ^[[36m ^[[2m❯^[[22m assertValidProject packages/core/src/engine.ts:^[[2m101:11^[[22m^[[39m
integration (node 24)	Run npm run test:integration	2026-08-23T01:36:34.3738692Z     ^[[90m 99|^[[39m   ^[[35mconst^[[39m result ^[[33m=^[[39m ^[[34mvalidateV5^[[39m(project)^[[33m;^[[39m
integration (node 24)	Run npm run test:integration	2026-08-23T01:36:34.3739867Z     ^[[90m100|^[[39m   ^[[35mif^[[39m (^[[33m!^[[39mresult^[[33m.^[[39mvalid ^[[33m||^[[39m result^[[33m.^[[39mvalue ^[[33m===^[[39m ^[[35mnull^[[39m)
integration (node 24)	Run npm run test:integration	2026-08-23T01:36:34.3740540Z     ^[[90m101|^[[39m     ^[[35mthrow^[[39m ^[[35mnew^[[39m ^[[33mTypeError^[[39m(
integration (node 24)	Run npm run test:integration	2026-08-23T01:36:34.3741160Z     ^[[90m   |^[[39m           ^[[31m^^[[39m
integration (node 24)	Run npm run test:integration	2026-08-23T01:36:34.3741795Z     ^[[90m102|^[[39m       result^[[33m.^[[39mdiagnostics^[[33m.^[[39mlength ^[[33m===^[[39m ^[[34m0^[[39m
integration (node 24)	Run npm run test:integration	2026-08-23T01:36:34.3742539Z     ^[[90m103|^[[39m         ^[[33m?^[[39m ^[[32m"Project failed v5 validation."^[[39m
integration (node 24)	Run npm run test:integration	2026-08-23T01:36:34.3743168Z ^[[90m ^[[2m❯^[[22m Engine.load packages/core/src/engine.ts:^[[2m170:29^[[22m^[[39m
integration (node 24)	Run npm run test:integration	2026-08-23T01:36:34.3744253Z ^[[90m ^[[2m❯^[[22m packages/core/test/integration/engine-x3-contribution.test.ts:^[[2m38:83^[[22m^[[39m
integration (node 24)	Run npm run test:integration	2026-08-23T01:36:34.3744830Z 
integration (node 24)	Run npm run test:integration	2026-08-23T01:36:34.3745067Z ^[[31m^[[2m⎯⎯⎯⎯⎯⎯⎯⎯⎯⎯⎯⎯⎯⎯⎯⎯⎯⎯⎯⎯⎯[20/124]⎯^[[22m^[[39m
integration (node 24)	Run npm run test:integration	2026-08-23T01:36:34.3745275Z 
integration (node 24)	Run npm run test:integration	2026-08-23T01:36:34.3746238Z ^[[41m^[[1m FAIL ^[[22m^[[49m packages/core/test/integration/engine-x3-contribution.test.ts^[[2m > ^[[22mX-3 contribution through the product load path^[[2m > ^[[22mselects one predicate contributor through Engine.load
integration (node 24)	Run npm run test:integration	2026-08-23T01:36:34.3747729Z ^[[31m^[[1mTypeError^[[22m: property-stops-wrapper at motions[0].tracks[0].keyframes.x: The { stops: [...] } wrapper is retired; author the stops array directly as the value.^[[39m
integration (node 24)	Run npm run test:integration	2026-08-23T01:36:34.3748681Z ^[[36m ^[[2m❯^[[22m assertValidProject packages/core/src/engine.ts:^[[2m101:11^[[22m^[[39m
integration (node 24)	Run npm run test:integration	2026-08-23T01:36:34.3749519Z     ^[[90m 99|^[[39m   ^[[35mconst^[[39m result ^[[33m=^[[39m ^[[34mvalidateV5^[[39m(project)^[[33m;^[[39m
integration (node 24)	Run npm run test:integration	2026-08-23T01:36:34.3750500Z     ^[[90m100|^[[39m   ^[[35mif^[[39m (^[[33m!^[[39mresult^[[33m.^[[39mvalid ^[[33m||^[[39m result^[[33m.^[[39mvalue ^[[33m===^[[39m ^[[35mnull^[[39m)
integration (node 24)	Run npm run test:integration	2026-08-23T01:36:34.3751305Z     ^[[90m101|^[[39m     ^[[35mthrow^[[39m ^[[35mnew^[[39m ^[[33mTypeError^[[39m(
integration (node 24)	Run npm run test:integration	2026-08-23T01:36:34.3751732Z     ^[[90m   |^[[39m           ^[[31m^^[[39m
integration (node 24)	Run npm run test:integration	2026-08-23T01:36:34.3752249Z     ^[[90m102|^[[39m       result^[[33m.^[[39mdiagnostics^[[33m.^[[39mlength ^[[33m===^[[39m ^[[34m0^[[39m
integration (node 24)	Run npm run test:integration	2026-08-23T01:36:34.3752857Z     ^[[90m103|^[[39m         ^[[33m?^[[39m ^[[32m"Project failed v5 validation."^[[39m
integration (node 24)	Run npm run test:integration	2026-08-23T01:36:34.3753462Z ^[[90m ^[[2m❯^[[22m Engine.load packages/core/src/engine.ts:^[[2m170:29^[[22m^[[39m
integration (node 24)	Run npm run test:integration	2026-08-23T01:36:34.3754188Z ^[[90m ^[[2m❯^[[22m packages/core/test/integration/engine-x3-contribution.test.ts:^[[2m75:83^[[22m^[[39m
integration (node 24)	Run npm run test:integration	2026-08-23T01:36:34.3754561Z 
integration (node 24)	Run npm run test:integration	2026-08-23T01:36:34.3754801Z ^[[31m^[[2m⎯⎯⎯⎯⎯⎯⎯⎯⎯⎯⎯⎯⎯⎯⎯⎯⎯⎯⎯⎯⎯[21/124]⎯^[[22m^[[39m
integration (node 24)	Run npm run test:integration	2026-08-23T01:36:34.3755006Z 
integration (node 24)	Run npm run test:integration	2026-08-23T01:36:34.3755958Z ^[[41m^[[1m FAIL ^[[22m^[[49m packages/core/test/integration/engine-x3-contribution.test.ts^[[2m > ^[[22mX-3 contribution through the product load path^[[2m > ^[[22mrejects malformed contributions during Engine.load
integration (node 24)	Run npm run test:integration	2026-08-23T01:36:34.3757420Z ^[[31m^[[1mAssertionError^[[22m: expected [Function] to throw error matching /plugin-contribution-stop-order/ but got 'property-stops-wrapper at motions[0].…'^[[39m
integration (node 24)	Run npm run test:integration	2026-08-23T01:36:34.3757989Z 
integration (node 24)	Run npm run test:integration	2026-08-23T01:36:34.3758135Z ^[[32m- Expected:^[[39m
integration (node 24)	Run npm run test:integration	2026-08-23T01:36:34.3758434Z /plugin-contribution-stop-order/
integration (node 24)	Run npm run test:integration	2026-08-23T01:36:34.3758685Z 
integration (node 24)	Run npm run test:integration	2026-08-23T01:36:34.3759036Z ^[[31m+ Received:^[[39m
integration (node 24)	Run npm run test:integration	2026-08-23T01:36:34.3760118Z "property-stops-wrapper at motions[0].tracks[0].keyframes.x: The { stops: [...] } wrapper is retired; author the stops array directly as the value."
integration (node 24)	Run npm run test:integration	2026-08-23T01:36:34.3760639Z 
integration (node 24)	Run npm run test:integration	2026-08-23T01:36:34.3761315Z ^[[36m ^[[2m❯^[[22m packages/core/test/integration/engine-x3-contribution.test.ts:^[[2m108:7^[[22m^[[39m
integration (node 24)	Run npm run test:integration	2026-08-23T01:36:34.3762367Z     ^[[90m106|^[[39m         ^[[34mprojectWith^[[39m({ x^[[33m:^[[39m ^[[34mproperty^[[39m(^[[34m1^[[39m) }) ^[[35mas^[[39m never^[[33m,^[[39m
integration (node 24)	Run npm run test:integration	2026-08-23T01:36:34.3762932Z     ^[[90m107|^[[39m       )^[[33m,^[[39m
integration (node 24)	Run npm run test:integration	2026-08-23T01:36:34.3763580Z     ^[[90m108|^[[39m     )^[[33m.^[[39m^[[34mtoThrow^[[39m(^[[36m/plugin-contribution-stop-order/^[[39m)^[[33m;^[[39m
integration (node 24)	Run npm run test:integration	2026-08-23T01:36:34.3764420Z     ^[[90m   |^[[39m       ^[[31m^^[[39m
integration (node 24)	Run npm run test:integration	2026-08-23T01:36:34.3765357Z     ^[[90m109|^[[39m     ^[[34mexpect^[[39m(create)^[[33m.^[[39mnot^[[33m.^[[39m^[[34mtoHaveBeenCalled^[[39m()^[[33m;^[[39m
integration (node 24)	Run npm run test:integration	2026-08-23T01:36:34.3766146Z     ^[[90m110|^[[39m   })^[[33m;^[[39m
integration (node 24)	Run npm run test:integration	2026-08-23T01:36:34.3766317Z 
integration (node 24)	Run npm run test:integration	2026-08-23T01:36:34.3766737Z ^[[31m^[[2m⎯⎯⎯⎯⎯⎯⎯⎯⎯⎯⎯⎯⎯⎯⎯⎯⎯⎯⎯⎯⎯[22/124]⎯^[[22m^[[39m
integration (node 24)	Run npm run test:integration	2026-08-23T01:36:34.3767095Z 
integration (node 24)	Run npm run test:integration	2026-08-23T01:36:34.3768304Z ^[[41m^[[1m FAIL ^[[22m^[[49m packages/core/test/integration/engine-x3-contribution.test.ts^[[2m > ^[[22mX-3 contribution through the product load path^[[2m > ^[[22mrejects authored ease collisions before any timeline is created
integration (node 24)	Run npm run test:integration	2026-08-23T01:36:34.3770578Z ^[[31m^[[1mAssertionError^[[22m: expected [Function] to throw error matching /plugin-contribution-ease-collision/ but got 'property-stops-wrapper at motions[0].…'^[[39m
integration (node 24)	Run npm run test:integration	2026-08-23T01:36:34.3771236Z 
integration (node 24)	Run npm run test:integration	2026-08-23T01:36:34.3771376Z ^[[32m- Expected:^[[39m
integration (node 24)	Run npm run test:integration	2026-08-23T01:36:34.3771687Z /plugin-contribution-ease-collision/
integration (node 24)	Run npm run test:integration	2026-08-23T01:36:34.3771880Z 
integration (node 24)	Run npm run test:integration	2026-08-23T01:36:34.3772020Z ^[[31m+ Received:^[[39m
integration (node 24)	Run npm run test:integration	2026-08-23T01:36:34.3773532Z "property-stops-wrapper at motions[0].tracks[0].keyframes.x: The { stops: [...] } wrapper is retired; author the stops array directly as the value. property-stops-wrapper at motions[0].tracks[0].keyframes.y: The { stops: [...] } wrapper is retired; author the stops array directly as the value."
integration (node 24)	Run npm run test:integration	2026-08-23T01:36:34.3775186Z 
integration (node 24)	Run npm run test:integration	2026-08-23T01:36:34.3776002Z ^[[36m ^[[2m❯^[[22m packages/core/test/integration/engine-x3-contribution.test.ts:^[[2m133:7^[[22m^[[39m
integration (node 24)	Run npm run test:integration	2026-08-23T01:36:34.3777009Z     ^[[90m131|^[[39m         }) ^[[35mas^[[39m never^[[33m,^[[39m
integration (node 24)	Run npm run test:integration	2026-08-23T01:36:34.3777632Z     ^[[90m132|^[[39m       )^[[33m,^[[39m
integration (node 24)	Run npm run test:integration	2026-08-23T01:36:34.3778656Z     ^[[90m133|^[[39m     )^[[33m.^[[39m^[[34mtoThrow^[[39m(^[[36m/plugin-contribution-ease-collision/^[[39m)^[[33m;^[[39m
integration (node 24)	Run npm run test:integration	2026-08-23T01:36:34.3780063Z     ^[[90m   |^[[39m       ^[[31m^^[[39m
integration (node 24)	Run npm run test:integration	2026-08-23T01:36:34.3781203Z     ^[[90m134|^[[39m     ^[[34mexpect^[[39m(create)^[[33m.^[[39mnot^[[33m.^[[39m^[[34mtoHaveBeenCalled^[[39m()^[[33m;^[[39m
integration (node 24)	Run npm run test:integration	2026-08-23T01:36:34.3782079Z     ^[[90m135|^[[39m   })^[[33m;^[[39m
integration (node 24)	Run npm run test:integration	2026-08-23T01:36:34.3782364Z 
integration (node 24)	Run npm run test:integration	2026-08-23T01:36:34.3782744Z ^[[31m^[[2m⎯⎯⎯⎯⎯⎯⎯⎯⎯⎯⎯⎯⎯⎯⎯⎯⎯⎯⎯⎯⎯[23/124]⎯^[[22m^[[39m
integration (node 24)	Run npm run test:integration	2026-08-23T01:36:34.3783085Z 
integration (node 24)	Run npm run test:integration	2026-08-23T01:36:34.3785034Z ^[[41m^[[1m FAIL ^[[22m^[[49m packages/core/test/integration/engine-x3-contribution.test.ts^[[2m > ^[[22mX-3 contribution through the product load path^[[2m > ^[[22mmerges contributed keyframes into compiler diagnostics before timeline creation
integration (node 24)	Run npm run test:integration	2026-08-23T01:36:34.3787834Z ^[[31m^[[1mAssertionError^[[22m: expected [Function] to throw error matching /plugin-contribution-ease-collision/ but got 'property-stops-wrapper at motions[0].…'^[[39m
integration (node 24)	Run npm run test:integration	2026-08-23T01:36:34.3788891Z 
integration (node 24)	Run npm run test:integration	2026-08-23T01:36:34.3789315Z ^[[32m- Expected:^[[39m
integration (node 24)	Run npm run test:integration	2026-08-23T01:36:34.3789818Z /plugin-contribution-ease-collision/
integration (node 24)	Run npm run test:integration	2026-08-23T01:36:34.3790142Z 
integration (node 24)	Run npm run test:integration	2026-08-23T01:36:34.3790371Z ^[[31m+ Received:^[[39m
integration (node 24)	Run npm run test:integration	2026-08-23T01:36:34.3791616Z "property-stops-wrapper at motions[0].tracks[0].keyframes.x: The { stops: [...] } wrapper is retired; author the stops array directly as the value."
integration (node 24)	Run npm run test:integration	2026-08-23T01:36:34.3792533Z 
integration (node 24)	Run npm run test:integration	2026-08-23T01:36:34.3793347Z ^[[36m ^[[2m❯^[[22m packages/core/test/integration/engine-x3-contribution.test.ts:^[[2m170:7^[[22m^[[39m
integration (node 24)	Run npm run test:integration	2026-08-23T01:36:34.3794341Z     ^[[90m168|^[[39m         }) ^[[35mas^[[39m never^[[33m,^[[39m
integration (node 24)	Run npm run test:integration	2026-08-23T01:36:34.3794957Z     ^[[90m169|^[[39m       )^[[33m,^[[39m
integration (node 24)	Run npm run test:integration	2026-08-23T01:36:34.3795965Z     ^[[90m170|^[[39m     )^[[33m.^[[39m^[[34mtoThrow^[[39m(^[[36m/plugin-contribution-ease-collision/^[[39m)^[[33m;^[[39m
integration (node 24)	Run npm run test:integration	2026-08-23T01:36:34.3796838Z     ^[[90m   |^[[39m       ^[[31m^^[[39m
integration (node 24)	Run npm run test:integration	2026-08-23T01:36:34.3797816Z     ^[[90m171|^[[39m     ^[[34mexpect^[[39m(create)^[[33m.^[[39mnot^[[33m.^[[39m^[[34mtoHaveBeenCalled^[[39m()^[[33m;^[[39m
integration (node 24)	Run npm run test:integration	2026-08-23T01:36:34.3798696Z     ^[[90m172|^[[39m   })^[[33m;^[[39m
integration (node 24)	Run npm run test:integration	2026-08-23T01:36:34.3799163Z 
integration (node 24)	Run npm run test:integration	2026-08-23T01:36:34.3799549Z ^[[31m^[[2m⎯⎯⎯⎯⎯⎯⎯⎯⎯⎯⎯⎯⎯⎯⎯⎯⎯⎯⎯⎯⎯[24/124]⎯^[[22m^[[39m
integration (node 24)	Run npm run test:integration	2026-08-23T01:36:34.3799896Z 
integration (node 24)	Run npm run test:integration	2026-08-23T01:36:34.3801384Z ^[[41m^[[1m FAIL ^[[22m^[[49m packages/core/test/integration/handle-adoption.test.ts^[[2m > ^[[22madoption through ProjectHandle (G2)^[[2m > ^[[22mrejects adoption of a track with malformed keyframes
integration (node 24)	Run npm run test:integration	2026-08-23T01:36:34.3803767Z ^[[31m^[[1mAssertionError^[[22m: expected [Function] to throw error matching /stop-position/ but got 'property-stops-wrapper at addTrack(ba…'^[[39m
integration (node 24)	Run npm run test:integration	2026-08-23T01:36:34.3804680Z 
integration (node 24)	Run npm run test:integration	2026-08-23T01:36:34.3804910Z ^[[32m- Expected:^[[39m
integration (node 24)	Run npm run test:integration	2026-08-23T01:36:34.3805281Z /stop-position/
integration (node 24)	Run npm run test:integration	2026-08-23T01:36:34.3805496Z 
integration (node 24)	Run npm run test:integration	2026-08-23T01:36:34.3805701Z ^[[31m+ Received:^[[39m
integration (node 24)	Run npm run test:integration	2026-08-23T01:36:34.3806892Z "property-stops-wrapper at addTrack(bad).keyframes.x: The { stops: [...] } wrapper is retired; author the stops array directly as the value."
integration (node 24)	Run npm run test:integration	2026-08-23T01:36:34.3807767Z 
integration (node 24)	Run npm run test:integration	2026-08-23T01:36:34.3808530Z ^[[36m ^[[2m❯^[[22m packages/core/test/integration/handle-adoption.test.ts:^[[2m57:44^[[22m^[[39m
integration (node 24)	Run npm run test:integration	2026-08-23T01:36:34.3809565Z     ^[[90m 55|^[[39m       }^[[33m,^[[39m
integration (node 24)	Run npm run test:integration	2026-08-23T01:36:34.3810120Z     ^[[90m 56|^[[39m     }^[[33m;^[[39m
integration (node 24)	Run npm run test:integration	2026-08-23T01:36:34.3811500Z     ^[[90m 57|^[[39m     ^[[34mexpect^[[39m(() ^[[33m=>^[[39m handle^[[33m.^[[39m^[[34madopt^[[39m(bad^[[33m,^[[39m owner))^[[33m.^[[39m^[[34mtoThrow^[[39m(^[[36m/stop-position/^[[39m)^[[33m;^[[39m
integration (node 24)	Run npm run test:integration	2026-08-23T01:36:34.3812779Z     ^[[90m   |^[[39m                                            ^[[31m^^[[39m
integration (node 24)	Run npm run test:integration	2026-08-23T01:36:34.3813586Z     ^[[90m 58|^[[39m     handle^[[33m.^[[39m^[[34mdispose^[[39m()^[[33m;^[[39m
integration (node 24)	Run npm run test:integration	2026-08-23T01:36:34.3814229Z     ^[[90m 59|^[[39m   })^[[33m;^[[39m
integration (node 24)	Run npm run test:integration	2026-08-23T01:36:34.3814504Z 
integration (node 24)	Run npm run test:integration	2026-08-23T01:36:34.3814880Z ^[[31m^[[2m⎯⎯⎯⎯⎯⎯⎯⎯⎯⎯⎯⎯⎯⎯⎯⎯⎯⎯⎯⎯⎯[25/124]⎯^[[22m^[[39m
integration (node 24)	Run npm run test:integration	2026-08-23T01:36:34.3815228Z 
integration (node 24)	Run npm run test:integration	2026-08-23T01:36:34.3816938Z ^[[41m^[[1m FAIL ^[[22m^[[49m packages/core/test/integration/handle-adoption.test.ts^[[2m > ^[[22madoption through ProjectHandle (G2)^[[2m > ^[[22madopts a track into an existing motion and receives motion signals
integration (node 24)	Run npm run test:integration	2026-08-23T01:36:34.3819973Z ^[[31m^[[1mTypeError^[[22m: property-stops-wrapper at addTrack(leg).keyframes.x: The { stops: [...] } wrapper is retired; author the stops array directly as the value.^[[39m
integration (node 24)	Run npm run test:integration	2026-08-23T01:36:34.3822084Z ^[[36m ^[[2m❯^[[22m ProjectRuntime.#addTrack packages/core/src/runtime/project-runtime.ts:^[[2m281:13^[[22m^[[39m
integration (node 24)	Run npm run test:integration	2026-08-23T01:36:34.3823444Z     ^[[90m279|^[[39m     const validation = validateTrackDefinition(track, `addTrack(${trac…
integration (node 24)	Run npm run test:integration	2026-08-23T01:36:34.3824800Z     ^[[90m280|^[[39m     ^[[35mif^[[39m (^[[33m!^[[39mvalidation^[[33m.^[[39mvalid ^[[33m||^[[39m ^[[33m!^[[39mvalidation^[[33m.^[[39mvalue)
integration (node 24)	Run npm run test:integration	2026-08-23T01:36:34.3826493Z     ^[[90m281|^[[39m       ^[[35mthrow^[[39m ^[[35mnew^[[39m ^[[33mTypeError^[[39m(^[[34mdescribeDiagnostics^[[39m(validation^[[33m.^[[39mdiagnostics))^[[33m;^[[39m
integration (node 24)	Run npm run test:integration	2026-08-23T01:36:34.3827597Z     ^[[90m   |^[[39m             ^[[31m^^[[39m
integration (node 24)	Run npm run test:integration	2026-08-23T01:36:34.3828497Z     ^[[90m282|^[[39m     ^[[35mconst^[[39m accepted ^[[33m=^[[39m validation^[[33m.^[[39mvalue^[[33m;^[[39m
integration (node 24)	Run npm run test:integration	2026-08-23T01:36:34.3829926Z     ^[[90m283|^[[39m     ^[[35mconst^[[39m token ^[[33m=^[[39m ^[[35mthis^[[39m^[[33m.^[[39m#nextToken^[[33m++^[[39m^[[33m;^[[39m
integration (node 24)	Run npm run test:integration	2026-08-23T01:36:34.3831402Z ^[[90m ^[[2m❯^[[22m ProjectRuntime.adopt packages/core/src/runtime/project-runtime.ts:^[[2m247:25^[[22m^[[39m
integration (node 24)	Run npm run test:integration	2026-08-23T01:36:34.3832663Z ^[[90m ^[[2m❯^[[22m Object.adopt packages/core/src/engine.ts:^[[2m86:47^[[22m^[[39m
integration (node 24)	Run npm run test:integration	2026-08-23T01:36:34.3833829Z ^[[90m ^[[2m❯^[[22m packages/core/test/integration/handle-adoption.test.ts:^[[2m69:28^[[22m^[[39m
integration (node 24)	Run npm run test:integration	2026-08-23T01:36:34.3834416Z 
integration (node 24)	Run npm run test:integration	2026-08-23T01:36:34.3834790Z ^[[31m^[[2m⎯⎯⎯⎯⎯⎯⎯⎯⎯⎯⎯⎯⎯⎯⎯⎯⎯⎯⎯⎯⎯[26/124]⎯^[[22m^[[39m
integration (node 24)	Run npm run test:integration	2026-08-23T01:36:34.3835131Z 
integration (node 24)	Run npm run test:integration	2026-08-23T01:36:34.3836939Z ^[[41m^[[1m FAIL ^[[22m^[[49m packages/core/test/integration/internal-key-strip.test.ts^[[2m > ^[[22minternal keys are stripped once, before publication^[[2m > ^[[22mH-1 keeps a namespaced derived key out of every published surface
integration (node 24)	Run npm run test:integration	2026-08-23T01:36:34.3839753Z ^[[31m^[[1mTypeError^[[22m: property-stops-wrapper at motions[0].tracks[0].keyframes.x: The { stops: [...] } wrapper is retired; author the stops array directly as the value.^[[39m
integration (node 24)	Run npm run test:integration	2026-08-23T01:36:34.3841453Z ^[[36m ^[[2m❯^[[22m assertValidProject packages/core/src/engine.ts:^[[2m101:11^[[22m^[[39m
integration (node 24)	Run npm run test:integration	2026-08-23T01:36:34.3842610Z     ^[[90m 99|^[[39m   ^[[35mconst^[[39m result ^[[33m=^[[39m ^[[34mvalidateV5^[[39m(project)^[[33m;^[[39m
integration (node 24)	Run npm run test:integration	2026-08-23T01:36:34.3843960Z     ^[[90m100|^[[39m   ^[[35mif^[[39m (^[[33m!^[[39mresult^[[33m.^[[39mvalid ^[[33m||^[[39m result^[[33m.^[[39mvalue ^[[33m===^[[39m ^[[35mnull^[[39m)
integration (node 24)	Run npm run test:integration	2026-08-23T01:36:34.3845084Z     ^[[90m101|^[[39m     ^[[35mthrow^[[39m ^[[35mnew^[[39m ^[[33mTypeError^[[39m(
integration (node 24)	Run npm run test:integration	2026-08-23T01:36:34.3845758Z     ^[[90m   |^[[39m           ^[[31m^^[[39m
integration (node 24)	Run npm run test:integration	2026-08-23T01:36:34.3846613Z     ^[[90m102|^[[39m       result^[[33m.^[[39mdiagnostics^[[33m.^[[39mlength ^[[33m===^[[39m ^[[34m0^[[39m
integration (node 24)	Run npm run test:integration	2026-08-23T01:36:34.3847633Z     ^[[90m103|^[[39m         ^[[33m?^[[39m ^[[32m"Project failed v5 validation."^[[39m
integration (node 24)	Run npm run test:integration	2026-08-23T01:36:34.3848643Z ^[[90m ^[[2m❯^[[22m Engine.load packages/core/src/engine.ts:^[[2m170:29^[[22m^[[39m
integration (node 24)	Run npm run test:integration	2026-08-23T01:36:34.3850028Z ^[[90m ^[[2m❯^[[22m load packages/core/test/integration/internal-key-strip.test.ts:^[[2m22:6^[[22m^[[39m
integration (node 24)	Run npm run test:integration	2026-08-23T01:36:34.3851368Z ^[[90m ^[[2m❯^[[22m packages/core/test/integration/internal-key-strip.test.ts:^[[2m42:20^[[22m^[[39m
integration (node 24)	Run npm run test:integration	2026-08-23T01:36:34.3851959Z 
integration (node 24)	Run npm run test:integration	2026-08-23T01:36:34.3852347Z ^[[31m^[[2m⎯⎯⎯⎯⎯⎯⎯⎯⎯⎯⎯⎯⎯⎯⎯⎯⎯⎯⎯⎯⎯[27/124]⎯^[[22m^[[39m
integration (node 24)	Run npm run test:integration	2026-08-23T01:36:34.3852677Z 
integration (node 24)	Run npm run test:integration	2026-08-23T01:36:34.3854428Z ^[[41m^[[1m FAIL ^[[22m^[[49m packages/core/test/integration/internal-key-strip.test.ts^[[2m > ^[[22minternal keys are stripped once, before publication^[[2m > ^[[22mH-2 keeps a declared unprefixed internal key out of the patch
integration (node 24)	Run npm run test:integration	2026-08-23T01:36:34.3857119Z ^[[31m^[[1mTypeError^[[22m: property-stops-wrapper at motions[0].tracks[0].keyframes.x: The { stops: [...] } wrapper is retired; author the stops array directly as the value.^[[39m
integration (node 24)	Run npm run test:integration	2026-08-23T01:36:34.3858771Z ^[[36m ^[[2m❯^[[22m assertValidProject packages/core/src/engine.ts:^[[2m101:11^[[22m^[[39m
integration (node 24)	Run npm run test:integration	2026-08-23T01:36:34.3860033Z     ^[[90m 99|^[[39m   ^[[35mconst^[[39m result ^[[33m=^[[39m ^[[34mvalidateV5^[[39m(project)^[[33m;^[[39m
integration (node 24)	Run npm run test:integration	2026-08-23T01:36:34.3861634Z     ^[[90m100|^[[39m   ^[[35mif^[[39m (^[[33m!^[[39mresult^[[33m.^[[39mvalid ^[[33m||^[[39m result^[[33m.^[[39mvalue ^[[33m===^[[39m ^[[35mnull^[[39m)
integration (node 24)	Run npm run test:integration	2026-08-23T01:36:34.3862931Z     ^[[90m101|^[[39m     ^[[35mthrow^[[39m ^[[35mnew^[[39m ^[[33mTypeError^[[39m(
integration (node 24)	Run npm run test:integration	2026-08-23T01:36:34.3863630Z     ^[[90m   |^[[39m           ^[[31m^^[[39m
integration (node 24)	Run npm run test:integration	2026-08-23T01:36:34.3864521Z     ^[[90m102|^[[39m       result^[[33m.^[[39mdiagnostics^[[33m.^[[39mlength ^[[33m===^[[39m ^[[34m0^[[39m
integration (node 24)	Run npm run test:integration	2026-08-23T01:36:34.3865539Z     ^[[90m103|^[[39m         ^[[33m?^[[39m ^[[32m"Project failed v5 validation."^[[39m
integration (node 24)	Run npm run test:integration	2026-08-23T01:36:34.3866562Z ^[[90m ^[[2m❯^[[22m Engine.load packages/core/src/engine.ts:^[[2m170:29^[[22m^[[39m
integration (node 24)	Run npm run test:integration	2026-08-23T01:36:34.3867801Z ^[[90m ^[[2m❯^[[22m load packages/core/test/integration/internal-key-strip.test.ts:^[[2m22:6^[[22m^[[39m
integration (node 24)	Run npm run test:integration	2026-08-23T01:36:34.3869299Z ^[[90m ^[[2m❯^[[22m packages/core/test/integration/internal-key-strip.test.ts:^[[2m66:20^[[22m^[[39m
integration (node 24)	Run npm run test:integration	2026-08-23T01:36:34.3869917Z 
integration (node 24)	Run npm run test:integration	2026-08-23T01:36:34.3870310Z ^[[31m^[[2m⎯⎯⎯⎯⎯⎯⎯⎯⎯⎯⎯⎯⎯⎯⎯⎯⎯⎯⎯⎯⎯[28/124]⎯^[[22m^[[39m
integration (node 24)	Run npm run test:integration	2026-08-23T01:36:34.3870650Z 
integration (node 24)	Run npm run test:integration	2026-08-23T01:36:34.3872407Z ^[[41m^[[1m FAIL ^[[22m^[[49m packages/core/test/integration/internal-key-strip.test.ts^[[2m > ^[[22minternal keys are stripped once, before publication^[[2m > ^[[22mH-3 still rejects an underscore key returned from compose
integration (node 24)	Run npm run test:integration	2026-08-23T01:36:34.3875091Z ^[[31m^[[1mTypeError^[[22m: property-stops-wrapper at motions[0].tracks[0].keyframes.x: The { stops: [...] } wrapper is retired; author the stops array directly as the value.^[[39m
integration (node 24)	Run npm run test:integration	2026-08-23T01:36:34.3876770Z ^[[36m ^[[2m❯^[[22m assertValidProject packages/core/src/engine.ts:^[[2m101:11^[[22m^[[39m
integration (node 24)	Run npm run test:integration	2026-08-23T01:36:34.3877897Z     ^[[90m 99|^[[39m   ^[[35mconst^[[39m result ^[[33m=^[[39m ^[[34mvalidateV5^[[39m(project)^[[33m;^[[39m
integration (node 24)	Run npm run test:integration	2026-08-23T01:36:34.3879372Z     ^[[90m100|^[[39m   ^[[35mif^[[39m (^[[33m!^[[39mresult^[[33m.^[[39mvalid ^[[33m||^[[39m result^[[33m.^[[39mvalue ^[[33m===^[[39m ^[[35mnull^[[39m)
integration (node 24)	Run npm run test:integration	2026-08-23T01:36:34.3880545Z     ^[[90m101|^[[39m     ^[[35mthrow^[[39m ^[[35mnew^[[39m ^[[33mTypeError^[[39m(
integration (node 24)	Run npm run test:integration	2026-08-23T01:36:34.3881260Z     ^[[90m   |^[[39m           ^[[31m^^[[39m
integration (node 24)	Run npm run test:integration	2026-08-23T01:36:34.3882125Z     ^[[90m102|^[[39m       result^[[33m.^[[39mdiagnostics^[[33m.^[[39mlength ^[[33m===^[[39m ^[[34m0^[[39m
integration (node 24)	Run npm run test:integration	2026-08-23T01:36:34.3883130Z     ^[[90m103|^[[39m         ^[[33m?^[[39m ^[[32m"Project failed v5 validation."^[[39m
integration (node 24)	Run npm run test:integration	2026-08-23T01:36:34.3884162Z ^[[90m ^[[2m❯^[[22m Engine.load packages/core/src/engine.ts:^[[2m170:29^[[22m^[[39m
integration (node 24)	Run npm run test:integration	2026-08-23T01:36:34.3885420Z ^[[90m ^[[2m❯^[[22m load packages/core/test/integration/internal-key-strip.test.ts:^[[2m22:6^[[22m^[[39m
integration (node 24)	Run npm run test:integration	2026-08-23T01:36:34.3886803Z ^[[90m ^[[2m❯^[[22m packages/core/test/integration/internal-key-strip.test.ts:^[[2m84:20^[[22m^[[39m
integration (node 24)	Run npm run test:integration	2026-08-23T01:36:34.3887415Z 
integration (node 24)	Run npm run test:integration	2026-08-23T01:36:34.3887803Z ^[[31m^[[2m⎯⎯⎯⎯⎯⎯⎯⎯⎯⎯⎯⎯⎯⎯⎯⎯⎯⎯⎯⎯⎯[29/124]⎯^[[22m^[[39m
integration (node 24)	Run npm run test:integration	2026-08-23T01:36:34.3888131Z 
integration (node 24)	Run npm run test:integration	2026-08-23T01:36:34.3890088Z ^[[41m^[[1m FAIL ^[[22m^[[49m packages/core/test/integration/issue-114-motion-track-regressions.test.ts^[[2m > ^[[22missue 114: Motion-owned Track replacement^[[2m > ^[[22mdoes not drive the disposed Track after direct replacement
integration (node 24)	Run npm run test:integration	2026-08-23T01:36:34.3892846Z ^[[31m^[[1mTypeError^[[22m: property-stops-wrapper at motions[0].tracks[0].keyframes.x: The { stops: [...] } wrapper is retired; author the stops array directly as the value.^[[39m
integration (node 24)	Run npm run test:integration	2026-08-23T01:36:34.3894566Z ^[[36m ^[[2m❯^[[22m assertValidProject packages/core/src/engine.ts:^[[2m101:11^[[22m^[[39m
integration (node 24)	Run npm run test:integration	2026-08-23T01:36:34.3895675Z     ^[[90m 99|^[[39m   ^[[35mconst^[[39m result ^[[33m=^[[39m ^[[34mvalidateV5^[[39m(project)^[[33m;^[[39m
integration (node 24)	Run npm run test:integration	2026-08-23T01:36:34.3897055Z     ^[[90m100|^[[39m   ^[[35mif^[[39m (^[[33m!^[[39mresult^[[33m.^[[39mvalid ^[[33m||^[[39m result^[[33m.^[[39mvalue ^[[33m===^[[39m ^[[35mnull^[[39m)
integration (node 24)	Run npm run test:integration	2026-08-23T01:36:34.3898189Z     ^[[90m101|^[[39m     ^[[35mthrow^[[39m ^[[35mnew^[[39m ^[[33mTypeError^[[39m(
integration (node 24)	Run npm run test:integration	2026-08-23T01:36:34.3898879Z     ^[[90m   |^[[39m           ^[[31m^^[[39m
integration (node 24)	Run npm run test:integration	2026-08-23T01:36:34.3899923Z     ^[[90m102|^[[39m       result^[[33m.^[[39mdiagnostics^[[33m.^[[39mlength ^[[33m===^[[39m ^[[34m0^[[39m
integration (node 24)	Run npm run test:integration	2026-08-23T01:36:34.3900934Z     ^[[90m103|^[[39m         ^[[33m?^[[39m ^[[32m"Project failed v5 validation."^[[39m
integration (node 24)	Run npm run test:integration	2026-08-23T01:36:34.3902211Z ^[[90m ^[[2m❯^[[22m Engine.load packages/core/src/engine.ts:^[[2m170:29^[[22m^[[39m
integration (node 24)	Run npm run test:integration	2026-08-23T01:36:34.3903817Z ^[[90m ^[[2m❯^[[22m load packages/core/test/integration/issue-114-motion-track-regressions.test.ts:^[[2m21:91^[[22m^[[39m
integration (node 24)	Run npm run test:integration	2026-08-23T01:36:34.3905469Z ^[[90m ^[[2m❯^[[22m packages/core/test/integration/issue-114-motion-track-regressions.test.ts:^[[2m41:42^[[22m^[[39m
integration (node 24)	Run npm run test:integration	2026-08-23T01:36:34.3906198Z 
integration (node 24)	Run npm run test:integration	2026-08-23T01:36:34.3906599Z ^[[31m^[[2m⎯⎯⎯⎯⎯⎯⎯⎯⎯⎯⎯⎯⎯⎯⎯⎯⎯⎯⎯⎯⎯[30/124]⎯^[[22m^[[39m
integration (node 24)	Run npm run test:integration	2026-08-23T01:36:34.3906945Z 
integration (node 24)	Run npm run test:integration	2026-08-23T01:36:34.3908659Z ^[[41m^[[1m FAIL ^[[22m^[[49m packages/core/test/integration/issue-114-motion-track-regressions.test.ts^[[2m > ^[[22missue 114: Motion-owned Track replacement^[[2m > ^[[22mpreserves current progress when replacing
integration (node 24)	Run npm run test:integration	2026-08-23T01:36:34.3911503Z ^[[31m^[[1mTypeError^[[22m: property-stops-wrapper at motions[0].tracks[0].keyframes.x: The { stops: [...] } wrapper is retired; author the stops array directly as the value.^[[39m
integration (node 24)	Run npm run test:integration	2026-08-23T01:36:34.3913214Z ^[[36m ^[[2m❯^[[22m assertValidProject packages/core/src/engine.ts:^[[2m101:11^[[22m^[[39m
integration (node 24)	Run npm run test:integration	2026-08-23T01:36:34.3914720Z     ^[[90m 99|^[[39m   ^[[35mconst^[[39m result ^[[33m=^[[39m ^[[34mvalidateV5^[[39m(project)^[[33m;^[[39m
integration (node 24)	Run npm run test:integration	2026-08-23T01:36:34.3916193Z     ^[[90m100|^[[39m   ^[[35mif^[[39m (^[[33m!^[[39mresult^[[33m.^[[39mvalid ^[[33m||^[[39m result^[[33m.^[[39mvalue ^[[33m===^[[39m ^[[35mnull^[[39m)
integration (node 24)	Run npm run test:integration	2026-08-23T01:36:34.3917346Z     ^[[90m101|^[[39m     ^[[35mthrow^[[39m ^[[35mnew^[[39m ^[[33mTypeError^[[39m(
integration (node 24)	Run npm run test:integration	2026-08-23T01:36:34.3918041Z     ^[[90m   |^[[39m           ^[[31m^^[[39m
integration (node 24)	Run npm run test:integration	2026-08-23T01:36:34.3919119Z     ^[[90m102|^[[39m       result^[[33m.^[[39mdiagnostics^[[33m.^[[39mlength ^[[33m===^[[39m ^[[34m0^[[39m
integration (node 24)	Run npm run test:integration	2026-08-23T01:36:34.3920168Z     ^[[90m103|^[[39m         ^[[33m?^[[39m ^[[32m"Project failed v5 validation."^[[39m
integration (node 24)	Run npm run test:integration	2026-08-23T01:36:34.3921212Z ^[[90m ^[[2m❯^[[22m Engine.load packages/core/src/engine.ts:^[[2m170:29^[[22m^[[39m
integration (node 24)	Run npm run test:integration	2026-08-23T01:36:34.3922666Z ^[[90m ^[[2m❯^[[22m load packages/core/test/integration/issue-114-motion-track-regressions.test.ts:^[[2m21:91^[[22m^[[39m
integration (node 24)	Run npm run test:integration	2026-08-23T01:36:34.3924307Z ^[[90m ^[[2m❯^[[22m packages/core/test/integration/issue-114-motion-track-regressions.test.ts:^[[2m56:42^[[22m^[[39m
integration (node 24)	Run npm run test:integration	2026-08-23T01:36:34.3925071Z 
integration (node 24)	Run npm run test:integration	2026-08-23T01:36:34.3925469Z ^[[31m^[[2m⎯⎯⎯⎯⎯⎯⎯⎯⎯⎯⎯⎯⎯⎯⎯⎯⎯⎯⎯⎯⎯[31/124]⎯^[[22m^[[39m
integration (node 24)	Run npm run test:integration	2026-08-23T01:36:34.3925824Z 
integration (node 24)	Run npm run test:integration	2026-08-23T01:36:34.3927679Z ^[[41m^[[1m FAIL ^[[22m^[[49m packages/core/test/integration/issue-114-motion-track-regressions.test.ts^[[2m > ^[[22missue 114: Motion-owned Track replacement^[[2m > ^[[22mpreserves the original array index and stagger timing
integration (node 24)	Run npm run test:integration	2026-08-23T01:36:34.3933015Z ^[[31m^[[1mTypeError^[[22m: property-stops-wrapper at motions[0].tracks[0].keyframes.x: The { stops: [...] } wrapper is retired; author the stops array directly as the value. property-stops-wrapper at motions[0].tracks[1].keyframes.x: The { stops: [...] } wrapper is retired; author the stops array directly as the value. property-stops-wrapper at motions[0].tracks[2].keyframes.x: The { stops: [...] } wrapper is retired; author the stops array directly as the value.^[[39m
integration (node 24)	Run npm run test:integration	2026-08-23T01:36:34.3936312Z ^[[36m ^[[2m❯^[[22m assertValidProject packages/core/src/engine.ts:^[[2m101:11^[[22m^[[39m
integration (node 24)	Run npm run test:integration	2026-08-23T01:36:34.3937487Z     ^[[90m 99|^[[39m   ^[[35mconst^[[39m result ^[[33m=^[[39m ^[[34mvalidateV5^[[39m(project)^[[33m;^[[39m
integration (node 24)	Run npm run test:integration	2026-08-23T01:36:34.3938865Z     ^[[90m100|^[[39m   ^[[35mif^[[39m (^[[33m!^[[39mresult^[[33m.^[[39mvalid ^[[33m||^[[39m result^[[33m.^[[39mvalue ^[[33m===^[[39m ^[[35mnull^[[39m)
integration (node 24)	Run npm run test:integration	2026-08-23T01:36:34.3940217Z     ^[[90m101|^[[39m     ^[[35mthrow^[[39m ^[[35mnew^[[39m ^[[33mTypeError^[[39m(
integration (node 24)	Run npm run test:integration	2026-08-23T01:36:34.3940915Z     ^[[90m   |^[[39m           ^[[31m^^[[39m
integration (node 24)	Run npm run test:integration	2026-08-23T01:36:34.3941776Z     ^[[90m102|^[[39m       result^[[33m.^[[39mdiagnostics^[[33m.^[[39mlength ^[[33m===^[[39m ^[[34m0^[[39m
integration (node 24)	Run npm run test:integration	2026-08-23T01:36:34.3942756Z     ^[[90m103|^[[39m         ^[[33m?^[[39m ^[[32m"Project failed v5 validation."^[[39m
integration (node 24)	Run npm run test:integration	2026-08-23T01:36:34.3943749Z ^[[90m ^[[2m❯^[[22m Engine.load packages/core/src/engine.ts:^[[2m170:29^[[22m^[[39m
integration (node 24)	Run npm run test:integration	2026-08-23T01:36:34.3945122Z ^[[90m ^[[2m❯^[[22m load packages/core/test/integration/issue-114-motion-track-regressions.test.ts:^[[2m21:91^[[22m^[[39m
integration (node 24)	Run npm run test:integration	2026-08-23T01:36:34.3946994Z ^[[90m ^[[2m❯^[[22m packages/core/test/integration/issue-114-motion-track-regressions.test.ts:^[[2m72:42^[[22m^[[39m
integration (node 24)	Run npm run test:integration	2026-08-23T01:36:34.3947954Z 
integration (node 24)	Run npm run test:integration	2026-08-23T01:36:34.3948338Z ^[[31m^[[2m⎯⎯⎯⎯⎯⎯⎯⎯⎯⎯⎯⎯⎯⎯⎯⎯⎯⎯⎯⎯⎯[32/124]⎯^[[22m^[[39m
integration (node 24)	Run npm run test:integration	2026-08-23T01:36:34.3948685Z 
integration (node 24)	Run npm run test:integration	2026-08-23T01:36:34.3950631Z ^[[41m^[[1m FAIL ^[[22m^[[49m packages/core/test/integration/issue-114-motion-track-regressions.test.ts^[[2m > ^[[22missue 114: Motion-owned Track replacement^[[2m > ^[[22mkeeps sibling progress healthy after replacement
integration (node 24)	Run npm run test:integration	2026-08-23T01:36:34.3954418Z ^[[31m^[[1mTypeError^[[22m: property-stops-wrapper at motions[0].tracks[0].keyframes.x: The { stops: [...] } wrapper is retired; author the stops array directly as the value. property-stops-wrapper at motions[0].tracks[1].keyframes.x: The { stops: [...] } wrapper is retired; author the stops array directly as the value.^[[39m
integration (node 24)	Run npm run test:integration	2026-08-23T01:36:34.3956852Z ^[[36m ^[[2m❯^[[22m assertValidProject packages/core/src/engine.ts:^[[2m101:11^[[22m^[[39m
integration (node 24)	Run npm run test:integration	2026-08-23T01:36:34.3958501Z     ^[[90m 99|^[[39m   ^[[35mconst^[[39m result ^[[33m=^[[39m ^[[34mvalidateV5^[[39m(project)^[[33m;^[[39m
integration (node 24)	Run npm run test:integration	2026-08-23T01:36:34.3960004Z     ^[[90m100|^[[39m   ^[[35mif^[[39m (^[[33m!^[[39mresult^[[33m.^[[39mvalid ^[[33m||^[[39m result^[[33m.^[[39mvalue ^[[33m===^[[39m ^[[35mnull^[[39m)
integration (node 24)	Run npm run test:integration	2026-08-23T01:36:34.3961135Z     ^[[90m101|^[[39m     ^[[35mthrow^[[39m ^[[35mnew^[[39m ^[[33mTypeError^[[39m(
integration (node 24)	Run npm run test:integration	2026-08-23T01:36:34.3961808Z     ^[[90m   |^[[39m           ^[[31m^^[[39m
integration (node 24)	Run npm run test:integration	2026-08-23T01:36:34.3962679Z     ^[[90m102|^[[39m       result^[[33m.^[[39mdiagnostics^[[33m.^[[39mlength ^[[33m===^[[39m ^[[34m0^[[39m
integration (node 24)	Run npm run test:integration	2026-08-23T01:36:34.3963701Z     ^[[90m103|^[[39m         ^[[33m?^[[39m ^[[32m"Project failed v5 validation."^[[39m
integration (node 24)	Run npm run test:integration	2026-08-23T01:36:34.3964709Z ^[[90m ^[[2m❯^[[22m Engine.load packages/core/src/engine.ts:^[[2m170:29^[[22m^[[39m
integration (node 24)	Run npm run test:integration	2026-08-23T01:36:34.3966132Z ^[[90m ^[[2m❯^[[22m load packages/core/test/integration/issue-114-motion-track-regressions.test.ts:^[[2m21:91^[[22m^[[39m
integration (node 24)	Run npm run test:integration	2026-08-23T01:36:34.3967784Z ^[[90m ^[[2m❯^[[22m packages/core/test/integration/issue-114-motion-track-regressions.test.ts:^[[2m86:35^[[22m^[[39m
integration (node 24)	Run npm run test:integration	2026-08-23T01:36:34.3968519Z 
integration (node 24)	Run npm run test:integration	2026-08-23T01:36:34.3969069Z ^[[31m^[[2m⎯⎯⎯⎯⎯⎯⎯⎯⎯⎯⎯⎯⎯⎯⎯⎯⎯⎯⎯⎯⎯[33/124]⎯^[[22m^[[39m
integration (node 24)	Run npm run test:integration	2026-08-23T01:36:34.3969419Z 
integration (node 24)	Run npm run test:integration	2026-08-23T01:36:34.3971126Z ^[[41m^[[1m FAIL ^[[22m^[[49m packages/core/test/integration/issue-114-motion-track-regressions.test.ts^[[2m > ^[[22missue 114: Motion-owned Track replacement^[[2m > ^[[22mkeeps the observation replacement path live
integration (node 24)	Run npm run test:integration	2026-08-23T01:36:34.3975015Z ^[[31m^[[1mTypeError^[[22m: property-stops-wrapper at motions[0].tracks[0].keyframes.x: The { stops: [...] } wrapper is retired; author the stops array directly as the value. property-stops-wrapper at motions[0].tracks[1].keyframes.x: The { stops: [...] } wrapper is retired; author the stops array directly as the value.^[[39m
integration (node 24)	Run npm run test:integration	2026-08-23T01:36:34.3977511Z ^[[36m ^[[2m❯^[[22m assertValidProject packages/core/src/engine.ts:^[[2m101:11^[[22m^[[39m
integration (node 24)	Run npm run test:integration	2026-08-23T01:36:34.3978661Z     ^[[90m 99|^[[39m   ^[[35mconst^[[39m result ^[[33m=^[[39m ^[[34mvalidateV5^[[39m(project)^[[33m;^[[39m
integration (node 24)	Run npm run test:integration	2026-08-23T01:36:34.3980571Z     ^[[90m100|^[[39m   ^[[35mif^[[39m (^[[33m!^[[39mresult^[[33m.^[[39mvalid ^[[33m||^[[39m result^[[33m.^[[39mvalue ^[[33m===^[[39m ^[[35mnull^[[39m)
integration (node 24)	Run npm run test:integration	2026-08-23T01:36:34.3981910Z     ^[[90m101|^[[39m     ^[[35mthrow^[[39m ^[[35mnew^[[39m ^[[33mTypeError^[[39m(
integration (node 24)	Run npm run test:integration	2026-08-23T01:36:34.3982616Z     ^[[90m   |^[[39m           ^[[31m^^[[39m
integration (node 24)	Run npm run test:integration	2026-08-23T01:36:34.3983509Z     ^[[90m102|^[[39m       result^[[33m.^[[39mdiagnostics^[[33m.^[[39mlength ^[[33m===^[[39m ^[[34m0^[[39m
integration (node 24)	Run npm run test:integration	2026-08-23T01:36:34.3984530Z     ^[[90m103|^[[39m         ^[[33m?^[[39m ^[[32m"Project failed v5 validation."^[[39m
integration (node 24)	Run npm run test:integration	2026-08-23T01:36:34.3985567Z ^[[90m ^[[2m❯^[[22m Engine.load packages/core/src/engine.ts:^[[2m170:29^[[22m^[[39m
integration (node 24)	Run npm run test:integration	2026-08-23T01:36:34.3987014Z ^[[90m ^[[2m❯^[[22m load packages/core/test/integration/issue-114-motion-track-regressions.test.ts:^[[2m21:91^[[22m^[[39m
integration (node 24)	Run npm run test:integration	2026-08-23T01:36:34.3988683Z ^[[90m ^[[2m❯^[[22m packages/core/test/integration/issue-114-motion-track-regressions.test.ts:^[[2m103:35^[[22m^[[39m
integration (node 24)	Run npm run test:integration	2026-08-23T01:36:34.3989602Z 
integration (node 24)	Run npm run test:integration	2026-08-23T01:36:34.3989983Z ^[[31m^[[2m⎯⎯⎯⎯⎯⎯⎯⎯⎯⎯⎯⎯⎯⎯⎯⎯⎯⎯⎯⎯⎯[34/124]⎯^[[22m^[[39m
integration (node 24)	Run npm run test:integration	2026-08-23T01:36:34.3990344Z 
integration (node 24)	Run npm run test:integration	2026-08-23T01:36:34.3992042Z ^[[41m^[[1m FAIL ^[[22m^[[49m packages/core/test/integration/keyframe-groups.test.ts^[[2m > ^[[22mplugin-named authored keyframe groups^[[2m > ^[[22mF-10 interpolates grouped leaves without renaming the owning plugin
integration (node 24)	Run npm run test:integration	2026-08-23T01:36:34.3996306Z ^[[31m^[[1mTypeError^[[22m: property-stops-wrapper at motions[0].tracks[0].keyframes.fk.values.boneLength: The { stops: [...] } wrapper is retired; author the stops array directly as the value. property-stops-wrapper at motions[0].tracks[0].keyframes.fk.values.boneRotation: The { stops: [...] } wrapper is retired; author the stops array directly as the value.^[[39m
integration (node 24)	Run npm run test:integration	2026-08-23T01:36:34.3999265Z ^[[36m ^[[2m❯^[[22m assertValidProject packages/core/src/engine.ts:^[[2m101:11^[[22m^[[39m
integration (node 24)	Run npm run test:integration	2026-08-23T01:36:34.4000427Z     ^[[90m 99|^[[39m   ^[[35mconst^[[39m result ^[[33m=^[[39m ^[[34mvalidateV5^[[39m(project)^[[33m;^[[39m
integration (node 24)	Run npm run test:integration	2026-08-23T01:36:34.4001859Z     ^[[90m100|^[[39m   ^[[35mif^[[39m (^[[33m!^[[39mresult^[[33m.^[[39mvalid ^[[33m||^[[39m result^[[33m.^[[39mvalue ^[[33m===^[[39m ^[[35mnull^[[39m)
integration (node 24)	Run npm run test:integration	2026-08-23T01:36:34.4003052Z     ^[[90m101|^[[39m     ^[[35mthrow^[[39m ^[[35mnew^[[39m ^[[33mTypeError^[[39m(
integration (node 24)	Run npm run test:integration	2026-08-23T01:36:34.4003752Z     ^[[90m   |^[[39m           ^[[31m^^[[39m
integration (node 24)	Run npm run test:integration	2026-08-23T01:36:34.4004645Z     ^[[90m102|^[[39m       result^[[33m.^[[39mdiagnostics^[[33m.^[[39mlength ^[[33m===^[[39m ^[[34m0^[[39m
integration (node 24)	Run npm run test:integration	2026-08-23T01:36:34.4005673Z     ^[[90m103|^[[39m         ^[[33m?^[[39m ^[[32m"Project failed v5 validation."^[[39m
integration (node 24)	Run npm run test:integration	2026-08-23T01:36:34.4006714Z ^[[90m ^[[2m❯^[[22m Engine.load packages/core/src/engine.ts:^[[2m170:29^[[22m^[[39m
integration (node 24)	Run npm run test:integration	2026-08-23T01:36:34.4007964Z ^[[90m ^[[2m❯^[[22m load packages/core/test/integration/keyframe-groups.test.ts:^[[2m50:6^[[22m^[[39m
integration (node 24)	Run npm run test:integration	2026-08-23T01:36:34.4009566Z ^[[90m ^[[2m❯^[[22m packages/core/test/integration/keyframe-groups.test.ts:^[[2m56:20^[[22m^[[39m
integration (node 24)	Run npm run test:integration	2026-08-23T01:36:34.4010185Z 
integration (node 24)	Run npm run test:integration	2026-08-23T01:36:34.4010583Z ^[[31m^[[2m⎯⎯⎯⎯⎯⎯⎯⎯⎯⎯⎯⎯⎯⎯⎯⎯⎯⎯⎯⎯⎯[35/124]⎯^[[22m^[[39m
integration (node 24)	Run npm run test:integration	2026-08-23T01:36:34.4010941Z 
integration (node 24)	Run npm run test:integration	2026-08-23T01:36:34.4012729Z ^[[41m^[[1m FAIL ^[[22m^[[49m packages/core/test/integration/keyframe-groups.test.ts^[[2m > ^[[22mplugin-named authored keyframe groups^[[2m > ^[[22mF-11 interpolates a grouped track when the Engine has no plugin registry
integration (node 24)	Run npm run test:integration	2026-08-23T01:36:34.4015620Z ^[[31m^[[1mTypeError^[[22m: property-stops-wrapper at motions[0].tracks[0].keyframes.fk.values.boneLength: The { stops: [...] } wrapper is retired; author the stops array directly as the value.^[[39m
integration (node 24)	Run npm run test:integration	2026-08-23T01:36:34.4017545Z ^[[36m ^[[2m❯^[[22m assertValidProject packages/core/src/engine.ts:^[[2m101:11^[[22m^[[39m
integration (node 24)	Run npm run test:integration	2026-08-23T01:36:34.4018685Z     ^[[90m 99|^[[39m   ^[[35mconst^[[39m result ^[[33m=^[[39m ^[[34mvalidateV5^[[39m(project)^[[33m;^[[39m
integration (node 24)	Run npm run test:integration	2026-08-23T01:36:34.4020208Z     ^[[90m100|^[[39m   ^[[35mif^[[39m (^[[33m!^[[39mresult^[[33m.^[[39mvalid ^[[33m||^[[39m result^[[33m.^[[39mvalue ^[[33m===^[[39m ^[[35mnull^[[39m)
integration (node 24)	Run npm run test:integration	2026-08-23T01:36:34.4021373Z     ^[[90m101|^[[39m     ^[[35mthrow^[[39m ^[[35mnew^[[39m ^[[33mTypeError^[[39m(
integration (node 24)	Run npm run test:integration	2026-08-23T01:36:34.4022332Z     ^[[90m   |^[[39m           ^[[31m^^[[39m
integration (node 24)	Run npm run test:integration	2026-08-23T01:36:34.4023184Z     ^[[90m102|^[[39m       result^[[33m.^[[39mdiagnostics^[[33m.^[[39mlength ^[[33m===^[[39m ^[[34m0^[[39m
integration (node 24)	Run npm run test:integration	2026-08-23T01:36:34.4024374Z     ^[[90m103|^[[39m         ^[[33m?^[[39m ^[[32m"Project failed v5 validation."^[[39m
integration (node 24)	Run npm run test:integration	2026-08-23T01:36:34.4025411Z ^[[90m ^[[2m❯^[[22m Engine.load packages/core/src/engine.ts:^[[2m170:29^[[22m^[[39m
integration (node 24)	Run npm run test:integration	2026-08-23T01:36:34.4026638Z ^[[90m ^[[2m❯^[[22m load packages/core/test/integration/keyframe-groups.test.ts:^[[2m50:6^[[22m^[[39m
integration (node 24)	Run npm run test:integration	2026-08-23T01:36:34.4027949Z ^[[90m ^[[2m❯^[[22m packages/core/test/integration/keyframe-groups.test.ts:^[[2m70:20^[[22m^[[39m
integration (node 24)	Run npm run test:integration	2026-08-23T01:36:34.4028531Z 
integration (node 24)	Run npm run test:integration	2026-08-23T01:36:34.4029119Z ^[[31m^[[2m⎯⎯⎯⎯⎯⎯⎯⎯⎯⎯⎯⎯⎯⎯⎯⎯⎯⎯⎯⎯⎯[36/124]⎯^[[22m^[[39m
integration (node 24)	Run npm run test:integration	2026-08-23T01:36:34.4029467Z 
integration (node 24)	Run npm run test:integration	2026-08-23T01:36:34.4031165Z ^[[41m^[[1m FAIL ^[[22m^[[49m packages/core/test/integration/keyframe-groups.test.ts^[[2m > ^[[22mplugin-named authored keyframe groups^[[2m > ^[[22mF-12 publishes identical values for the flat and grouped spellings
integration (node 24)	Run npm run test:integration	2026-08-23T01:36:34.4034028Z ^[[31m^[[1mTypeError^[[22m: property-stops-wrapper at motions[0].tracks[0].keyframes.boneLength: The { stops: [...] } wrapper is retired; author the stops array directly as the value.^[[39m
integration (node 24)	Run npm run test:integration	2026-08-23T01:36:34.4035859Z ^[[36m ^[[2m❯^[[22m assertValidProject packages/core/src/engine.ts:^[[2m101:11^[[22m^[[39m
integration (node 24)	Run npm run test:integration	2026-08-23T01:36:34.4037024Z     ^[[90m 99|^[[39m   ^[[35mconst^[[39m result ^[[33m=^[[39m ^[[34mvalidateV5^[[39m(project)^[[33m;^[[39m
integration (node 24)	Run npm run test:integration	2026-08-23T01:36:34.4038406Z     ^[[90m100|^[[39m   ^[[35mif^[[39m (^[[33m!^[[39mresult^[[33m.^[[39mvalid ^[[33m||^[[39m result^[[33m.^[[39mvalue ^[[33m===^[[39m ^[[35mnull^[[39m)
integration (node 24)	Run npm run test:integration	2026-08-23T01:36:34.4039726Z     ^[[90m101|^[[39m     ^[[35mthrow^[[39m ^[[35mnew^[[39m ^[[33mTypeError^[[39m(
integration (node 24)	Run npm run test:integration	2026-08-23T01:36:34.4040451Z     ^[[90m   |^[[39m           ^[[31m^^[[39m
integration (node 24)	Run npm run test:integration	2026-08-23T01:36:34.4041339Z     ^[[90m102|^[[39m       result^[[33m.^[[39mdiagnostics^[[33m.^[[39mlength ^[[33m===^[[39m ^[[34m0^[[39m
integration (node 24)	Run npm run test:integration	2026-08-23T01:36:34.4042367Z     ^[[90m103|^[[39m         ^[[33m?^[[39m ^[[32m"Project failed v5 validation."^[[39m
integration (node 24)	Run npm run test:integration	2026-08-23T01:36:34.4043428Z ^[[90m ^[[2m❯^[[22m Engine.load packages/core/src/engine.ts:^[[2m170:29^[[22m^[[39m
integration (node 24)	Run npm run test:integration	2026-08-23T01:36:34.4044607Z ^[[90m ^[[2m❯^[[22m load packages/core/test/integration/keyframe-groups.test.ts:^[[2m50:6^[[22m^[[39m
integration (node 24)	Run npm run test:integration	2026-08-23T01:36:34.4045880Z ^[[90m ^[[2m❯^[[22m packages/core/test/integration/keyframe-groups.test.ts:^[[2m81:18^[[22m^[[39m
integration (node 24)	Run npm run test:integration	2026-08-23T01:36:34.4046467Z 
integration (node 24)	Run npm run test:integration	2026-08-23T01:36:34.4046861Z ^[[31m^[[2m⎯⎯⎯⎯⎯⎯⎯⎯⎯⎯⎯⎯⎯⎯⎯⎯⎯⎯⎯⎯⎯[37/124]⎯^[[22m^[[39m
integration (node 24)	Run npm run test:integration	2026-08-23T01:36:34.4047204Z 
integration (node 24)	Run npm run test:integration	2026-08-23T01:36:34.4049157Z ^[[41m^[[1m FAIL ^[[22m^[[49m packages/core/test/integration/motion-trigger-types.test.ts^[[2m > ^[[22mMotion trigger types and clock ownership^[[2m > ^[[22mT-11 gives each trigger type its own input path instead of the manual one
integration (node 24)	Run npm run test:integration	2026-08-23T01:36:34.4051603Z ^[[31m^[[1mTypeError^[[22m: property-stops-wrapper at motions[0].tracks[0].keyframes.x: The { stops: [...] } wrapper is retired; author the stops array directly as the value.^[[39m
integration (node 24)	Run npm run test:integration	2026-08-23T01:36:34.4052593Z ^[[36m ^[[2m❯^[[22m assertValidProject packages/core/src/engine.ts:^[[2m101:11^[[22m^[[39m
integration (node 24)	Run npm run test:integration	2026-08-23T01:36:34.4053339Z     ^[[90m 99|^[[39m   ^[[35mconst^[[39m result ^[[33m=^[[39m ^[[34mvalidateV5^[[39m(project)^[[33m;^[[39m
integration (node 24)	Run npm run test:integration	2026-08-23T01:36:34.4054193Z     ^[[90m100|^[[39m   ^[[35mif^[[39m (^[[33m!^[[39mresult^[[33m.^[[39mvalid ^[[33m||^[[39m result^[[33m.^[[39mvalue ^[[33m===^[[39m ^[[35mnull^[[39m)
integration (node 24)	Run npm run test:integration	2026-08-23T01:36:34.4054861Z     ^[[90m101|^[[39m     ^[[35mthrow^[[39m ^[[35mnew^[[39m ^[[33mTypeError^[[39m(
integration (node 24)	Run npm run test:integration	2026-08-23T01:36:34.4055280Z     ^[[90m   |^[[39m           ^[[31m^^[[39m
integration (node 24)	Run npm run test:integration	2026-08-23T01:36:34.4055901Z     ^[[90m102|^[[39m       result^[[33m.^[[39mdiagnostics^[[33m.^[[39mlength ^[[33m===^[[39m ^[[34m0^[[39m
integration (node 24)	Run npm run test:integration	2026-08-23T01:36:34.4056866Z     ^[[90m103|^[[39m         ^[[33m?^[[39m ^[[32m"Project failed v5 validation."^[[39m
integration (node 24)	Run npm run test:integration	2026-08-23T01:36:34.4057581Z ^[[90m ^[[2m❯^[[22m Engine.load packages/core/src/engine.ts:^[[2m170:29^[[22m^[[39m
integration (node 24)	Run npm run test:integration	2026-08-23T01:36:34.4058673Z ^[[90m ^[[2m❯^[[22m loadOne packages/core/test/integration/motion-trigger-types.test.ts:^[[2m64:6^[[22m^[[39m
integration (node 24)	Run npm run test:integration	2026-08-23T01:36:34.4059861Z ^[[90m ^[[2m❯^[[22m packages/core/test/integration/motion-trigger-types.test.ts:^[[2m104:44^[[22m^[[39m
integration (node 24)	Run npm run test:integration	2026-08-23T01:36:34.4060499Z 
integration (node 24)	Run npm run test:integration	2026-08-23T01:36:34.4061086Z ^[[31m^[[2m⎯⎯⎯⎯⎯⎯⎯⎯⎯⎯⎯⎯⎯⎯⎯⎯⎯⎯⎯⎯⎯[38/124]⎯^[[22m^[[39m
integration (node 24)	Run npm run test:integration	2026-08-23T01:36:34.4061400Z 
integration (node 24)	Run npm run test:integration	2026-08-23T01:36:34.4062535Z ^[[41m^[[1m FAIL ^[[22m^[[49m packages/core/test/integration/motion-trigger-types.test.ts^[[2m > ^[[22mMotion trigger types and clock ownership^[[2m > ^[[22mT-12 lets seek scrub a driver-backed node and lets the driver overwrite it
integration (node 24)	Run npm run test:integration	2026-08-23T01:36:34.4064322Z ^[[31m^[[1mTypeError^[[22m: property-stops-wrapper at motions[0].tracks[0].keyframes.x: The { stops: [...] } wrapper is retired; author the stops array directly as the value.^[[39m
integration (node 24)	Run npm run test:integration	2026-08-23T01:36:34.4065854Z ^[[36m ^[[2m❯^[[22m assertValidProject packages/core/src/engine.ts:^[[2m101:11^[[22m^[[39m
integration (node 24)	Run npm run test:integration	2026-08-23T01:36:34.4066847Z     ^[[90m 99|^[[39m   ^[[35mconst^[[39m result ^[[33m=^[[39m ^[[34mvalidateV5^[[39m(project)^[[33m;^[[39m
integration (node 24)	Run npm run test:integration	2026-08-23T01:36:34.4068097Z     ^[[90m100|^[[39m   ^[[35mif^[[39m (^[[33m!^[[39mresult^[[33m.^[[39mvalid ^[[33m||^[[39m result^[[33m.^[[39mvalue ^[[33m===^[[39m ^[[35mnull^[[39m)
integration (node 24)	Run npm run test:integration	2026-08-23T01:36:34.4069120Z     ^[[90m101|^[[39m     ^[[35mthrow^[[39m ^[[35mnew^[[39m ^[[33mTypeError^[[39m(
integration (node 24)	Run npm run test:integration	2026-08-23T01:36:34.4069676Z     ^[[90m   |^[[39m           ^[[31m^^[[39m
integration (node 24)	Run npm run test:integration	2026-08-23T01:36:34.4070209Z     ^[[90m102|^[[39m       result^[[33m.^[[39mdiagnostics^[[33m.^[[39mlength ^[[33m===^[[39m ^[[34m0^[[39m
integration (node 24)	Run npm run test:integration	2026-08-23T01:36:34.4071040Z     ^[[90m103|^[[39m         ^[[33m?^[[39m ^[[32m"Project failed v5 validation."^[[39m
integration (node 24)	Run npm run test:integration	2026-08-23T01:36:34.4072059Z ^[[90m ^[[2m❯^[[22m Engine.load packages/core/src/engine.ts:^[[2m170:29^[[22m^[[39m
integration (node 24)	Run npm run test:integration	2026-08-23T01:36:34.4073343Z ^[[90m ^[[2m❯^[[22m loadOne packages/core/test/integration/motion-trigger-types.test.ts:^[[2m64:6^[[22m^[[39m
integration (node 24)	Run npm run test:integration	2026-08-23T01:36:34.4074748Z ^[[90m ^[[2m❯^[[22m packages/core/test/integration/motion-trigger-types.test.ts:^[[2m123:42^[[22m^[[39m
integration (node 24)	Run npm run test:integration	2026-08-23T01:36:34.4075346Z 
integration (node 24)	Run npm run test:integration	2026-08-23T01:36:34.4075726Z ^[[31m^[[2m⎯⎯⎯⎯⎯⎯⎯⎯⎯⎯⎯⎯⎯⎯⎯⎯⎯⎯⎯⎯⎯[39/124]⎯^[[22m^[[39m
integration (node 24)	Run npm run test:integration	2026-08-23T01:36:34.4076056Z 
integration (node 24)	Run npm run test:integration	2026-08-23T01:36:34.4077981Z ^[[41m^[[1m FAIL ^[[22m^[[49m packages/core/test/integration/mutation-transactionality.test.ts^[[2m > ^[[22mruntime mutation transactionality (W2)^[[2m > ^[[22mrejects destroying a source without changing graph state or the observation wire
integration (node 24)	Run npm run test:integration	2026-08-23T01:36:34.4082917Z ^[[31m^[[1mTypeError^[[22m: property-stops-wrapper at addTrack(root).keyframes.transform.values.x: The { stops: [...] } wrapper is retired; author the stops array directly as the value. property-stops-wrapper at addTrack(root).keyframes.transform.values.y: The { stops: [...] } wrapper is retired; author the stops array directly as the value. property-stops-wrapper at addTrack(root).keyframes.transform.values.rotation: The { stops: [...] } wrapper is retired; author the stops array directly as the value.^[[39m
integration (node 24)	Run npm run test:integration	2026-08-23T01:36:34.4085051Z ^[[36m ^[[2m❯^[[22m ProjectRuntime.#addTrack packages/core/src/runtime/project-runtime.ts:^[[2m281:13^[[22m^[[39m
integration (node 24)	Run npm run test:integration	2026-08-23T01:36:34.4085831Z     ^[[90m279|^[[39m     const validation = validateTrackDefinition(track, `addTrack(${trac…
integration (node 24)	Run npm run test:integration	2026-08-23T01:36:34.4086973Z     ^[[90m280|^[[39m     ^[[35mif^[[39m (^[[33m!^[[39mvalidation^[[33m.^[[39mvalid ^[[33m||^[[39m ^[[33m!^[[39mvalidation^[[33m.^[[39mvalue)
integration (node 24)	Run npm run test:integration	2026-08-23T01:36:34.4088164Z     ^[[90m281|^[[39m       ^[[35mthrow^[[39m ^[[35mnew^[[39m ^[[33mTypeError^[[39m(^[[34mdescribeDiagnostics^[[39m(validation^[[33m.^[[39mdiagnostics))^[[33m;^[[39m
integration (node 24)	Run npm run test:integration	2026-08-23T01:36:34.4089392Z     ^[[90m   |^[[39m             ^[[31m^^[[39m
integration (node 24)	Run npm run test:integration	2026-08-23T01:36:34.4089996Z     ^[[90m282|^[[39m     ^[[35mconst^[[39m accepted ^[[33m=^[[39m validation^[[33m.^[[39mvalue^[[33m;^[[39m
integration (node 24)	Run npm run test:integration	2026-08-23T01:36:34.4091049Z     ^[[90m283|^[[39m     ^[[35mconst^[[39m token ^[[33m=^[[39m ^[[35mthis^[[39m^[[33m.^[[39m#nextToken^[[33m++^[[39m^[[33m;^[[39m
integration (node 24)	Run npm run test:integration	2026-08-23T01:36:34.4092102Z ^[[90m ^[[2m❯^[[22m ProjectRuntime.adopt packages/core/src/runtime/project-runtime.ts:^[[2m247:25^[[22m^[[39m
integration (node 24)	Run npm run test:integration	2026-08-23T01:36:34.4093269Z ^[[90m ^[[2m❯^[[22m Object.adopt packages/core/src/engine.ts:^[[2m86:47^[[22m^[[39m
integration (node 24)	Run npm run test:integration	2026-08-23T01:36:34.4094137Z ^[[90m ^[[2m❯^[[22m packages/core/test/integration/mutation-transactionality.test.ts:^[[2m79:25^[[22m^[[39m
integration (node 24)	Run npm run test:integration	2026-08-23T01:36:34.4095000Z 
integration (node 24)	Run npm run test:integration	2026-08-23T01:36:34.4095282Z ^[[31m^[[2m⎯⎯⎯⎯⎯⎯⎯⎯⎯⎯⎯⎯⎯⎯⎯⎯⎯⎯⎯⎯⎯[40/124]⎯^[[22m^[[39m
integration (node 24)	Run npm run test:integration	2026-08-23T01:36:34.4095622Z 
integration (node 24)	Run npm run test:integration	2026-08-23T01:36:34.4097078Z ^[[41m^[[1m FAIL ^[[22m^[[49m packages/core/test/integration/mutation-transactionality.test.ts^[[2m > ^[[22mruntime mutation transactionality (W2)^[[2m > ^[[22mleaves a rejected unknown-source adoption retryable
integration (node 24)	Run npm run test:integration	2026-08-23T01:36:34.4099163Z ^[[31m^[[1mAssertionError^[[22m: expected [Function] to throw error matching /observation-unknown-source/ but got 'property-stops-wrapper at addTrack(ch…'^[[39m
integration (node 24)	Run npm run test:integration	2026-08-23T01:36:34.4099982Z 
integration (node 24)	Run npm run test:integration	2026-08-23T01:36:34.4100190Z ^[[32m- Expected:^[[39m
integration (node 24)	Run npm run test:integration	2026-08-23T01:36:34.4100594Z /observation-unknown-source/
integration (node 24)	Run npm run test:integration	2026-08-23T01:36:34.4100764Z 
integration (node 24)	Run npm run test:integration	2026-08-23T01:36:34.4100899Z ^[[31m+ Received:^[[39m
integration (node 24)	Run npm run test:integration	2026-08-23T01:36:34.4101604Z "property-stops-wrapper at addTrack(child).keyframes.x: The { stops: [...] } wrapper is retired; author the stops array directly as the value."
integration (node 24)	Run npm run test:integration	2026-08-23T01:36:34.4102112Z 
integration (node 24)	Run npm run test:integration	2026-08-23T01:36:34.4102620Z ^[[36m ^[[2m❯^[[22m packages/core/test/integration/mutation-transactionality.test.ts:^[[2m118:48^[[22m^[[39m
integration (node 24)	Run npm run test:integration	2026-08-23T01:36:34.4103166Z     ^[[90m116|^[[39m     }^[[33m;^[[39m
integration (node 24)	Run npm run test:integration	2026-08-23T01:36:34.4103457Z     ^[[90m117|^[[39m
integration (node 24)	Run npm run test:integration	2026-08-23T01:36:34.4103966Z     ^[[90m118|^[[39m     expect(() => handle.adopt(invalid, owner)).toThrow(/observation-un…
integration (node 24)	Run npm run test:integration	2026-08-23T01:36:34.4104539Z     ^[[90m   |^[[39m                                                ^[[31m^^[[39m
integration (node 24)	Run npm run test:integration	2026-08-23T01:36:34.4104886Z     ^[[90m119|^[[39m
integration (node 24)	Run npm run test:integration	2026-08-23T01:36:34.4105353Z     ^[[90m120|^[[39m     const replacement = handle.adopt({ id: "child", keyframes: { x: ra…
integration (node 24)	Run npm run test:integration	2026-08-23T01:36:34.4105665Z 
integration (node 24)	Run npm run test:integration	2026-08-23T01:36:34.4105972Z ^[[31m^[[2m⎯⎯⎯⎯⎯⎯⎯⎯⎯⎯⎯⎯⎯⎯⎯⎯⎯⎯⎯⎯⎯[41/124]⎯^[[22m^[[39m
integration (node 24)	Run npm run test:integration	2026-08-23T01:36:34.4106296Z 
integration (node 24)	Run npm run test:integration	2026-08-23T01:36:34.4107676Z ^[[41m^[[1m FAIL ^[[22m^[[49m packages/core/test/integration/mutation-transactionality.test.ts^[[2m > ^[[22mruntime mutation transactionality (W2)^[[2m > ^[[22mleaves a rejected self-reference adoption retryable
integration (node 24)	Run npm run test:integration	2026-08-23T01:36:34.4109975Z ^[[31m^[[1mAssertionError^[[22m: expected [Function] to throw error matching /observation-self-reference/ but got 'property-stops-wrapper at addTrack(se…'^[[39m
integration (node 24)	Run npm run test:integration	2026-08-23T01:36:34.4110734Z 
integration (node 24)	Run npm run test:integration	2026-08-23T01:36:34.4110879Z ^[[32m- Expected:^[[39m
integration (node 24)	Run npm run test:integration	2026-08-23T01:36:34.4111258Z /observation-self-reference/
integration (node 24)	Run npm run test:integration	2026-08-23T01:36:34.4111521Z 
integration (node 24)	Run npm run test:integration	2026-08-23T01:36:34.4111726Z ^[[31m+ Received:^[[39m
integration (node 24)	Run npm run test:integration	2026-08-23T01:36:34.4112608Z "property-stops-wrapper at addTrack(self).keyframes.x: The { stops: [...] } wrapper is retired; author the stops array directly as the value."
integration (node 24)	Run npm run test:integration	2026-08-23T01:36:34.4113463Z 
integration (node 24)	Run npm run test:integration	2026-08-23T01:36:34.4114069Z ^[[36m ^[[2m❯^[[22m packages/core/test/integration/mutation-transactionality.test.ts:^[[2m140:48^[[22m^[[39m
integration (node 24)	Run npm run test:integration	2026-08-23T01:36:34.4114935Z     ^[[90m138|^[[39m     }^[[33m;^[[39m
integration (node 24)	Run npm run test:integration	2026-08-23T01:36:34.4115349Z     ^[[90m139|^[[39m
integration (node 24)	Run npm run test:integration	2026-08-23T01:36:34.4115883Z     ^[[90m140|^[[39m     expect(() => handle.adopt(invalid, owner)).toThrow(/observation-se…
integration (node 24)	Run npm run test:integration	2026-08-23T01:36:34.4116828Z     ^[[90m   |^[[39m                                                ^[[31m^^[[39m
integration (node 24)	Run npm run test:integration	2026-08-23T01:36:34.4117552Z     ^[[90m141|^[[39m     const replacement = handle.adopt({ id: "self", keyframes: { x: ram…
integration (node 24)	Run npm run test:integration	2026-08-23T01:36:34.4118790Z     ^[[90m142|^[[39m     ^[[34mexpect^[[39m(replacement^[[33m.^[[39mid)^[[33m.^[[39m^[[34mtoBe^[[39m(^[[32m"~/self"^[[39m)^[[33m;^[[39m
integration (node 24)	Run npm run test:integration	2026-08-23T01:36:34.4119370Z 
integration (node 24)	Run npm run test:integration	2026-08-23T01:36:34.4119621Z ^[[31m^[[2m⎯⎯⎯⎯⎯⎯⎯⎯⎯⎯⎯⎯⎯⎯⎯⎯⎯⎯⎯⎯⎯[42/124]⎯^[[22m^[[39m
integration (node 24)	Run npm run test:integration	2026-08-23T01:36:34.4119827Z 
integration (node 24)	Run npm run test:integration	2026-08-23T01:36:34.4121077Z ^[[41m^[[1m FAIL ^[[22m^[[49m packages/core/test/integration/observation-identity.test.ts^[[2m > ^[[22mobservation identity^[[2m > ^[[22mcovers source spelling across an add and its matching remove
integration (node 24)	Run npm run test:integration	2026-08-23T01:36:34.4124084Z ^[[31m^[[1mTypeError^[[22m: property-stops-wrapper at motions[0].tracks[0].keyframes.x: The { stops: [...] } wrapper is retired; author the stops array directly as the value. property-stops-wrapper at motions[0].tracks[1].keyframes.x: The { stops: [...] } wrapper is retired; author the stops array directly as the value.^[[39m
integration (node 24)	Run npm run test:integration	2026-08-23T01:36:34.4125839Z ^[[36m ^[[2m❯^[[22m assertValidProject packages/core/src/engine.ts:^[[2m101:11^[[22m^[[39m
integration (node 24)	Run npm run test:integration	2026-08-23T01:36:34.4126536Z     ^[[90m 99|^[[39m   ^[[35mconst^[[39m result ^[[33m=^[[39m ^[[34mvalidateV5^[[39m(project)^[[33m;^[[39m
integration (node 24)	Run npm run test:integration	2026-08-23T01:36:34.4127940Z     ^[[90m100|^[[39m   ^[[35mif^[[39m (^[[33m!^[[39mresult^[[33m.^[[39mvalid ^[[33m||^[[39m result^[[33m.^[[39mvalue ^[[33m===^[[39m ^[[35mnull^[[39m)
integration (node 24)	Run npm run test:integration	2026-08-23T01:36:34.4129130Z     ^[[90m101|^[[39m     ^[[35mthrow^[[39m ^[[35mnew^[[39m ^[[33mTypeError^[[39m(
integration (node 24)	Run npm run test:integration	2026-08-23T01:36:34.4129688Z     ^[[90m   |^[[39m           ^[[31m^^[[39m
integration (node 24)	Run npm run test:integration	2026-08-23T01:36:34.4130208Z     ^[[90m102|^[[39m       result^[[33m.^[[39mdiagnostics^[[33m.^[[39mlength ^[[33m===^[[39m ^[[34m0^[[39m
integration (node 24)	Run npm run test:integration	2026-08-23T01:36:34.4130947Z     ^[[90m103|^[[39m         ^[[33m?^[[39m ^[[32m"Project failed v5 validation."^[[39m
integration (node 24)	Run npm run test:integration	2026-08-23T01:36:34.4131861Z ^[[90m ^[[2m❯^[[22m Engine.load packages/core/src/engine.ts:^[[2m170:29^[[22m^[[39m
integration (node 24)	Run npm run test:integration	2026-08-23T01:36:34.4132844Z ^[[90m ^[[2m❯^[[22m makeHandle packages/core/test/integration/observation-identity.test.ts:^[[2m49:6^[[22m^[[39m
integration (node 24)	Run npm run test:integration	2026-08-23T01:36:34.4134168Z ^[[90m ^[[2m❯^[[22m packages/core/test/integration/observation-identity.test.ts:^[[2m66:20^[[22m^[[39m
integration (node 24)	Run npm run test:integration	2026-08-23T01:36:34.4134560Z 
integration (node 24)	Run npm run test:integration	2026-08-23T01:36:34.4134879Z ^[[31m^[[2m⎯⎯⎯⎯⎯⎯⎯⎯⎯⎯⎯⎯⎯⎯⎯⎯⎯⎯⎯⎯⎯[43/124]⎯^[[22m^[[39m
integration (node 24)	Run npm run test:integration	2026-08-23T01:36:34.4135210Z 
integration (node 24)	Run npm run test:integration	2026-08-23T01:36:34.4136396Z ^[[41m^[[1m FAIL ^[[22m^[[49m packages/core/test/integration/observation-identity.test.ts^[[2m > ^[[22mobservation identity^[[2m > ^[[22mdeduplicates equivalent observations and preserves no-op sequence
integration (node 24)	Run npm run test:integration	2026-08-23T01:36:34.4139706Z ^[[31m^[[1mTypeError^[[22m: property-stops-wrapper at motions[0].tracks[0].keyframes.x: The { stops: [...] } wrapper is retired; author the stops array directly as the value. property-stops-wrapper at motions[0].tracks[1].keyframes.x: The { stops: [...] } wrapper is retired; author the stops array directly as the value.^[[39m
integration (node 24)	Run npm run test:integration	2026-08-23T01:36:34.4141638Z ^[[36m ^[[2m❯^[[22m assertValidProject packages/core/src/engine.ts:^[[2m101:11^[[22m^[[39m
integration (node 24)	Run npm run test:integration	2026-08-23T01:36:34.4142733Z     ^[[90m 99|^[[39m   ^[[35mconst^[[39m result ^[[33m=^[[39m ^[[34mvalidateV5^[[39m(project)^[[33m;^[[39m
integration (node 24)	Run npm run test:integration	2026-08-23T01:36:34.4143601Z     ^[[90m100|^[[39m   ^[[35mif^[[39m (^[[33m!^[[39mresult^[[33m.^[[39mvalid ^[[33m||^[[39m result^[[33m.^[[39mvalue ^[[33m===^[[39m ^[[35mnull^[[39m)
integration (node 24)	Run npm run test:integration	2026-08-23T01:36:34.4144344Z     ^[[90m101|^[[39m     ^[[35mthrow^[[39m ^[[35mnew^[[39m ^[[33mTypeError^[[39m(
integration (node 24)	Run npm run test:integration	2026-08-23T01:36:34.4145005Z     ^[[90m   |^[[39m           ^[[31m^^[[39m
integration (node 24)	Run npm run test:integration	2026-08-23T01:36:34.4145697Z     ^[[90m102|^[[39m       result^[[33m.^[[39mdiagnostics^[[33m.^[[39mlength ^[[33m===^[[39m ^[[34m0^[[39m
integration (node 24)	Run npm run test:integration	2026-08-23T01:36:34.4146751Z     ^[[90m103|^[[39m         ^[[33m?^[[39m ^[[32m"Project failed v5 validation."^[[39m
integration (node 24)	Run npm run test:integration	2026-08-23T01:36:34.4147678Z ^[[90m ^[[2m❯^[[22m Engine.load packages/core/src/engine.ts:^[[2m170:29^[[22m^[[39m
integration (node 24)	Run npm run test:integration	2026-08-23T01:36:34.4149318Z ^[[90m ^[[2m❯^[[22m makeHandle packages/core/test/integration/observation-identity.test.ts:^[[2m49:6^[[22m^[[39m
integration (node 24)	Run npm run test:integration	2026-08-23T01:36:34.4150798Z ^[[90m ^[[2m❯^[[22m packages/core/test/integration/observation-identity.test.ts:^[[2m75:20^[[22m^[[39m
integration (node 24)	Run npm run test:integration	2026-08-23T01:36:34.4151391Z 
integration (node 24)	Run npm run test:integration	2026-08-23T01:36:34.4151833Z ^[[31m^[[2m⎯⎯⎯⎯⎯⎯⎯⎯⎯⎯⎯⎯⎯⎯⎯⎯⎯⎯⎯⎯⎯[44/124]⎯^[[22m^[[39m
integration (node 24)	Run npm run test:integration	2026-08-23T01:36:34.4152270Z 
integration (node 24)	Run npm run test:integration	2026-08-23T01:36:34.4153298Z ^[[41m^[[1m FAIL ^[[22m^[[49m packages/core/test/integration/observation-identity.test.ts^[[2m > ^[[22mobservation identity^[[2m > ^[[22mrejects an invalid free-track observation with stable diagnostics
integration (node 24)	Run npm run test:integration	2026-08-23T01:36:34.4157343Z ^[[31m^[[1mTypeError^[[22m: property-stops-wrapper at motions[0].tracks[0].keyframes.x: The { stops: [...] } wrapper is retired; author the stops array directly as the value. property-stops-wrapper at motions[0].tracks[1].keyframes.x: The { stops: [...] } wrapper is retired; author the stops array directly as the value. property-stops-wrapper at freeTracks[0].keyframes.x: The { stops: [...] } wrapper is retired; author the stops array directly as the value.^[[39m
integration (node 24)	Run npm run test:integration	2026-08-23T01:36:34.4159825Z ^[[36m ^[[2m❯^[[22m assertValidProject packages/core/src/engine.ts:^[[2m101:11^[[22m^[[39m
integration (node 24)	Run npm run test:integration	2026-08-23T01:36:34.4177705Z     ^[[90m 99|^[[39m   ^[[35mconst^[[39m result ^[[33m=^[[39m ^[[34mvalidateV5^[[39m(project)^[[33m;^[[39m
integration (node 24)	Run npm run test:integration	2026-08-23T01:36:34.4179406Z     ^[[90m100|^[[39m   ^[[35mif^[[39m (^[[33m!^[[39mresult^[[33m.^[[39mvalid ^[[33m||^[[39m result^[[33m.^[[39mvalue ^[[33m===^[[39m ^[[35mnull^[[39m)
integration (node 24)	Run npm run test:integration	2026-08-23T01:36:34.4180783Z     ^[[90m101|^[[39m     ^[[35mthrow^[[39m ^[[35mnew^[[39m ^[[33mTypeError^[[39m(
integration (node 24)	Run npm run test:integration	2026-08-23T01:36:34.4181240Z     ^[[90m   |^[[39m           ^[[31m^^[[39m
integration (node 24)	Run npm run test:integration	2026-08-23T01:36:34.4182108Z     ^[[90m102|^[[39m       result^[[33m.^[[39mdiagnostics^[[33m.^[[39mlength ^[[33m===^[[39m ^[[34m0^[[39m
integration (node 24)	Run npm run test:integration	2026-08-23T01:36:34.4182858Z     ^[[90m103|^[[39m         ^[[33m?^[[39m ^[[32m"Project failed v5 validation."^[[39m
integration (node 24)	Run npm run test:integration	2026-08-23T01:36:34.4183870Z ^[[90m ^[[2m❯^[[22m Engine.load packages/core/src/engine.ts:^[[2m170:29^[[22m^[[39m
integration (node 24)	Run npm run test:integration	2026-08-23T01:36:34.4184838Z ^[[90m ^[[2m❯^[[22m makeHandle packages/core/test/integration/observation-identity.test.ts:^[[2m49:6^[[22m^[[39m
integration (node 24)	Run npm run test:integration	2026-08-23T01:36:34.4186084Z ^[[90m ^[[2m❯^[[22m packages/core/test/integration/observation-identity.test.ts:^[[2m89:20^[[22m^[[39m
integration (node 24)	Run npm run test:integration	2026-08-23T01:36:34.4186477Z 
integration (node 24)	Run npm run test:integration	2026-08-23T01:36:34.4186761Z ^[[31m^[[2m⎯⎯⎯⎯⎯⎯⎯⎯⎯⎯⎯⎯⎯⎯⎯⎯⎯⎯⎯⎯⎯[45/124]⎯^[[22m^[[39m
integration (node 24)	Run npm run test:integration	2026-08-23T01:36:34.4187098Z 
integration (node 24)	Run npm run test:integration	2026-08-23T01:36:34.4188532Z ^[[41m^[[1m FAIL ^[[22m^[[49m packages/core/test/integration/observation-identity.test.ts^[[2m > ^[[22mobservation identity^[[2m > ^[[22mV-7 refuses an authored target through addObserve on either role
integration (node 24)	Run npm run test:integration	2026-08-23T01:36:34.4191850Z ^[[31m^[[1mTypeError^[[22m: property-stops-wrapper at motions[0].tracks[0].keyframes.x: The { stops: [...] } wrapper is retired; author the stops array directly as the value. property-stops-wrapper at motions[0].tracks[1].keyframes.x: The { stops: [...] } wrapper is retired; author the stops array directly as the value.^[[39m
integration (node 24)	Run npm run test:integration	2026-08-23T01:36:34.4194159Z ^[[36m ^[[2m❯^[[22m assertValidProject packages/core/src/engine.ts:^[[2m101:11^[[22m^[[39m
integration (node 24)	Run npm run test:integration	2026-08-23T01:36:34.4195128Z     ^[[90m 99|^[[39m   ^[[35mconst^[[39m result ^[[33m=^[[39m ^[[34mvalidateV5^[[39m(project)^[[33m;^[[39m
integration (node 24)	Run npm run test:integration	2026-08-23T01:36:34.4196387Z     ^[[90m100|^[[39m   ^[[35mif^[[39m (^[[33m!^[[39mresult^[[33m.^[[39mvalid ^[[33m||^[[39m result^[[33m.^[[39mvalue ^[[33m===^[[39m ^[[35mnull^[[39m)
integration (node 24)	Run npm run test:integration	2026-08-23T01:36:34.4197574Z     ^[[90m101|^[[39m     ^[[35mthrow^[[39m ^[[35mnew^[[39m ^[[33mTypeError^[[39m(
integration (node 24)	Run npm run test:integration	2026-08-23T01:36:34.4198258Z     ^[[90m   |^[[39m           ^[[31m^^[[39m
integration (node 24)	Run npm run test:integration	2026-08-23T01:36:34.4199370Z     ^[[90m102|^[[39m       result^[[33m.^[[39mdiagnostics^[[33m.^[[39mlength ^[[33m===^[[39m ^[[34m0^[[39m
integration (node 24)	Run npm run test:integration	2026-08-23T01:36:34.4200391Z     ^[[90m103|^[[39m         ^[[33m?^[[39m ^[[32m"Project failed v5 validation."^[[39m
integration (node 24)	Run npm run test:integration	2026-08-23T01:36:34.4201404Z ^[[90m ^[[2m❯^[[22m Engine.load packages/core/src/engine.ts:^[[2m170:29^[[22m^[[39m
integration (node 24)	Run npm run test:integration	2026-08-23T01:36:34.4202731Z ^[[90m ^[[2m❯^[[22m makeHandle packages/core/test/integration/observation-identity.test.ts:^[[2m49:6^[[22m^[[39m
integration (node 24)	Run npm run test:integration	2026-08-23T01:36:34.4204147Z ^[[90m ^[[2m❯^[[22m packages/core/test/integration/observation-identity.test.ts:^[[2m95:20^[[22m^[[39m
integration (node 24)	Run npm run test:integration	2026-08-23T01:36:34.4204757Z 
integration (node 24)	Run npm run test:integration	2026-08-23T01:36:34.4205135Z ^[[31m^[[2m⎯⎯⎯⎯⎯⎯⎯⎯⎯⎯⎯⎯⎯⎯⎯⎯⎯⎯⎯⎯⎯[46/124]⎯^[[22m^[[39m
integration (node 24)	Run npm run test:integration	2026-08-23T01:36:34.4205474Z 
integration (node 24)	Run npm run test:integration	2026-08-23T01:36:34.4207061Z ^[[41m^[[1m FAIL ^[[22m^[[49m packages/core/test/integration/observation-identity.test.ts^[[2m > ^[[22mobservation identity^[[2m > ^[[22mJ-7 refuses an authored role or projection through addObserve
integration (node 24)	Run npm run test:integration	2026-08-23T01:36:34.4210853Z ^[[31m^[[1mTypeError^[[22m: property-stops-wrapper at motions[0].tracks[0].keyframes.x: The { stops: [...] } wrapper is retired; author the stops array directly as the value. property-stops-wrapper at motions[0].tracks[1].keyframes.x: The { stops: [...] } wrapper is retired; author the stops array directly as the value.^[[39m
integration (node 24)	Run npm run test:integration	2026-08-23T01:36:34.4212942Z ^[[36m ^[[2m❯^[[22m assertValidProject packages/core/src/engine.ts:^[[2m101:11^[[22m^[[39m
integration (node 24)	Run npm run test:integration	2026-08-23T01:36:34.4213846Z     ^[[90m 99|^[[39m   ^[[35mconst^[[39m result ^[[33m=^[[39m ^[[34mvalidateV5^[[39m(project)^[[33m;^[[39m
integration (node 24)	Run npm run test:integration	2026-08-23T01:36:34.4214999Z     ^[[90m100|^[[39m   ^[[35mif^[[39m (^[[33m!^[[39mresult^[[33m.^[[39mvalid ^[[33m||^[[39m result^[[33m.^[[39mvalue ^[[33m===^[[39m ^[[35mnull^[[39m)
integration (node 24)	Run npm run test:integration	2026-08-23T01:36:34.4216014Z     ^[[90m101|^[[39m     ^[[35mthrow^[[39m ^[[35mnew^[[39m ^[[33mTypeError^[[39m(
integration (node 24)	Run npm run test:integration	2026-08-23T01:36:34.4216782Z     ^[[90m   |^[[39m           ^[[31m^^[[39m
integration (node 24)	Run npm run test:integration	2026-08-23T01:36:34.4217612Z     ^[[90m102|^[[39m       result^[[33m.^[[39mdiagnostics^[[33m.^[[39mlength ^[[33m===^[[39m ^[[34m0^[[39m
integration (node 24)	Run npm run test:integration	2026-08-23T01:36:34.4218579Z     ^[[90m103|^[[39m         ^[[33m?^[[39m ^[[32m"Project failed v5 validation."^[[39m
integration (node 24)	Run npm run test:integration	2026-08-23T01:36:34.4219714Z ^[[90m ^[[2m❯^[[22m Engine.load packages/core/src/engine.ts:^[[2m170:29^[[22m^[[39m
integration (node 24)	Run npm run test:integration	2026-08-23T01:36:34.4220780Z ^[[90m ^[[2m❯^[[22m makeHandle packages/core/test/integration/observation-identity.test.ts:^[[2m49:6^[[22m^[[39m
integration (node 24)	Run npm run test:integration	2026-08-23T01:36:34.4221883Z ^[[90m ^[[2m❯^[[22m packages/core/test/integration/observation-identity.test.ts:^[[2m103:20^[[22m^[[39m
integration (node 24)	Run npm run test:integration	2026-08-23T01:36:34.4222498Z 
integration (node 24)	Run npm run test:integration	2026-08-23T01:36:34.4222855Z ^[[31m^[[2m⎯⎯⎯⎯⎯⎯⎯⎯⎯⎯⎯⎯⎯⎯⎯⎯⎯⎯⎯⎯⎯[47/124]⎯^[[22m^[[39m
integration (node 24)	Run npm run test:integration	2026-08-23T01:36:34.4223173Z 
integration (node 24)	Run npm run test:integration	2026-08-23T01:36:34.4224727Z ^[[41m^[[1m FAIL ^[[22m^[[49m packages/core/test/integration/option-c-track-resolution.test.ts^[[2m > ^[[22moption C: compiled Track ownership through the public surface^[[2m > ^[[22mC-9 keeps a motion-owned track live through replacement
integration (node 24)	Run npm run test:integration	2026-08-23T01:36:34.4226873Z ^[[31m^[[1mTypeError^[[22m: property-stops-wrapper at motions[0].tracks[0].keyframes.x: The { stops: [...] } wrapper is retired; author the stops array directly as the value.^[[39m
integration (node 24)	Run npm run test:integration	2026-08-23T01:36:34.4228489Z ^[[36m ^[[2m❯^[[22m assertValidProject packages/core/src/engine.ts:^[[2m101:11^[[22m^[[39m
integration (node 24)	Run npm run test:integration	2026-08-23T01:36:34.4229792Z     ^[[90m 99|^[[39m   ^[[35mconst^[[39m result ^[[33m=^[[39m ^[[34mvalidateV5^[[39m(project)^[[33m;^[[39m
integration (node 24)	Run npm run test:integration	2026-08-23T01:36:34.4231092Z     ^[[90m100|^[[39m   ^[[35mif^[[39m (^[[33m!^[[39mresult^[[33m.^[[39mvalid ^[[33m||^[[39m result^[[33m.^[[39mvalue ^[[33m===^[[39m ^[[35mnull^[[39m)
integration (node 24)	Run npm run test:integration	2026-08-23T01:36:34.4232229Z     ^[[90m101|^[[39m     ^[[35mthrow^[[39m ^[[35mnew^[[39m ^[[33mTypeError^[[39m(
integration (node 24)	Run npm run test:integration	2026-08-23T01:36:34.4232912Z     ^[[90m   |^[[39m           ^[[31m^^[[39m
integration (node 24)	Run npm run test:integration	2026-08-23T01:36:34.4233768Z     ^[[90m102|^[[39m       result^[[33m.^[[39mdiagnostics^[[33m.^[[39mlength ^[[33m===^[[39m ^[[34m0^[[39m
integration (node 24)	Run npm run test:integration	2026-08-23T01:36:34.4234740Z     ^[[90m103|^[[39m         ^[[33m?^[[39m ^[[32m"Project failed v5 validation."^[[39m
integration (node 24)	Run npm run test:integration	2026-08-23T01:36:34.4235398Z ^[[90m ^[[2m❯^[[22m Engine.load packages/core/src/engine.ts:^[[2m170:29^[[22m^[[39m
integration (node 24)	Run npm run test:integration	2026-08-23T01:36:34.4236340Z ^[[90m ^[[2m❯^[[22m load packages/core/test/integration/option-c-track-resolution.test.ts:^[[2m30:6^[[22m^[[39m
integration (node 24)	Run npm run test:integration	2026-08-23T01:36:34.4237284Z ^[[90m ^[[2m❯^[[22m packages/core/test/integration/option-c-track-resolution.test.ts:^[[2m60:42^[[22m^[[39m
integration (node 24)	Run npm run test:integration	2026-08-23T01:36:34.4237673Z 
integration (node 24)	Run npm run test:integration	2026-08-23T01:36:34.4237931Z ^[[31m^[[2m⎯⎯⎯⎯⎯⎯⎯⎯⎯⎯⎯⎯⎯⎯⎯⎯⎯⎯⎯⎯⎯[48/124]⎯^[[22m^[[39m
integration (node 24)	Run npm run test:integration	2026-08-23T01:36:34.4238143Z 
integration (node 24)	Run npm run test:integration	2026-08-23T01:36:34.4239527Z ^[[41m^[[1m FAIL ^[[22m^[[49m packages/core/test/integration/option-c-track-resolution.test.ts^[[2m > ^[[22moption C: compiled Track ownership through the public surface^[[2m > ^[[22mC-10 preserves the array index and stagger timing across a replacement
integration (node 24)	Run npm run test:integration	2026-08-23T01:36:34.4242482Z ^[[31m^[[1mTypeError^[[22m: property-stops-wrapper at motions[0].tracks[0].keyframes.x: The { stops: [...] } wrapper is retired; author the stops array directly as the value. property-stops-wrapper at motions[0].tracks[1].keyframes.x: The { stops: [...] } wrapper is retired; author the stops array directly as the value. property-stops-wrapper at motions[0].tracks[2].keyframes.x: The { stops: [...] } wrapper is retired; author the stops array directly as the value.^[[39m
integration (node 24)	Run npm run test:integration	2026-08-23T01:36:34.4244287Z ^[[36m ^[[2m❯^[[22m assertValidProject packages/core/src/engine.ts:^[[2m101:11^[[22m^[[39m
integration (node 24)	Run npm run test:integration	2026-08-23T01:36:34.4244964Z     ^[[90m 99|^[[39m   ^[[35mconst^[[39m result ^[[33m=^[[39m ^[[34mvalidateV5^[[39m(project)^[[33m;^[[39m
integration (node 24)	Run npm run test:integration	2026-08-23T01:36:34.4245762Z     ^[[90m100|^[[39m   ^[[35mif^[[39m (^[[33m!^[[39mresult^[[33m.^[[39mvalid ^[[33m||^[[39m result^[[33m.^[[39mvalue ^[[33m===^[[39m ^[[35mnull^[[39m)
integration (node 24)	Run npm run test:integration	2026-08-23T01:36:34.4246444Z     ^[[90m101|^[[39m     ^[[35mthrow^[[39m ^[[35mnew^[[39m ^[[33mTypeError^[[39m(
integration (node 24)	Run npm run test:integration	2026-08-23T01:36:34.4246866Z     ^[[90m   |^[[39m           ^[[31m^^[[39m
integration (node 24)	Run npm run test:integration	2026-08-23T01:36:34.4247384Z     ^[[90m102|^[[39m       result^[[33m.^[[39mdiagnostics^[[33m.^[[39mlength ^[[33m===^[[39m ^[[34m0^[[39m
integration (node 24)	Run npm run test:integration	2026-08-23T01:36:34.4250023Z     ^[[90m103|^[[39m         ^[[33m?^[[39m ^[[32m"Project failed v5 validation."^[[39m
integration (node 24)	Run npm run test:integration	2026-08-23T01:36:34.4250898Z ^[[90m ^[[2m❯^[[22m Engine.load packages/core/src/engine.ts:^[[2m170:29^[[22m^[[39m
integration (node 24)	Run npm run test:integration	2026-08-23T01:36:34.4251720Z ^[[90m ^[[2m❯^[[22m load packages/core/test/integration/option-c-track-resolution.test.ts:^[[2m30:6^[[22m^[[39m
integration (node 24)	Run npm run test:integration	2026-08-23T01:36:34.4252591Z ^[[90m ^[[2m❯^[[22m packages/core/test/integration/option-c-track-resolution.test.ts:^[[2m73:42^[[22m^[[39m
integration (node 24)	Run npm run test:integration	2026-08-23T01:36:34.4252964Z 
integration (node 24)	Run npm run test:integration	2026-08-23T01:36:34.4253209Z ^[[31m^[[2m⎯⎯⎯⎯⎯⎯⎯⎯⎯⎯⎯⎯⎯⎯⎯⎯⎯⎯⎯⎯⎯[49/124]⎯^[[22m^[[39m
integration (node 24)	Run npm run test:integration	2026-08-23T01:36:34.4253543Z 
integration (node 24)	Run npm run test:integration	2026-08-23T01:36:34.4254676Z ^[[41m^[[1m FAIL ^[[22m^[[49m packages/core/test/integration/option-c-track-resolution.test.ts^[[2m > ^[[22moption C: compiled Track ownership through the public surface^[[2m > ^[[22mC-11 keeps the observation replacement path resolvable
integration (node 24)	Run npm run test:integration	2026-08-23T01:36:34.4257046Z ^[[31m^[[1mTypeError^[[22m: property-stops-wrapper at motions[0].tracks[0].keyframes.x: The { stops: [...] } wrapper is retired; author the stops array directly as the value. property-stops-wrapper at motions[0].tracks[1].keyframes.x: The { stops: [...] } wrapper is retired; author the stops array directly as the value.^[[39m
integration (node 24)	Run npm run test:integration	2026-08-23T01:36:34.4258659Z ^[[36m ^[[2m❯^[[22m assertValidProject packages/core/src/engine.ts:^[[2m101:11^[[22m^[[39m
integration (node 24)	Run npm run test:integration	2026-08-23T01:36:34.4259553Z     ^[[90m 99|^[[39m   ^[[35mconst^[[39m result ^[[33m=^[[39m ^[[34mvalidateV5^[[39m(project)^[[33m;^[[39m
integration (node 24)	Run npm run test:integration	2026-08-23T01:36:34.4260365Z     ^[[90m100|^[[39m   ^[[35mif^[[39m (^[[33m!^[[39mresult^[[33m.^[[39mvalid ^[[33m||^[[39m result^[[33m.^[[39mvalue ^[[33m===^[[39m ^[[35mnull^[[39m)
integration (node 24)	Run npm run test:integration	2026-08-23T01:36:34.4261062Z     ^[[90m101|^[[39m     ^[[35mthrow^[[39m ^[[35mnew^[[39m ^[[33mTypeError^[[39m(
integration (node 24)	Run npm run test:integration	2026-08-23T01:36:34.4261680Z     ^[[90m   |^[[39m           ^[[31m^^[[39m
integration (node 24)	Run npm run test:integration	2026-08-23T01:36:34.4262212Z     ^[[90m102|^[[39m       result^[[33m.^[[39mdiagnostics^[[33m.^[[39mlength ^[[33m===^[[39m ^[[34m0^[[39m
integration (node 24)	Run npm run test:integration	2026-08-23T01:36:34.4262827Z     ^[[90m103|^[[39m         ^[[33m?^[[39m ^[[32m"Project failed v5 validation."^[[39m
integration (node 24)	Run npm run test:integration	2026-08-23T01:36:34.4263732Z ^[[90m ^[[2m❯^[[22m Engine.load packages/core/src/engine.ts:^[[2m170:29^[[22m^[[39m
integration (node 24)	Run npm run test:integration	2026-08-23T01:36:34.4264526Z ^[[90m ^[[2m❯^[[22m load packages/core/test/integration/option-c-track-resolution.test.ts:^[[2m30:6^[[22m^[[39m
integration (node 24)	Run npm run test:integration	2026-08-23T01:36:34.4265803Z ^[[90m ^[[2m❯^[[22m packages/core/test/integration/option-c-track-resolution.test.ts:^[[2m88:35^[[22m^[[39m
integration (node 24)	Run npm run test:integration	2026-08-23T01:36:34.4266435Z 
integration (node 24)	Run npm run test:integration	2026-08-23T01:36:34.4266824Z ^[[31m^[[2m⎯⎯⎯⎯⎯⎯⎯⎯⎯⎯⎯⎯⎯⎯⎯⎯⎯⎯⎯⎯⎯[50/124]⎯^[[22m^[[39m
integration (node 24)	Run npm run test:integration	2026-08-23T01:36:34.4267157Z 
integration (node 24)	Run npm run test:integration	2026-08-23T01:36:34.4268480Z ^[[41m^[[1m FAIL ^[[22m^[[49m packages/core/test/integration/option-c-track-resolution.test.ts^[[2m > ^[[22moption C: compiled Track ownership through the public surface^[[2m > ^[[22mC-12 disposes every compiled timeline exactly once
integration (node 24)	Run npm run test:integration	2026-08-23T01:36:34.4272398Z ^[[31m^[[1mTypeError^[[22m: property-stops-wrapper at motions[0].tracks[0].keyframes.x: The { stops: [...] } wrapper is retired; author the stops array directly as the value. property-stops-wrapper at motions[0].tracks[1].keyframes.x: The { stops: [...] } wrapper is retired; author the stops array directly as the value.^[[39m
integration (node 24)	Run npm run test:integration	2026-08-23T01:36:34.4274702Z ^[[36m ^[[2m❯^[[22m assertValidProject packages/core/src/engine.ts:^[[2m101:11^[[22m^[[39m
integration (node 24)	Run npm run test:integration	2026-08-23T01:36:34.4275795Z     ^[[90m 99|^[[39m   ^[[35mconst^[[39m result ^[[33m=^[[39m ^[[34mvalidateV5^[[39m(project)^[[33m;^[[39m
integration (node 24)	Run npm run test:integration	2026-08-23T01:36:34.4277110Z     ^[[90m100|^[[39m   ^[[35mif^[[39m (^[[33m!^[[39mresult^[[33m.^[[39mvalid ^[[33m||^[[39m result^[[33m.^[[39mvalue ^[[33m===^[[39m ^[[35mnull^[[39m)
integration (node 24)	Run npm run test:integration	2026-08-23T01:36:34.4278213Z     ^[[90m101|^[[39m     ^[[35mthrow^[[39m ^[[35mnew^[[39m ^[[33mTypeError^[[39m(
integration (node 24)	Run npm run test:integration	2026-08-23T01:36:34.4278877Z     ^[[90m   |^[[39m           ^[[31m^^[[39m
integration (node 24)	Run npm run test:integration	2026-08-23T01:36:34.4279882Z     ^[[90m102|^[[39m       result^[[33m.^[[39mdiagnostics^[[33m.^[[39mlength ^[[33m===^[[39m ^[[34m0^[[39m
integration (node 24)	Run npm run test:integration	2026-08-23T01:36:34.4280848Z     ^[[90m103|^[[39m         ^[[33m?^[[39m ^[[32m"Project failed v5 validation."^[[39m
integration (node 24)	Run npm run test:integration	2026-08-23T01:36:34.4281822Z ^[[90m ^[[2m❯^[[22m Engine.load packages/core/src/engine.ts:^[[2m170:29^[[22m^[[39m
integration (node 24)	Run npm run test:integration	2026-08-23T01:36:34.4283304Z ^[[90m ^[[2m❯^[[22m load packages/core/test/integration/option-c-track-resolution.test.ts:^[[2m30:6^[[22m^[[39m
integration (node 24)	Run npm run test:integration	2026-08-23T01:36:34.4284878Z ^[[90m ^[[2m❯^[[22m packages/core/test/integration/option-c-track-resolution.test.ts:^[[2m104:24^[[22m^[[39m
integration (node 24)	Run npm run test:integration	2026-08-23T01:36:34.4285522Z 
integration (node 24)	Run npm run test:integration	2026-08-23T01:36:34.4285883Z ^[[31m^[[2m⎯⎯⎯⎯⎯⎯⎯⎯⎯⎯⎯⎯⎯⎯⎯⎯⎯⎯⎯⎯⎯[51/124]⎯^[[22m^[[39m
integration (node 24)	Run npm run test:integration	2026-08-23T01:36:34.4286205Z 
integration (node 24)	Run npm run test:integration	2026-08-23T01:36:34.4288044Z ^[[41m^[[1m FAIL ^[[22m^[[49m packages/core/test/integration/option-c-track-resolution.test.ts^[[2m > ^[[22moption C: compiled Track ownership through the public surface^[[2m > ^[[22mC-13 keeps runtime add and remove in step with the resolver
integration (node 24)	Run npm run test:integration	2026-08-23T01:36:34.4290929Z ^[[31m^[[1mTypeError^[[22m: property-stops-wrapper at motions[0].tracks[0].keyframes.x: The { stops: [...] } wrapper is retired; author the stops array directly as the value.^[[39m
integration (node 24)	Run npm run test:integration	2026-08-23T01:36:34.4292535Z ^[[36m ^[[2m❯^[[22m assertValidProject packages/core/src/engine.ts:^[[2m101:11^[[22m^[[39m
integration (node 24)	Run npm run test:integration	2026-08-23T01:36:34.4293481Z     ^[[90m 99|^[[39m   ^[[35mconst^[[39m result ^[[33m=^[[39m ^[[34mvalidateV5^[[39m(project)^[[33m;^[[39m
integration (node 24)	Run npm run test:integration	2026-08-23T01:36:34.4294284Z     ^[[90m100|^[[39m   ^[[35mif^[[39m (^[[33m!^[[39mresult^[[33m.^[[39mvalid ^[[33m||^[[39m result^[[33m.^[[39mvalue ^[[33m===^[[39m ^[[35mnull^[[39m)
integration (node 24)	Run npm run test:integration	2026-08-23T01:36:34.4294983Z     ^[[90m101|^[[39m     ^[[35mthrow^[[39m ^[[35mnew^[[39m ^[[33mTypeError^[[39m(
integration (node 24)	Run npm run test:integration	2026-08-23T01:36:34.4295405Z     ^[[90m   |^[[39m           ^[[31m^^[[39m
integration (node 24)	Run npm run test:integration	2026-08-23T01:36:34.4295927Z     ^[[90m102|^[[39m       result^[[33m.^[[39mdiagnostics^[[33m.^[[39mlength ^[[33m===^[[39m ^[[34m0^[[39m
integration (node 24)	Run npm run test:integration	2026-08-23T01:36:34.4296509Z     ^[[90m103|^[[39m         ^[[33m?^[[39m ^[[32m"Project failed v5 validation."^[[39m
integration (node 24)	Run npm run test:integration	2026-08-23T01:36:34.4297105Z ^[[90m ^[[2m❯^[[22m Engine.load packages/core/src/engine.ts:^[[2m170:29^[[22m^[[39m
integration (node 24)	Run npm run test:integration	2026-08-23T01:36:34.4297866Z ^[[90m ^[[2m❯^[[22m load packages/core/test/integration/option-c-track-resolution.test.ts:^[[2m30:6^[[22m^[[39m
integration (node 24)	Run npm run test:integration	2026-08-23T01:36:34.4298715Z ^[[90m ^[[2m❯^[[22m packages/core/test/integration/option-c-track-resolution.test.ts:^[[2m113:35^[[22m^[[39m
integration (node 24)	Run npm run test:integration	2026-08-23T01:36:34.4299318Z 
integration (node 24)	Run npm run test:integration	2026-08-23T01:36:34.4299553Z ^[[31m^[[2m⎯⎯⎯⎯⎯⎯⎯⎯⎯⎯⎯⎯⎯⎯⎯⎯⎯⎯⎯⎯⎯[52/124]⎯^[[22m^[[39m
integration (node 24)	Run npm run test:integration	2026-08-23T01:36:34.4299769Z 
integration (node 24)	Run npm run test:integration	2026-08-23T01:36:34.4303572Z ^[[41m^[[1m FAIL ^[[22m^[[49m packages/core/test/integration/per-plugin-key-ownership.test.ts^[[2m > ^[[22mper-plugin keyframe key ownership^[[2m > ^[[22mN-8 composes a rig from two plugins that both claim rotation
integration (node 24)	Run npm run test:integration	2026-08-23T01:36:34.4308253Z ^[[31m^[[1mTypeError^[[22m: property-stops-wrapper at motions[0].tracks[0].keyframes.transform.values.x: The { stops: [...] } wrapper is retired; author the stops array directly as the value. property-stops-wrapper at motions[0].tracks[0].keyframes.transform.values.y: The { stops: [...] } wrapper is retired; author the stops array directly as the value. property-stops-wrapper at motions[0].tracks[0].keyframes.transform.values.rotation: The { stops: [...] } wrapper is retired; author the stops array directly as the value. property-stops-wrapper at motions[0].tracks[1].keyframes.fk.values.length: The { stops: [...] } wrapper is retired; author the stops array directly as the value. property-stops-wrapper at motions[0].tracks[1].keyframes.fk.values.rotation: The { stops: [...] } wrapper is retired; author the stops array directly as the value.^[[39m
integration (node 24)	Run npm run test:integration	2026-08-23T01:36:34.4311601Z ^[[36m ^[[2m❯^[[22m assertValidProject packages/core/src/engine.ts:^[[2m101:11^[[22m^[[39m
integration (node 24)	Run npm run test:integration	2026-08-23T01:36:34.4312283Z     ^[[90m 99|^[[39m   ^[[35mconst^[[39m result ^[[33m=^[[39m ^[[34mvalidateV5^[[39m(project)^[[33m;^[[39m
integration (node 24)	Run npm run test:integration	2026-08-23T01:36:34.4313184Z     ^[[90m100|^[[39m   ^[[35mif^[[39m (^[[33m!^[[39mresult^[[33m.^[[39mvalid ^[[33m||^[[39m result^[[33m.^[[39mvalue ^[[33m===^[[39m ^[[35mnull^[[39m)
integration (node 24)	Run npm run test:integration	2026-08-23T01:36:34.4313877Z     ^[[90m101|^[[39m     ^[[35mthrow^[[39m ^[[35mnew^[[39m ^[[33mTypeError^[[39m(
integration (node 24)	Run npm run test:integration	2026-08-23T01:36:34.4314298Z     ^[[90m   |^[[39m           ^[[31m^^[[39m
integration (node 24)	Run npm run test:integration	2026-08-23T01:36:34.4314828Z     ^[[90m102|^[[39m       result^[[33m.^[[39mdiagnostics^[[33m.^[[39mlength ^[[33m===^[[39m ^[[34m0^[[39m
integration (node 24)	Run npm run test:integration	2026-08-23T01:36:34.4315420Z     ^[[90m103|^[[39m         ^[[33m?^[[39m ^[[32m"Project failed v5 validation."^[[39m
integration (node 24)	Run npm run test:integration	2026-08-23T01:36:34.4316358Z ^[[90m ^[[2m❯^[[22m Engine.load packages/core/src/engine.ts:^[[2m170:29^[[22m^[[39m
integration (node 24)	Run npm run test:integration	2026-08-23T01:36:34.4317281Z ^[[90m ^[[2m❯^[[22m load packages/core/test/integration/per-plugin-key-ownership.test.ts:^[[2m76:6^[[22m^[[39m
integration (node 24)	Run npm run test:integration	2026-08-23T01:36:34.4318130Z ^[[90m ^[[2m❯^[[22m packages/core/test/integration/per-plugin-key-ownership.test.ts:^[[2m95:20^[[22m^[[39m
integration (node 24)	Run npm run test:integration	2026-08-23T01:36:34.4318508Z 
integration (node 24)	Run npm run test:integration	2026-08-23T01:36:34.4318747Z ^[[31m^[[2m⎯⎯⎯⎯⎯⎯⎯⎯⎯⎯⎯⎯⎯⎯⎯⎯⎯⎯⎯⎯⎯[53/124]⎯^[[22m^[[39m
integration (node 24)	Run npm run test:integration	2026-08-23T01:36:34.4319138Z 
integration (node 24)	Run npm run test:integration	2026-08-23T01:36:34.4320175Z ^[[41m^[[1m FAIL ^[[22m^[[49m packages/core/test/integration/per-plugin-key-ownership.test.ts^[[2m > ^[[22mper-plugin keyframe key ownership^[[2m > ^[[22mN-9 refuses the flat spelling of a key both plugins claim
integration (node 24)	Run npm run test:integration	2026-08-23T01:36:34.4321741Z ^[[31m^[[1mAssertionError^[[22m: expected [Function] to throw error matching /plugin-ambiguous-key/ but got 'property-stops-wrapper at motions[0].…'^[[39m
integration (node 24)	Run npm run test:integration	2026-08-23T01:36:34.4322336Z 
integration (node 24)	Run npm run test:integration	2026-08-23T01:36:34.4322524Z ^[[32m- Expected:^[[39m
integration (node 24)	Run npm run test:integration	2026-08-23T01:36:34.4322807Z /plugin-ambiguous-key/
integration (node 24)	Run npm run test:integration	2026-08-23T01:36:34.4322966Z 
integration (node 24)	Run npm run test:integration	2026-08-23T01:36:34.4323123Z ^[[31m+ Received:^[[39m
integration (node 24)	Run npm run test:integration	2026-08-23T01:36:34.4326673Z "property-stops-wrapper at motions[0].tracks[0].keyframes.transform.values.x: The { stops: [...] } wrapper is retired; author the stops array directly as the value. property-stops-wrapper at motions[0].tracks[0].keyframes.transform.values.y: The { stops: [...] } wrapper is retired; author the stops array directly as the value. property-stops-wrapper at motions[0].tracks[0].keyframes.transform.values.rotation: The { stops: [...] } wrapper is retired; author the stops array directly as the value. property-stops-wrapper at motions[0].tracks[1].keyframes.fk.values.length: The { stops: [...] } wrapper is retired; author the stops array directly as the value. property-stops-wrapper at motions[0].tracks[1].keyframes.rotation: The { stops: [...] } wrapper is retired; author the stops array directly as the value."
integration (node 24)	Run npm run test:integration	2026-08-23T01:36:34.4329560Z 
integration (node 24)	Run npm run test:integration	2026-08-23T01:36:34.4330069Z ^[[36m ^[[2m❯^[[22m packages/core/test/integration/per-plugin-key-ownership.test.ts:^[[2m123:58^[[22m^[[39m
integration (node 24)	Run npm run test:integration	2026-08-23T01:36:34.4330869Z     ^[[90m121|^[[39m     // Not a winner decided by registration order, and not a silent ov…
integration (node 24)	Run npm run test:integration	2026-08-23T01:36:34.4331569Z     ^[[90m122|^[[39m     // with both claimants named, so the author can see which group to…
integration (node 24)	Run npm run test:integration	2026-08-23T01:36:34.4332262Z     ^[[90m123|^[[39m     expect(() => load(rig(flatRotation), rigRegistry())).toThrow(/plug…
integration (node 24)	Run npm run test:integration	2026-08-23T01:36:34.4332858Z     ^[[90m   |^[[39m                                                          ^[[31m^^[[39m
integration (node 24)	Run npm run test:integration	2026-08-23T01:36:34.4333463Z     ^[[90m124|^[[39m     expect(() => load(rig(flatRotation), rigRegistry())).toThrow(/"fk"…
integration (node 24)	Run npm run test:integration	2026-08-23T01:36:34.4333924Z     ^[[90m125|^[[39m   })^[[33m;^[[39m
integration (node 24)	Run npm run test:integration	2026-08-23T01:36:34.4334126Z 
integration (node 24)	Run npm run test:integration	2026-08-23T01:36:34.4334367Z ^[[31m^[[2m⎯⎯⎯⎯⎯⎯⎯⎯⎯⎯⎯⎯⎯⎯⎯⎯⎯⎯⎯⎯⎯[54/124]⎯^[[22m^[[39m
integration (node 24)	Run npm run test:integration	2026-08-23T01:36:34.4334599Z 
integration (node 24)	Run npm run test:integration	2026-08-23T01:36:34.4335626Z ^[[41m^[[1m FAIL ^[[22m^[[49m packages/core/test/integration/per-plugin-key-ownership.test.ts^[[2m > ^[[22mper-plugin keyframe key ownership^[[2m > ^[[22mN-10 publishes grouped leaves under their unprefixed names
integration (node 24)	Run npm run test:integration	2026-08-23T01:36:34.4341040Z ^[[31m^[[1mTypeError^[[22m: property-stops-wrapper at motions[0].tracks[0].keyframes.transform.values.x: The { stops: [...] } wrapper is retired; author the stops array directly as the value. property-stops-wrapper at motions[0].tracks[0].keyframes.transform.values.y: The { stops: [...] } wrapper is retired; author the stops array directly as the value. property-stops-wrapper at motions[0].tracks[0].keyframes.transform.values.rotation: The { stops: [...] } wrapper is retired; author the stops array directly as the value. property-stops-wrapper at motions[0].tracks[1].keyframes.fk.values.length: The { stops: [...] } wrapper is retired; author the stops array directly as the value. property-stops-wrapper at motions[0].tracks[1].keyframes.fk.values.rotation: The { stops: [...] } wrapper is retired; author the stops array directly as the value.^[[39m
integration (node 24)	Run npm run test:integration	2026-08-23T01:36:34.4344229Z ^[[36m ^[[2m❯^[[22m assertValidProject packages/core/src/engine.ts:^[[2m101:11^[[22m^[[39m
integration (node 24)	Run npm run test:integration	2026-08-23T01:36:34.4344979Z     ^[[90m 99|^[[39m   ^[[35mconst^[[39m result ^[[33m=^[[39m ^[[34mvalidateV5^[[39m(project)^[[33m;^[[39m
integration (node 24)	Run npm run test:integration	2026-08-23T01:36:34.4345860Z     ^[[90m100|^[[39m   ^[[35mif^[[39m (^[[33m!^[[39mresult^[[33m.^[[39mvalid ^[[33m||^[[39m result^[[33m.^[[39mvalue ^[[33m===^[[39m ^[[35mnull^[[39m)
integration (node 24)	Run npm run test:integration	2026-08-23T01:36:34.4346584Z     ^[[90m101|^[[39m     ^[[35mthrow^[[39m ^[[35mnew^[[39m ^[[33mTypeError^[[39m(
integration (node 24)	Run npm run test:integration	2026-08-23T01:36:34.4347023Z     ^[[90m   |^[[39m           ^[[31m^^[[39m
integration (node 24)	Run npm run test:integration	2026-08-23T01:36:34.4347597Z     ^[[90m102|^[[39m       result^[[33m.^[[39mdiagnostics^[[33m.^[[39mlength ^[[33m===^[[39m ^[[34m0^[[39m
integration (node 24)	Run npm run test:integration	2026-08-23T01:36:34.4348235Z     ^[[90m103|^[[39m         ^[[33m?^[[39m ^[[32m"Project failed v5 validation."^[[39m
integration (node 24)	Run npm run test:integration	2026-08-23T01:36:34.4348865Z ^[[90m ^[[2m❯^[[22m Engine.load packages/core/src/engine.ts:^[[2m170:29^[[22m^[[39m
integration (node 24)	Run npm run test:integration	2026-08-23T01:36:34.4349863Z ^[[90m ^[[2m❯^[[22m load packages/core/test/integration/per-plugin-key-ownership.test.ts:^[[2m76:6^[[22m^[[39m
integration (node 24)	Run npm run test:integration	2026-08-23T01:36:34.4350803Z ^[[90m ^[[2m❯^[[22m packages/core/test/integration/per-plugin-key-ownership.test.ts:^[[2m128:20^[[22m^[[39m
integration (node 24)	Run npm run test:integration	2026-08-23T01:36:34.4351206Z 
integration (node 24)	Run npm run test:integration	2026-08-23T01:36:34.4351453Z ^[[31m^[[2m⎯⎯⎯⎯⎯⎯⎯⎯⎯⎯⎯⎯⎯⎯⎯⎯⎯⎯⎯⎯⎯[55/124]⎯^[[22m^[[39m
integration (node 24)	Run npm run test:integration	2026-08-23T01:36:34.4351673Z 
integration (node 24)	Run npm run test:integration	2026-08-23T01:36:34.4353115Z ^[[41m^[[1m FAIL ^[[22m^[[49m packages/core/test/integration/phase0-red-baseline.test.ts^[[2m > ^[[22mPhase 0 Red Baseline: Engine Path & Dynamic Correctness^[[2m > ^[[22m1. Engine time playback: project clock tick advances time motion playhead
integration (node 24)	Run npm run test:integration	2026-08-23T01:36:34.4354823Z ^[[31m^[[1mTypeError^[[22m: property-stops-wrapper at motions[0].tracks[0].keyframes.angle: The { stops: [...] } wrapper is retired; author the stops array directly as the value.^[[39m
integration (node 24)	Run npm run test:integration	2026-08-23T01:36:34.4356231Z ^[[36m ^[[2m❯^[[22m assertValidProject packages/core/src/engine.ts:^[[2m101:11^[[22m^[[39m
integration (node 24)	Run npm run test:integration	2026-08-23T01:36:34.4356938Z     ^[[90m 99|^[[39m   ^[[35mconst^[[39m result ^[[33m=^[[39m ^[[34mvalidateV5^[[39m(project)^[[33m;^[[39m
integration (node 24)	Run npm run test:integration	2026-08-23T01:36:34.4357821Z     ^[[90m100|^[[39m   ^[[35mif^[[39m (^[[33m!^[[39mresult^[[33m.^[[39mvalid ^[[33m||^[[39m result^[[33m.^[[39mvalue ^[[33m===^[[39m ^[[35mnull^[[39m)
integration (node 24)	Run npm run test:integration	2026-08-23T01:36:34.4358564Z     ^[[90m101|^[[39m     ^[[35mthrow^[[39m ^[[35mnew^[[39m ^[[33mTypeError^[[39m(
integration (node 24)	Run npm run test:integration	2026-08-23T01:36:34.4359203Z     ^[[90m   |^[[39m           ^[[31m^^[[39m
integration (node 24)	Run npm run test:integration	2026-08-23T01:36:34.4359772Z     ^[[90m102|^[[39m       result^[[33m.^[[39mdiagnostics^[[33m.^[[39mlength ^[[33m===^[[39m ^[[34m0^[[39m
integration (node 24)	Run npm run test:integration	2026-08-23T01:36:34.4360400Z     ^[[90m103|^[[39m         ^[[33m?^[[39m ^[[32m"Project failed v5 validation."^[[39m
integration (node 24)	Run npm run test:integration	2026-08-23T01:36:34.4361045Z ^[[90m ^[[2m❯^[[22m Engine.load packages/core/src/engine.ts:^[[2m170:29^[[22m^[[39m
integration (node 24)	Run npm run test:integration	2026-08-23T01:36:34.4361801Z ^[[90m ^[[2m❯^[[22m packages/core/test/integration/phase0-red-baseline.test.ts:^[[2m40:8^[[22m^[[39m
integration (node 24)	Run npm run test:integration	2026-08-23T01:36:34.4362175Z 
integration (node 24)	Run npm run test:integration	2026-08-23T01:36:34.4362442Z ^[[31m^[[2m⎯⎯⎯⎯⎯⎯⎯⎯⎯⎯⎯⎯⎯⎯⎯⎯⎯⎯⎯⎯⎯[56/124]⎯^[[22m^[[39m
integration (node 24)	Run npm run test:integration	2026-08-23T01:36:34.4362664Z 
integration (node 24)	Run npm run test:integration	2026-08-23T01:36:34.4363906Z ^[[41m^[[1m FAIL ^[[22m^[[49m packages/core/test/integration/phase0-red-baseline.test.ts^[[2m > ^[[22mPhase 0 Red Baseline: Engine Path & Dynamic Correctness^[[2m > ^[[22m2. Multi-track publication: driving a Motion with 2 tracks publishes both node patches in 1 batch
integration (node 24)	Run npm run test:integration	2026-08-23T01:36:34.4366726Z ^[[31m^[[1mTypeError^[[22m: property-stops-wrapper at motions[0].tracks[0].keyframes.x: The { stops: [...] } wrapper is retired; author the stops array directly as the value. property-stops-wrapper at motions[0].tracks[1].keyframes.y: The { stops: [...] } wrapper is retired; author the stops array directly as the value.^[[39m
integration (node 24)	Run npm run test:integration	2026-08-23T01:36:34.4368204Z ^[[36m ^[[2m❯^[[22m assertValidProject packages/core/src/engine.ts:^[[2m101:11^[[22m^[[39m
integration (node 24)	Run npm run test:integration	2026-08-23T01:36:34.4369103Z     ^[[90m 99|^[[39m   ^[[35mconst^[[39m result ^[[33m=^[[39m ^[[34mvalidateV5^[[39m(project)^[[33m;^[[39m
integration (node 24)	Run npm run test:integration	2026-08-23T01:36:34.4369985Z     ^[[90m100|^[[39m   ^[[35mif^[[39m (^[[33m!^[[39mresult^[[33m.^[[39mvalid ^[[33m||^[[39m result^[[33m.^[[39mvalue ^[[33m===^[[39m ^[[35mnull^[[39m)
integration (node 24)	Run npm run test:integration	2026-08-23T01:36:34.4370707Z     ^[[90m101|^[[39m     ^[[35mthrow^[[39m ^[[35mnew^[[39m ^[[33mTypeError^[[39m(
integration (node 24)	Run npm run test:integration	2026-08-23T01:36:34.4371165Z     ^[[90m   |^[[39m           ^[[31m^^[[39m
integration (node 24)	Run npm run test:integration	2026-08-23T01:36:34.4371726Z     ^[[90m102|^[[39m       result^[[33m.^[[39mdiagnostics^[[33m.^[[39mlength ^[[33m===^[[39m ^[[34m0^[[39m
integration (node 24)	Run npm run test:integration	2026-08-23T01:36:34.4372373Z     ^[[90m103|^[[39m         ^[[33m?^[[39m ^[[32m"Project failed v5 validation."^[[39m
integration (node 24)	Run npm run test:integration	2026-08-23T01:36:34.4373016Z ^[[90m ^[[2m❯^[[22m Engine.load packages/core/src/engine.ts:^[[2m170:29^[[22m^[[39m
integration (node 24)	Run npm run test:integration	2026-08-23T01:36:34.4373779Z ^[[90m ^[[2m❯^[[22m packages/core/test/integration/phase0-red-baseline.test.ts:^[[2m98:8^[[22m^[[39m
integration (node 24)	Run npm run test:integration	2026-08-23T01:36:34.4374175Z 
integration (node 24)	Run npm run test:integration	2026-08-23T01:36:34.4374432Z ^[[31m^[[2m⎯⎯⎯⎯⎯⎯⎯⎯⎯⎯⎯⎯⎯⎯⎯⎯⎯⎯⎯⎯⎯[57/124]⎯^[[22m^[[39m
integration (node 24)	Run npm run test:integration	2026-08-23T01:36:34.4374649Z 
integration (node 24)	Run npm run test:integration	2026-08-23T01:36:34.4375905Z ^[[41m^[[1m FAIL ^[[22m^[[49m packages/core/test/integration/phase0-red-baseline.test.ts^[[2m > ^[[22mPhase 0 Red Baseline: Engine Path & Dynamic Correctness^[[2m > ^[[22m3. Adopted-track Engine path: adopted free track compiles keyframes and publishes ready patch
integration (node 24)	Run npm run test:integration	2026-08-23T01:36:34.4377668Z ^[[31m^[[1mTypeError^[[22m: property-stops-wrapper at addTrack(cursor).keyframes.opacity: The { stops: [...] } wrapper is retired; author the stops array directly as the value.^[[39m
integration (node 24)	Run npm run test:integration	2026-08-23T01:36:34.4379198Z ^[[36m ^[[2m❯^[[22m ProjectRuntime.#addTrack packages/core/src/runtime/project-runtime.ts:^[[2m281:13^[[22m^[[39m
integration (node 24)	Run npm run test:integration	2026-08-23T01:36:34.4380069Z     ^[[90m279|^[[39m     const validation = validateTrackDefinition(track, `addTrack(${trac…
integration (node 24)	Run npm run test:integration	2026-08-23T01:36:34.4380927Z     ^[[90m280|^[[39m     ^[[35mif^[[39m (^[[33m!^[[39mvalidation^[[33m.^[[39mvalid ^[[33m||^[[39m ^[[33m!^[[39mvalidation^[[33m.^[[39mvalue)
integration (node 24)	Run npm run test:integration	2026-08-23T01:36:34.4381956Z     ^[[90m281|^[[39m       ^[[35mthrow^[[39m ^[[35mnew^[[39m ^[[33mTypeError^[[39m(^[[34mdescribeDiagnostics^[[39m(validation^[[33m.^[[39mdiagnostics))^[[33m;^[[39m
integration (node 24)	Run npm run test:integration	2026-08-23T01:36:34.4382648Z     ^[[90m   |^[[39m             ^[[31m^^[[39m
integration (node 24)	Run npm run test:integration	2026-08-23T01:36:34.4383216Z     ^[[90m282|^[[39m     ^[[35mconst^[[39m accepted ^[[33m=^[[39m validation^[[33m.^[[39mvalue^[[33m;^[[39m
integration (node 24)	Run npm run test:integration	2026-08-23T01:36:34.4384011Z     ^[[90m283|^[[39m     ^[[35mconst^[[39m token ^[[33m=^[[39m ^[[35mthis^[[39m^[[33m.^[[39m#nextToken^[[33m++^[[39m^[[33m;^[[39m
integration (node 24)	Run npm run test:integration	2026-08-23T01:36:34.4384926Z ^[[90m ^[[2m❯^[[22m ProjectRuntime.adopt packages/core/src/runtime/project-runtime.ts:^[[2m247:25^[[22m^[[39m
integration (node 24)	Run npm run test:integration	2026-08-23T01:36:34.4385796Z ^[[90m ^[[2m❯^[[22m packages/core/test/integration/phase0-red-baseline.test.ts:^[[2m142:31^[[22m^[[39m
integration (node 24)	Run npm run test:integration	2026-08-23T01:36:34.4386197Z 
integration (node 24)	Run npm run test:integration	2026-08-23T01:36:34.4386429Z ^[[31m^[[2m⎯⎯⎯⎯⎯⎯⎯⎯⎯⎯⎯⎯⎯⎯⎯⎯⎯⎯⎯⎯⎯[58/124]⎯^[[22m^[[39m
integration (node 24)	Run npm run test:integration	2026-08-23T01:36:34.4386656Z 
integration (node 24)	Run npm run test:integration	2026-08-23T01:36:34.4387883Z ^[[41m^[[1m FAIL ^[[22m^[[49m packages/core/test/integration/phase0-red-baseline.test.ts^[[2m > ^[[22mPhase 0 Red Baseline: Engine Path & Dynamic Correctness^[[2m > ^[[22m4. Stale scheduled write: paused Motion cancels pending write before scheduler flush
integration (node 24)	Run npm run test:integration	2026-08-23T01:36:34.4389769Z ^[[31m^[[1mTypeError^[[22m: property-stops-wrapper at motions[0].tracks[0].keyframes.x: The { stops: [...] } wrapper is retired; author the stops array directly as the value.^[[39m
integration (node 24)	Run npm run test:integration	2026-08-23T01:36:34.4390808Z ^[[36m ^[[2m❯^[[22m assertValidProject packages/core/src/engine.ts:^[[2m101:11^[[22m^[[39m
integration (node 24)	Run npm run test:integration	2026-08-23T01:36:34.4391741Z     ^[[90m 99|^[[39m   ^[[35mconst^[[39m result ^[[33m=^[[39m ^[[34mvalidateV5^[[39m(project)^[[33m;^[[39m
integration (node 24)	Run npm run test:integration	2026-08-23T01:36:34.4392721Z     ^[[90m100|^[[39m   ^[[35mif^[[39m (^[[33m!^[[39mresult^[[33m.^[[39mvalid ^[[33m||^[[39m result^[[33m.^[[39mvalue ^[[33m===^[[39m ^[[35mnull^[[39m)
integration (node 24)	Run npm run test:integration	2026-08-23T01:36:34.4393446Z     ^[[90m101|^[[39m     ^[[35mthrow^[[39m ^[[35mnew^[[39m ^[[33mTypeError^[[39m(
integration (node 24)	Run npm run test:integration	2026-08-23T01:36:34.4393893Z     ^[[90m   |^[[39m           ^[[31m^^[[39m
integration (node 24)	Run npm run test:integration	2026-08-23T01:36:34.4394452Z     ^[[90m102|^[[39m       result^[[33m.^[[39mdiagnostics^[[33m.^[[39mlength ^[[33m===^[[39m ^[[34m0^[[39m
integration (node 24)	Run npm run test:integration	2026-08-23T01:36:34.4395093Z     ^[[90m103|^[[39m         ^[[33m?^[[39m ^[[32m"Project failed v5 validation."^[[39m
integration (node 24)	Run npm run test:integration	2026-08-23T01:36:34.4395750Z ^[[90m ^[[2m❯^[[22m Engine.load packages/core/src/engine.ts:^[[2m170:29^[[22m^[[39m
integration (node 24)	Run npm run test:integration	2026-08-23T01:36:34.4396511Z ^[[90m ^[[2m❯^[[22m packages/core/test/integration/phase0-red-baseline.test.ts:^[[2m199:8^[[22m^[[39m
integration (node 24)	Run npm run test:integration	2026-08-23T01:36:34.4396904Z 
integration (node 24)	Run npm run test:integration	2026-08-23T01:36:34.4397158Z ^[[31m^[[2m⎯⎯⎯⎯⎯⎯⎯⎯⎯⎯⎯⎯⎯⎯⎯⎯⎯⎯⎯⎯⎯[59/124]⎯^[[22m^[[39m
integration (node 24)	Run npm run test:integration	2026-08-23T01:36:34.4397371Z 
integration (node 24)	Run npm run test:integration	2026-08-23T01:36:34.4398605Z ^[[41m^[[1m FAIL ^[[22m^[[49m packages/core/test/integration/phase0-red-baseline.test.ts^[[2m > ^[[22mPhase 0 Red Baseline: Engine Path & Dynamic Correctness^[[2m > ^[[22m5. Trigger burst behavior: multiple progress signals before flush coalesce to latest progress
integration (node 24)	Run npm run test:integration	2026-08-23T01:36:34.4400538Z ^[[31m^[[1mTypeError^[[22m: property-stops-wrapper at motions[0].tracks[0].keyframes.x: The { stops: [...] } wrapper is retired; author the stops array directly as the value.^[[39m
integration (node 24)	Run npm run test:integration	2026-08-23T01:36:34.4401584Z ^[[36m ^[[2m❯^[[22m assertValidProject packages/core/src/engine.ts:^[[2m101:11^[[22m^[[39m
integration (node 24)	Run npm run test:integration	2026-08-23T01:36:34.4402293Z     ^[[90m 99|^[[39m   ^[[35mconst^[[39m result ^[[33m=^[[39m ^[[34mvalidateV5^[[39m(project)^[[33m;^[[39m
integration (node 24)	Run npm run test:integration	2026-08-23T01:36:34.4403157Z     ^[[90m100|^[[39m   ^[[35mif^[[39m (^[[33m!^[[39mresult^[[33m.^[[39mvalid ^[[33m||^[[39m result^[[33m.^[[39mvalue ^[[33m===^[[39m ^[[35mnull^[[39m)
integration (node 24)	Run npm run test:integration	2026-08-23T01:36:34.4403890Z     ^[[90m101|^[[39m     ^[[35mthrow^[[39m ^[[35mnew^[[39m ^[[33mTypeError^[[39m(
integration (node 24)	Run npm run test:integration	2026-08-23T01:36:34.4404345Z     ^[[90m   |^[[39m           ^[[31m^^[[39m
integration (node 24)	Run npm run test:integration	2026-08-23T01:36:34.4404928Z     ^[[90m102|^[[39m       result^[[33m.^[[39mdiagnostics^[[33m.^[[39mlength ^[[33m===^[[39m ^[[34m0^[[39m
integration (node 24)	Run npm run test:integration	2026-08-23T01:36:34.4405555Z     ^[[90m103|^[[39m         ^[[33m?^[[39m ^[[32m"Project failed v5 validation."^[[39m
integration (node 24)	Run npm run test:integration	2026-08-23T01:36:34.4406191Z ^[[90m ^[[2m❯^[[22m Engine.load packages/core/src/engine.ts:^[[2m170:29^[[22m^[[39m
integration (node 24)	Run npm run test:integration	2026-08-23T01:36:34.4406971Z ^[[90m ^[[2m❯^[[22m packages/core/test/integration/phase0-red-baseline.test.ts:^[[2m245:8^[[22m^[[39m
integration (node 24)	Run npm run test:integration	2026-08-23T01:36:34.4407343Z 
integration (node 24)	Run npm run test:integration	2026-08-23T01:36:34.4407597Z ^[[31m^[[2m⎯⎯⎯⎯⎯⎯⎯⎯⎯⎯⎯⎯⎯⎯⎯⎯⎯⎯⎯⎯⎯[60/124]⎯^[[22m^[[39m
integration (node 24)	Run npm run test:integration	2026-08-23T01:36:34.4407830Z 
integration (node 24)	Run npm run test:integration	2026-08-23T01:36:34.4409160Z ^[[41m^[[1m FAIL ^[[22m^[[49m packages/core/test/integration/phase2-motion-scheduling.test.ts^[[2m > ^[[22mPhase 2: Motion Scheduling & Coalescing^[[2m > ^[[22m1. Ten signals before Scheduler flush produce exactly 1 Track write with latest progress
integration (node 24)	Run npm run test:integration	2026-08-23T01:36:34.4410885Z ^[[31m^[[1mTypeError^[[22m: property-stops-wrapper at motions[0].tracks[0].keyframes.x: The { stops: [...] } wrapper is retired; author the stops array directly as the value.^[[39m
integration (node 24)	Run npm run test:integration	2026-08-23T01:36:34.4411906Z ^[[36m ^[[2m❯^[[22m assertValidProject packages/core/src/engine.ts:^[[2m101:11^[[22m^[[39m
integration (node 24)	Run npm run test:integration	2026-08-23T01:36:34.4412610Z     ^[[90m 99|^[[39m   ^[[35mconst^[[39m result ^[[33m=^[[39m ^[[34mvalidateV5^[[39m(project)^[[33m;^[[39m
integration (node 24)	Run npm run test:integration	2026-08-23T01:36:34.4413457Z     ^[[90m100|^[[39m   ^[[35mif^[[39m (^[[33m!^[[39mresult^[[33m.^[[39mvalid ^[[33m||^[[39m result^[[33m.^[[39mvalue ^[[33m===^[[39m ^[[35mnull^[[39m)
integration (node 24)	Run npm run test:integration	2026-08-23T01:36:34.4414177Z     ^[[90m101|^[[39m     ^[[35mthrow^[[39m ^[[35mnew^[[39m ^[[33mTypeError^[[39m(
integration (node 24)	Run npm run test:integration	2026-08-23T01:36:34.4414610Z     ^[[90m   |^[[39m           ^[[31m^^[[39m
integration (node 24)	Run npm run test:integration	2026-08-23T01:36:34.4415162Z     ^[[90m102|^[[39m       result^[[33m.^[[39mdiagnostics^[[33m.^[[39mlength ^[[33m===^[[39m ^[[34m0^[[39m
integration (node 24)	Run npm run test:integration	2026-08-23T01:36:34.4415788Z     ^[[90m103|^[[39m         ^[[33m?^[[39m ^[[32m"Project failed v5 validation."^[[39m
integration (node 24)	Run npm run test:integration	2026-08-23T01:36:34.4416679Z ^[[90m ^[[2m❯^[[22m Engine.load packages/core/src/engine.ts:^[[2m170:29^[[22m^[[39m
integration (node 24)	Run npm run test:integration	2026-08-23T01:36:34.4417613Z ^[[90m ^[[2m❯^[[22m packages/core/test/integration/phase2-motion-scheduling.test.ts:^[[2m45:8^[[22m^[[39m
integration (node 24)	Run npm run test:integration	2026-08-23T01:36:34.4418033Z 
integration (node 24)	Run npm run test:integration	2026-08-23T01:36:34.4418283Z ^[[31m^[[2m⎯⎯⎯⎯⎯⎯⎯⎯⎯⎯⎯⎯⎯⎯⎯⎯⎯⎯⎯⎯⎯[61/124]⎯^[[22m^[[39m
integration (node 24)	Run npm run test:integration	2026-08-23T01:36:34.4418491Z 
integration (node 24)	Run npm run test:integration	2026-08-23T01:36:34.4419845Z ^[[41m^[[1m FAIL ^[[22m^[[49m packages/core/test/integration/phase2-motion-scheduling.test.ts^[[2m > ^[[22mPhase 2: Motion Scheduling & Coalescing^[[2m > ^[[22m2. Pause cancels pending scheduled write and prevents Track mutation on flush
integration (node 24)	Run npm run test:integration	2026-08-23T01:36:34.4421515Z ^[[31m^[[1mTypeError^[[22m: property-stops-wrapper at motions[0].tracks[0].keyframes.x: The { stops: [...] } wrapper is retired; author the stops array directly as the value.^[[39m
integration (node 24)	Run npm run test:integration	2026-08-23T01:36:34.4422543Z ^[[36m ^[[2m❯^[[22m assertValidProject packages/core/src/engine.ts:^[[2m101:11^[[22m^[[39m
integration (node 24)	Run npm run test:integration	2026-08-23T01:36:34.4423271Z     ^[[90m 99|^[[39m   ^[[35mconst^[[39m result ^[[33m=^[[39m ^[[34mvalidateV5^[[39m(project)^[[33m;^[[39m
integration (node 24)	Run npm run test:integration	2026-08-23T01:36:34.4424122Z     ^[[90m100|^[[39m   ^[[35mif^[[39m (^[[33m!^[[39mresult^[[33m.^[[39mvalid ^[[33m||^[[39m result^[[33m.^[[39mvalue ^[[33m===^[[39m ^[[35mnull^[[39m)
integration (node 24)	Run npm run test:integration	2026-08-23T01:36:34.4424877Z     ^[[90m101|^[[39m     ^[[35mthrow^[[39m ^[[35mnew^[[39m ^[[33mTypeError^[[39m(
integration (node 24)	Run npm run test:integration	2026-08-23T01:36:34.4425342Z     ^[[90m   |^[[39m           ^[[31m^^[[39m
integration (node 24)	Run npm run test:integration	2026-08-23T01:36:34.4425906Z     ^[[90m102|^[[39m       result^[[33m.^[[39mdiagnostics^[[33m.^[[39mlength ^[[33m===^[[39m ^[[34m0^[[39m
integration (node 24)	Run npm run test:integration	2026-08-23T01:36:34.4426545Z     ^[[90m103|^[[39m         ^[[33m?^[[39m ^[[32m"Project failed v5 validation."^[[39m
integration (node 24)	Run npm run test:integration	2026-08-23T01:36:34.4427207Z ^[[90m ^[[2m❯^[[22m Engine.load packages/core/src/engine.ts:^[[2m170:29^[[22m^[[39m
integration (node 24)	Run npm run test:integration	2026-08-23T01:36:34.4428001Z ^[[90m ^[[2m❯^[[22m packages/core/test/integration/phase2-motion-scheduling.test.ts:^[[2m78:8^[[22m^[[39m
integration (node 24)	Run npm run test:integration	2026-08-23T01:36:34.4428424Z 
integration (node 24)	Run npm run test:integration	2026-08-23T01:36:34.4428682Z ^[[31m^[[2m⎯⎯⎯⎯⎯⎯⎯⎯⎯⎯⎯⎯⎯⎯⎯⎯⎯⎯⎯⎯⎯[62/124]⎯^[[22m^[[39m
integration (node 24)	Run npm run test:integration	2026-08-23T01:36:34.4428886Z 
integration (node 24)	Run npm run test:integration	2026-08-23T01:36:34.4430094Z ^[[41m^[[1m FAIL ^[[22m^[[49m packages/core/test/integration/phase2-motion-scheduling.test.ts^[[2m > ^[[22mPhase 2: Motion Scheduling & Coalescing^[[2m > ^[[22m5. Burst signals produce exactly 1 published patch batch
integration (node 24)	Run npm run test:integration	2026-08-23T01:36:34.4431720Z ^[[31m^[[1mTypeError^[[22m: property-stops-wrapper at motions[0].tracks[0].keyframes.x: The { stops: [...] } wrapper is retired; author the stops array directly as the value.^[[39m
integration (node 24)	Run npm run test:integration	2026-08-23T01:36:34.4432741Z ^[[36m ^[[2m❯^[[22m assertValidProject packages/core/src/engine.ts:^[[2m101:11^[[22m^[[39m
integration (node 24)	Run npm run test:integration	2026-08-23T01:36:34.4433462Z     ^[[90m 99|^[[39m   ^[[35mconst^[[39m result ^[[33m=^[[39m ^[[34mvalidateV5^[[39m(project)^[[33m;^[[39m
integration (node 24)	Run npm run test:integration	2026-08-23T01:36:34.4434320Z     ^[[90m100|^[[39m   ^[[35mif^[[39m (^[[33m!^[[39mresult^[[33m.^[[39mvalid ^[[33m||^[[39m result^[[33m.^[[39mvalue ^[[33m===^[[39m ^[[35mnull^[[39m)
integration (node 24)	Run npm run test:integration	2026-08-23T01:36:34.4435039Z     ^[[90m101|^[[39m     ^[[35mthrow^[[39m ^[[35mnew^[[39m ^[[33mTypeError^[[39m(
integration (node 24)	Run npm run test:integration	2026-08-23T01:36:34.4435487Z     ^[[90m   |^[[39m           ^[[31m^^[[39m
integration (node 24)	Run npm run test:integration	2026-08-23T01:36:34.4436056Z     ^[[90m102|^[[39m       result^[[33m.^[[39mdiagnostics^[[33m.^[[39mlength ^[[33m===^[[39m ^[[34m0^[[39m
integration (node 24)	Run npm run test:integration	2026-08-23T01:36:34.4436696Z     ^[[90m103|^[[39m         ^[[33m?^[[39m ^[[32m"Project failed v5 validation."^[[39m
integration (node 24)	Run npm run test:integration	2026-08-23T01:36:34.4437357Z ^[[90m ^[[2m❯^[[22m Engine.load packages/core/src/engine.ts:^[[2m170:29^[[22m^[[39m
integration (node 24)	Run npm run test:integration	2026-08-23T01:36:34.4438167Z ^[[90m ^[[2m❯^[[22m packages/core/test/integration/phase2-motion-scheduling.test.ts:^[[2m168:8^[[22m^[[39m
integration (node 24)	Run npm run test:integration	2026-08-23T01:36:34.4438573Z 
integration (node 24)	Run npm run test:integration	2026-08-23T01:36:34.4438828Z ^[[31m^[[2m⎯⎯⎯⎯⎯⎯⎯⎯⎯⎯⎯⎯⎯⎯⎯⎯⎯⎯⎯⎯⎯[63/124]⎯^[[22m^[[39m
integration (node 24)	Run npm run test:integration	2026-08-23T01:36:34.4439217Z 
integration (node 24)	Run npm run test:integration	2026-08-23T01:36:34.4440344Z ^[[41m^[[1m FAIL ^[[22m^[[49m packages/core/test/integration/phase3-trigger-port.test.ts^[[2m > ^[[22mPhase 3: TriggerPort Migration & Boundary Neutrality^[[2m > ^[[22m3. Manual and custom trigger ports operate without DOM imports in core
integration (node 24)	Run npm run test:integration	2026-08-23T01:36:34.4441998Z ^[[31m^[[1mTypeError^[[22m: property-stops-wrapper at motions[0].tracks[0].keyframes.x: The { stops: [...] } wrapper is retired; author the stops array directly as the value.^[[39m
integration (node 24)	Run npm run test:integration	2026-08-23T01:36:34.4443229Z ^[[36m ^[[2m❯^[[22m assertValidProject packages/core/src/engine.ts:^[[2m101:11^[[22m^[[39m
integration (node 24)	Run npm run test:integration	2026-08-23T01:36:34.4444085Z     ^[[90m 99|^[[39m   ^[[35mconst^[[39m result ^[[33m=^[[39m ^[[34mvalidateV5^[[39m(project)^[[33m;^[[39m
integration (node 24)	Run npm run test:integration	2026-08-23T01:36:34.4444967Z     ^[[90m100|^[[39m   ^[[35mif^[[39m (^[[33m!^[[39mresult^[[33m.^[[39mvalid ^[[33m||^[[39m result^[[33m.^[[39mvalue ^[[33m===^[[39m ^[[35mnull^[[39m)
integration (node 24)	Run npm run test:integration	2026-08-23T01:36:34.4445696Z     ^[[90m101|^[[39m     ^[[35mthrow^[[39m ^[[35mnew^[[39m ^[[33mTypeError^[[39m(
integration (node 24)	Run npm run test:integration	2026-08-23T01:36:34.4446160Z     ^[[90m   |^[[39m           ^[[31m^^[[39m
integration (node 24)	Run npm run test:integration	2026-08-23T01:36:34.4446730Z     ^[[90m102|^[[39m       result^[[33m.^[[39mdiagnostics^[[33m.^[[39mlength ^[[33m===^[[39m ^[[34m0^[[39m
integration (node 24)	Run npm run test:integration	2026-08-23T01:36:34.4447352Z     ^[[90m103|^[[39m         ^[[33m?^[[39m ^[[32m"Project failed v5 validation."^[[39m
integration (node 24)	Run npm run test:integration	2026-08-23T01:36:34.4448024Z ^[[90m ^[[2m❯^[[22m Engine.load packages/core/src/engine.ts:^[[2m170:29^[[22m^[[39m
integration (node 24)	Run npm run test:integration	2026-08-23T01:36:34.4448794Z ^[[90m ^[[2m❯^[[22m packages/core/test/integration/phase3-trigger-port.test.ts:^[[2m109:8^[[22m^[[39m
integration (node 24)	Run npm run test:integration	2026-08-23T01:36:34.4449392Z 
integration (node 24)	Run npm run test:integration	2026-08-23T01:36:34.4449647Z ^[[31m^[[2m⎯⎯⎯⎯⎯⎯⎯⎯⎯⎯⎯⎯⎯⎯⎯⎯⎯⎯⎯⎯⎯[64/124]⎯^[[22m^[[39m
integration (node 24)	Run npm run test:integration	2026-08-23T01:36:34.4449893Z 
integration (node 24)	Run npm run test:integration	2026-08-23T01:36:34.4451155Z ^[[41m^[[1m FAIL ^[[22m^[[49m packages/core/test/integration/phase3-trigger-port.test.ts^[[2m > ^[[22mPhase 3: TriggerPort Migration & Boundary Neutrality^[[2m > ^[[22m4. Single clock invariant: attaching TriggerPorts creates zero secondary clock subscriptions
integration (node 24)	Run npm run test:integration	2026-08-23T01:36:34.4452945Z ^[[31m^[[1mTypeError^[[22m: property-stops-wrapper at motions[0].tracks[0].keyframes.x: The { stops: [...] } wrapper is retired; author the stops array directly as the value.^[[39m
integration (node 24)	Run npm run test:integration	2026-08-23T01:36:34.4453959Z ^[[36m ^[[2m❯^[[22m assertValidProject packages/core/src/engine.ts:^[[2m101:11^[[22m^[[39m
integration (node 24)	Run npm run test:integration	2026-08-23T01:36:34.4454644Z     ^[[90m 99|^[[39m   ^[[35mconst^[[39m result ^[[33m=^[[39m ^[[34mvalidateV5^[[39m(project)^[[33m;^[[39m
integration (node 24)	Run npm run test:integration	2026-08-23T01:36:34.4455497Z     ^[[90m100|^[[39m   ^[[35mif^[[39m (^[[33m!^[[39mresult^[[33m.^[[39mvalid ^[[33m||^[[39m result^[[33m.^[[39mvalue ^[[33m===^[[39m ^[[35mnull^[[39m)
integration (node 24)	Run npm run test:integration	2026-08-23T01:36:34.4456568Z     ^[[90m101|^[[39m     ^[[35mthrow^[[39m ^[[35mnew^[[39m ^[[33mTypeError^[[39m(
integration (node 24)	Run npm run test:integration	2026-08-23T01:36:34.4457343Z     ^[[90m   |^[[39m           ^[[31m^^[[39m
integration (node 24)	Run npm run test:integration	2026-08-23T01:36:34.4458370Z     ^[[90m102|^[[39m       result^[[33m.^[[39mdiagnostics^[[33m.^[[39mlength ^[[33m===^[[39m ^[[34m0^[[39m
integration (node 24)	Run npm run test:integration	2026-08-23T01:36:34.4459296Z     ^[[90m103|^[[39m         ^[[33m?^[[39m ^[[32m"Project failed v5 validation."^[[39m
integration (node 24)	Run npm run test:integration	2026-08-23T01:36:34.4459930Z ^[[90m ^[[2m❯^[[22m Engine.load packages/core/src/engine.ts:^[[2m170:29^[[22m^[[39m
integration (node 24)	Run npm run test:integration	2026-08-23T01:36:34.4460671Z ^[[90m ^[[2m❯^[[22m packages/core/test/integration/phase3-trigger-port.test.ts:^[[2m136:8^[[22m^[[39m
integration (node 24)	Run npm run test:integration	2026-08-23T01:36:34.4461027Z 
integration (node 24)	Run npm run test:integration	2026-08-23T01:36:34.4461269Z ^[[31m^[[2m⎯⎯⎯⎯⎯⎯⎯⎯⎯⎯⎯⎯⎯⎯⎯⎯⎯⎯⎯⎯⎯[65/124]⎯^[[22m^[[39m
integration (node 24)	Run npm run test:integration	2026-08-23T01:36:34.4461475Z 
integration (node 24)	Run npm run test:integration	2026-08-23T01:36:34.4462605Z ^[[41m^[[1m FAIL ^[[22m^[[49m packages/core/test/integration/phase4-dynamic-lifecycle.test.ts^[[2m > ^[[22mPhase 4: Dynamic Graph Lifecycle Hardening^[[2m > ^[[22m6. Keyframe validation is shared: malformed adopted stops are rejected before graph commit
integration (node 24)	Run npm run test:integration	2026-08-23T01:36:34.4464155Z ^[[31m^[[1mAssertionError^[[22m: expected [Function] to throw error matching /stop-position|monoton/ but got 'property-stops-wrapper at addTrack(ba…'^[[39m
integration (node 24)	Run npm run test:integration	2026-08-23T01:36:34.4464723Z 
integration (node 24)	Run npm run test:integration	2026-08-23T01:36:34.4464862Z ^[[32m- Expected:^[[39m
integration (node 24)	Run npm run test:integration	2026-08-23T01:36:34.4465128Z /stop-position|monoton/
integration (node 24)	Run npm run test:integration	2026-08-23T01:36:34.4465278Z 
integration (node 24)	Run npm run test:integration	2026-08-23T01:36:34.4465414Z ^[[31m+ Received:^[[39m
integration (node 24)	Run npm run test:integration	2026-08-23T01:36:34.4466108Z "property-stops-wrapper at addTrack(bad).keyframes.x: The { stops: [...] } wrapper is retired; author the stops array directly as the value."
integration (node 24)	Run npm run test:integration	2026-08-23T01:36:34.4466602Z 
integration (node 24)	Run npm run test:integration	2026-08-23T01:36:34.4467083Z ^[[36m ^[[2m❯^[[22m packages/core/test/integration/phase4-dynamic-lifecycle.test.ts:^[[2m172:47^[[22m^[[39m
integration (node 24)	Run npm run test:integration	2026-08-23T01:36:34.4467626Z     ^[[90m170|^[[39m     }^[[33m;^[[39m
integration (node 24)	Run npm run test:integration	2026-08-23T01:36:34.4467949Z     ^[[90m171|^[[39m
integration (node 24)	Run npm run test:integration	2026-08-23T01:36:34.4468436Z     ^[[90m172|^[[39m     expect(() => runtime.adopt(badTrack, {})).toThrow(/stop-position|m…
integration (node 24)	Run npm run test:integration	2026-08-23T01:36:34.4469498Z     ^[[90m   |^[[39m                                               ^[[31m^^[[39m
integration (node 24)	Run npm run test:integration	2026-08-23T01:36:34.4470202Z     ^[[90m173|^[[39m
integration (node 24)	Run npm run test:integration	2026-08-23T01:36:34.4470820Z     ^[[90m174|^[[39m     ^[[90m// Graph state byte-identical after failed adoption^[[39m
integration (node 24)	Run npm run test:integration	2026-08-23T01:36:34.4471117Z 
integration (node 24)	Run npm run test:integration	2026-08-23T01:36:34.4471368Z ^[[31m^[[2m⎯⎯⎯⎯⎯⎯⎯⎯⎯⎯⎯⎯⎯⎯⎯⎯⎯⎯⎯⎯⎯[66/124]⎯^[[22m^[[39m
integration (node 24)	Run npm run test:integration	2026-08-23T01:36:34.4471575Z 
integration (node 24)	Run npm run test:integration	2026-08-23T01:36:34.4472539Z ^[[41m^[[1m FAIL ^[[22m^[[49m packages/core/test/integration/phase7-walker-demo.test.ts^[[2m > ^[[22mPhase 7: Walker Demo Integration Suite^[[2m > ^[[22m1. Load valid walker project through Engine with plugin registry
integration (node 24)	Run npm run test:integration	2026-08-23T01:36:34.4479775Z ^[[31m^[[1mTypeError^[[22m: property-stops-wrapper at motions[0].tracks[0].keyframes.transform.values.x: The { stops: [...] } wrapper is retired; author the stops array directly as the value. property-stops-wrapper at motions[0].tracks[0].keyframes.transform.values.y: The { stops: [...] } wrapper is retired; author the stops array directly as the value. property-stops-wrapper at motions[0].tracks[0].keyframes.transform.values.rotation: The { stops: [...] } wrapper is retired; author the stops array directly as the value. property-stops-wrapper at motions[0].tracks[1].keyframes.fk.values.length: The { stops: [...] } wrapper is retired; author the stops array directly as the value. property-stops-wrapper at motions[0].tracks[1].keyframes.fk.values.rotation: The { stops: [...] } wrapper is retired; author the stops array directly as the value. property-stops-wrapper at motions[0].tracks[2].keyframes.fk.values.length: The { stops: [...] } wrapper is retired; author the stops array directly as the value. property-stops-wrapper at motions[0].tracks[2].keyframes.fk.values.rotation: The { stops: [...] } wrapper is retired; author the stops array directly as the value.^[[39m
integration (node 24)	Run npm run test:integration	2026-08-23T01:36:34.4484272Z ^[[36m ^[[2m❯^[[22m assertValidProject packages/core/src/engine.ts:^[[2m101:11^[[22m^[[39m
integration (node 24)	Run npm run test:integration	2026-08-23T01:36:34.4484978Z     ^[[90m 99|^[[39m   ^[[35mconst^[[39m result ^[[33m=^[[39m ^[[34mvalidateV5^[[39m(project)^[[33m;^[[39m
integration (node 24)	Run npm run test:integration	2026-08-23T01:36:34.4485801Z     ^[[90m100|^[[39m   ^[[35mif^[[39m (^[[33m!^[[39mresult^[[33m.^[[39mvalid ^[[33m||^[[39m result^[[33m.^[[39mvalue ^[[33m===^[[39m ^[[35mnull^[[39m)
integration (node 24)	Run npm run test:integration	2026-08-23T01:36:34.4486490Z     ^[[90m101|^[[39m     ^[[35mthrow^[[39m ^[[35mnew^[[39m ^[[33mTypeError^[[39m(
integration (node 24)	Run npm run test:integration	2026-08-23T01:36:34.4486903Z     ^[[90m   |^[[39m           ^[[31m^^[[39m
integration (node 24)	Run npm run test:integration	2026-08-23T01:36:34.4487416Z     ^[[90m102|^[[39m       result^[[33m.^[[39mdiagnostics^[[33m.^[[39mlength ^[[33m===^[[39m ^[[34m0^[[39m
integration (node 24)	Run npm run test:integration	2026-08-23T01:36:34.4488014Z     ^[[90m103|^[[39m         ^[[33m?^[[39m ^[[32m"Project failed v5 validation."^[[39m
integration (node 24)	Run npm run test:integration	2026-08-23T01:36:34.4488622Z ^[[90m ^[[2m❯^[[22m Engine.load packages/core/src/engine.ts:^[[2m170:29^[[22m^[[39m
integration (node 24)	Run npm run test:integration	2026-08-23T01:36:34.4489578Z ^[[90m ^[[2m❯^[[22m packages/core/test/integration/phase7-walker-demo.test.ts:^[[2m145:27^[[22m^[[39m
integration (node 24)	Run npm run test:integration	2026-08-23T01:36:34.4489952Z 
integration (node 24)	Run npm run test:integration	2026-08-23T01:36:34.4490202Z ^[[31m^[[2m⎯⎯⎯⎯⎯⎯⎯⎯⎯⎯⎯⎯⎯⎯⎯⎯⎯⎯⎯⎯⎯[67/124]⎯^[[22m^[[39m
integration (node 24)	Run npm run test:integration	2026-08-23T01:36:34.4490422Z 
integration (node 24)	Run npm run test:integration	2026-08-23T01:36:34.4491359Z ^[[41m^[[1m FAIL ^[[22m^[[49m packages/core/test/integration/phase7-walker-demo.test.ts^[[2m > ^[[22mPhase 7: Walker Demo Integration Suite^[[2m > ^[[22m2. Render walker nodes through createDomPatchAdapter
integration (node 24)	Run npm run test:integration	2026-08-23T01:36:34.4497329Z ^[[31m^[[1mTypeError^[[22m: property-stops-wrapper at motions[0].tracks[0].keyframes.transform.values.x: The { stops: [...] } wrapper is retired; author the stops array directly as the value. property-stops-wrapper at motions[0].tracks[0].keyframes.transform.values.y: The { stops: [...] } wrapper is retired; author the stops array directly as the value. property-stops-wrapper at motions[0].tracks[0].keyframes.transform.values.rotation: The { stops: [...] } wrapper is retired; author the stops array directly as the value. property-stops-wrapper at motions[0].tracks[1].keyframes.fk.values.length: The { stops: [...] } wrapper is retired; author the stops array directly as the value. property-stops-wrapper at motions[0].tracks[1].keyframes.fk.values.rotation: The { stops: [...] } wrapper is retired; author the stops array directly as the value. property-stops-wrapper at motions[0].tracks[2].keyframes.fk.values.length: The { stops: [...] } wrapper is retired; author the stops array directly as the value. property-stops-wrapper at motions[0].tracks[2].keyframes.fk.values.rotation: The { stops: [...] } wrapper is retired; author the stops array directly as the value.^[[39m
integration (node 24)	Run npm run test:integration	2026-08-23T01:36:34.4502144Z ^[[36m ^[[2m❯^[[22m assertValidProject packages/core/src/engine.ts:^[[2m101:11^[[22m^[[39m
integration (node 24)	Run npm run test:integration	2026-08-23T01:36:34.4502836Z     ^[[90m 99|^[[39m   ^[[35mconst^[[39m result ^[[33m=^[[39m ^[[34mvalidateV5^[[39m(project)^[[33m;^[[39m
integration (node 24)	Run npm run test:integration	2026-08-23T01:36:34.4503647Z     ^[[90m100|^[[39m   ^[[35mif^[[39m (^[[33m!^[[39mresult^[[33m.^[[39mvalid ^[[33m||^[[39m result^[[33m.^[[39mvalue ^[[33m===^[[39m ^[[35mnull^[[39m)
integration (node 24)	Run npm run test:integration	2026-08-23T01:36:34.4504317Z     ^[[90m101|^[[39m     ^[[35mthrow^[[39m ^[[35mnew^[[39m ^[[33mTypeError^[[39m(
integration (node 24)	Run npm run test:integration	2026-08-23T01:36:34.4504737Z     ^[[90m   |^[[39m           ^[[31m^^[[39m
integration (node 24)	Run npm run test:integration	2026-08-23T01:36:34.4505275Z     ^[[90m102|^[[39m       result^[[33m.^[[39mdiagnostics^[[33m.^[[39mlength ^[[33m===^[[39m ^[[34m0^[[39m
integration (node 24)	Run npm run test:integration	2026-08-23T01:36:34.4505861Z     ^[[90m103|^[[39m         ^[[33m?^[[39m ^[[32m"Project failed v5 validation."^[[39m
integration (node 24)	Run npm run test:integration	2026-08-23T01:36:34.4506547Z ^[[90m ^[[2m❯^[[22m Engine.load packages/core/src/engine.ts:^[[2m170:29^[[22m^[[39m
integration (node 24)	Run npm run test:integration	2026-08-23T01:36:34.4507331Z ^[[90m ^[[2m❯^[[22m packages/core/test/integration/phase7-walker-demo.test.ts:^[[2m164:27^[[22m^[[39m
integration (node 24)	Run npm run test:integration	2026-08-23T01:36:34.4507685Z 
integration (node 24)	Run npm run test:integration	2026-08-23T01:36:34.4507928Z ^[[31m^[[2m⎯⎯⎯⎯⎯⎯⎯⎯⎯⎯⎯⎯⎯⎯⎯⎯⎯⎯⎯⎯⎯[68/124]⎯^[[22m^[[39m
integration (node 24)	Run npm run test:integration	2026-08-23T01:36:34.4508134Z 
integration (node 24)	Run npm run test:integration	2026-08-23T01:36:34.4509308Z ^[[41m^[[1m FAIL ^[[22m^[[49m packages/core/test/integration/phase7-walker-demo.test.ts^[[2m > ^[[22mPhase 7: Walker Demo Integration Suite^[[2m > ^[[22m3. Demonstrate time playback using single injected browser clock
integration (node 24)	Run npm run test:integration	2026-08-23T01:36:34.4515324Z ^[[31m^[[1mTypeError^[[22m: property-stops-wrapper at motions[0].tracks[0].keyframes.transform.values.x: The { stops: [...] } wrapper is retired; author the stops array directly as the value. property-stops-wrapper at motions[0].tracks[0].keyframes.transform.values.y: The { stops: [...] } wrapper is retired; author the stops array directly as the value. property-stops-wrapper at motions[0].tracks[0].keyframes.transform.values.rotation: The { stops: [...] } wrapper is retired; author the stops array directly as the value. property-stops-wrapper at motions[0].tracks[1].keyframes.fk.values.length: The { stops: [...] } wrapper is retired; author the stops array directly as the value. property-stops-wrapper at motions[0].tracks[1].keyframes.fk.values.rotation: The { stops: [...] } wrapper is retired; author the stops array directly as the value. property-stops-wrapper at motions[0].tracks[2].keyframes.fk.values.length: The { stops: [...] } wrapper is retired; author the stops array directly as the value. property-stops-wrapper at motions[0].tracks[2].keyframes.fk.values.rotation: The { stops: [...] } wrapper is retired; author the stops array directly as the value.^[[39m
integration (node 24)	Run npm run test:integration	2026-08-23T01:36:34.4519814Z ^[[36m ^[[2m❯^[[22m assertValidProject packages/core/src/engine.ts:^[[2m101:11^[[22m^[[39m
integration (node 24)	Run npm run test:integration	2026-08-23T01:36:34.4520512Z     ^[[90m 99|^[[39m   ^[[35mconst^[[39m result ^[[33m=^[[39m ^[[34mvalidateV5^[[39m(project)^[[33m;^[[39m
integration (node 24)	Run npm run test:integration	2026-08-23T01:36:34.4521332Z     ^[[90m100|^[[39m   ^[[35mif^[[39m (^[[33m!^[[39mresult^[[33m.^[[39mvalid ^[[33m||^[[39m result^[[33m.^[[39mvalue ^[[33m===^[[39m ^[[35mnull^[[39m)
integration (node 24)	Run npm run test:integration	2026-08-23T01:36:34.4522001Z     ^[[90m101|^[[39m     ^[[35mthrow^[[39m ^[[35mnew^[[39m ^[[33mTypeError^[[39m(
integration (node 24)	Run npm run test:integration	2026-08-23T01:36:34.4522460Z     ^[[90m   |^[[39m           ^[[31m^^[[39m
integration (node 24)	Run npm run test:integration	2026-08-23T01:36:34.4522983Z     ^[[90m102|^[[39m       result^[[33m.^[[39mdiagnostics^[[33m.^[[39mlength ^[[33m===^[[39m ^[[34m0^[[39m
integration (node 24)	Run npm run test:integration	2026-08-23T01:36:34.4523571Z     ^[[90m103|^[[39m         ^[[33m?^[[39m ^[[32m"Project failed v5 validation."^[[39m
integration (node 24)	Run npm run test:integration	2026-08-23T01:36:34.4524182Z ^[[90m ^[[2m❯^[[22m Engine.load packages/core/src/engine.ts:^[[2m170:29^[[22m^[[39m
integration (node 24)	Run npm run test:integration	2026-08-23T01:36:34.4524898Z ^[[90m ^[[2m❯^[[22m packages/core/test/integration/phase7-walker-demo.test.ts:^[[2m199:27^[[22m^[[39m
integration (node 24)	Run npm run test:integration	2026-08-23T01:36:34.4525436Z 
integration (node 24)	Run npm run test:integration	2026-08-23T01:36:34.4525666Z ^[[31m^[[2m⎯⎯⎯⎯⎯⎯⎯⎯⎯⎯⎯⎯⎯⎯⎯⎯⎯⎯⎯⎯⎯[69/124]⎯^[[22m^[[39m
integration (node 24)	Run npm run test:integration	2026-08-23T01:36:34.4525873Z 
integration (node 24)	Run npm run test:integration	2026-08-23T01:36:34.4526985Z ^[[41m^[[1m FAIL ^[[22m^[[49m packages/core/test/integration/phase7-walker-demo.test.ts^[[2m > ^[[22mPhase 7: Walker Demo Integration Suite^[[2m > ^[[22m4. Demonstrate progress through TriggerPort and manual signals
integration (node 24)	Run npm run test:integration	2026-08-23T01:36:34.4533423Z ^[[31m^[[1mTypeError^[[22m: property-stops-wrapper at motions[0].tracks[0].keyframes.transform.values.x: The { stops: [...] } wrapper is retired; author the stops array directly as the value. property-stops-wrapper at motions[0].tracks[0].keyframes.transform.values.y: The { stops: [...] } wrapper is retired; author the stops array directly as the value. property-stops-wrapper at motions[0].tracks[0].keyframes.transform.values.rotation: The { stops: [...] } wrapper is retired; author the stops array directly as the value. property-stops-wrapper at motions[0].tracks[1].keyframes.fk.values.length: The { stops: [...] } wrapper is retired; author the stops array directly as the value. property-stops-wrapper at motions[0].tracks[1].keyframes.fk.values.rotation: The { stops: [...] } wrapper is retired; author the stops array directly as the value. property-stops-wrapper at motions[0].tracks[2].keyframes.fk.values.length: The { stops: [...] } wrapper is retired; author the stops array directly as the value. property-stops-wrapper at motions[0].tracks[2].keyframes.fk.values.rotation: The { stops: [...] } wrapper is retired; author the stops array directly as the value.^[[39m
integration (node 24)	Run npm run test:integration	2026-08-23T01:36:34.4537568Z ^[[36m ^[[2m❯^[[22m assertValidProject packages/core/src/engine.ts:^[[2m101:11^[[22m^[[39m
integration (node 24)	Run npm run test:integration	2026-08-23T01:36:34.4538259Z     ^[[90m 99|^[[39m   ^[[35mconst^[[39m result ^[[33m=^[[39m ^[[34mvalidateV5^[[39m(project)^[[33m;^[[39m
integration (node 24)	Run npm run test:integration	2026-08-23T01:36:34.4539212Z     ^[[90m100|^[[39m   ^[[35mif^[[39m (^[[33m!^[[39mresult^[[33m.^[[39mvalid ^[[33m||^[[39m result^[[33m.^[[39mvalue ^[[33m===^[[39m ^[[35mnull^[[39m)
integration (node 24)	Run npm run test:integration	2026-08-23T01:36:34.4539922Z     ^[[90m101|^[[39m     ^[[35mthrow^[[39m ^[[35mnew^[[39m ^[[33mTypeError^[[39m(
integration (node 24)	Run npm run test:integration	2026-08-23T01:36:34.4540344Z     ^[[90m   |^[[39m           ^[[31m^^[[39m
integration (node 24)	Run npm run test:integration	2026-08-23T01:36:34.4540861Z     ^[[90m102|^[[39m       result^[[33m.^[[39mdiagnostics^[[33m.^[[39mlength ^[[33m===^[[39m ^[[34m0^[[39m
integration (node 24)	Run npm run test:integration	2026-08-23T01:36:34.4541446Z     ^[[90m103|^[[39m         ^[[33m?^[[39m ^[[32m"Project failed v5 validation."^[[39m
integration (node 24)	Run npm run test:integration	2026-08-23T01:36:34.4542034Z ^[[90m ^[[2m❯^[[22m Engine.load packages/core/src/engine.ts:^[[2m170:29^[[22m^[[39m
integration (node 24)	Run npm run test:integration	2026-08-23T01:36:34.4542733Z ^[[90m ^[[2m❯^[[22m packages/core/test/integration/phase7-walker-demo.test.ts:^[[2m219:8^[[22m^[[39m
integration (node 24)	Run npm run test:integration	2026-08-23T01:36:34.4543086Z 
integration (node 24)	Run npm run test:integration	2026-08-23T01:36:34.4543325Z ^[[31m^[[2m⎯⎯⎯⎯⎯⎯⎯⎯⎯⎯⎯⎯⎯⎯⎯⎯⎯⎯⎯⎯⎯[70/124]⎯^[[22m^[[39m
integration (node 24)	Run npm run test:integration	2026-08-23T01:36:34.4543519Z 
integration (node 24)	Run npm run test:integration	2026-08-23T01:36:34.4544465Z ^[[41m^[[1m FAIL ^[[22m^[[49m packages/core/test/integration/phase7-walker-demo.test.ts^[[2m > ^[[22mPhase 7: Walker Demo Integration Suite^[[2m > ^[[22m5. Render multiple tracks from one Motion in one published batch
integration (node 24)	Run npm run test:integration	2026-08-23T01:36:34.4550654Z ^[[31m^[[1mTypeError^[[22m: property-stops-wrapper at motions[0].tracks[0].keyframes.transform.values.x: The { stops: [...] } wrapper is retired; author the stops array directly as the value. property-stops-wrapper at motions[0].tracks[0].keyframes.transform.values.y: The { stops: [...] } wrapper is retired; author the stops array directly as the value. property-stops-wrapper at motions[0].tracks[0].keyframes.transform.values.rotation: The { stops: [...] } wrapper is retired; author the stops array directly as the value. property-stops-wrapper at motions[0].tracks[1].keyframes.fk.values.length: The { stops: [...] } wrapper is retired; author the stops array directly as the value. property-stops-wrapper at motions[0].tracks[1].keyframes.fk.values.rotation: The { stops: [...] } wrapper is retired; author the stops array directly as the value. property-stops-wrapper at motions[0].tracks[2].keyframes.fk.values.length: The { stops: [...] } wrapper is retired; author the stops array directly as the value. property-stops-wrapper at motions[0].tracks[2].keyframes.fk.values.rotation: The { stops: [...] } wrapper is retired; author the stops array directly as the value.^[[39m
integration (node 24)	Run npm run test:integration	2026-08-23T01:36:34.4555064Z ^[[36m ^[[2m❯^[[22m assertValidProject packages/core/src/engine.ts:^[[2m101:11^[[22m^[[39m
integration (node 24)	Run npm run test:integration	2026-08-23T01:36:34.4555736Z     ^[[90m 99|^[[39m   ^[[35mconst^[[39m result ^[[33m=^[[39m ^[[34mvalidateV5^[[39m(project)^[[33m;^[[39m
integration (node 24)	Run npm run test:integration	2026-08-23T01:36:34.4556890Z     ^[[90m100|^[[39m   ^[[35mif^[[39m (^[[33m!^[[39mresult^[[33m.^[[39mvalid ^[[33m||^[[39m result^[[33m.^[[39mvalue ^[[33m===^[[39m ^[[35mnull^[[39m)
integration (node 24)	Run npm run test:integration	2026-08-23T01:36:34.4557853Z     ^[[90m101|^[[39m     ^[[35mthrow^[[39m ^[[35mnew^[[39m ^[[33mTypeError^[[39m(
integration (node 24)	Run npm run test:integration	2026-08-23T01:36:34.4558282Z     ^[[90m   |^[[39m           ^[[31m^^[[39m
integration (node 24)	Run npm run test:integration	2026-08-23T01:36:34.4558808Z     ^[[90m102|^[[39m       result^[[33m.^[[39mdiagnostics^[[33m.^[[39mlength ^[[33m===^[[39m ^[[34m0^[[39m
integration (node 24)	Run npm run test:integration	2026-08-23T01:36:34.4559770Z     ^[[90m103|^[[39m         ^[[33m?^[[39m ^[[32m"Project failed v5 validation."^[[39m
integration (node 24)	Run npm run test:integration	2026-08-23T01:36:34.4560457Z ^[[90m ^[[2m❯^[[22m Engine.load packages/core/src/engine.ts:^[[2m170:29^[[22m^[[39m
integration (node 24)	Run npm run test:integration	2026-08-23T01:36:34.4561209Z ^[[90m ^[[2m❯^[[22m packages/core/test/integration/phase7-walker-demo.test.ts:^[[2m243:8^[[22m^[[39m
integration (node 24)	Run npm run test:integration	2026-08-23T01:36:34.4561573Z 
integration (node 24)	Run npm run test:integration	2026-08-23T01:36:34.4561812Z ^[[31m^[[2m⎯⎯⎯⎯⎯⎯⎯⎯⎯⎯⎯⎯⎯⎯⎯⎯⎯⎯⎯⎯⎯[71/124]⎯^[[22m^[[39m
integration (node 24)	Run npm run test:integration	2026-08-23T01:36:34.4562166Z 
integration (node 24)	Run npm run test:integration	2026-08-23T01:36:34.4563936Z ^[[41m^[[1m FAIL ^[[22m^[[49m packages/core/test/integration/phase7-walker-demo.test.ts^[[2m > ^[[22mPhase 7: Walker Demo Integration Suite^[[2m > ^[[22m6. Demonstrate FK graph observation dependency chain (pelvis -> thigh -> shin)
integration (node 24)	Run npm run test:integration	2026-08-23T01:36:34.4570550Z ^[[31m^[[1mTypeError^[[22m: property-stops-wrapper at motions[0].tracks[0].keyframes.transform.values.x: The { stops: [...] } wrapper is retired; author the stops array directly as the value. property-stops-wrapper at motions[0].tracks[0].keyframes.transform.values.y: The { stops: [...] } wrapper is retired; author the stops array directly as the value. property-stops-wrapper at motions[0].tracks[0].keyframes.transform.values.rotation: The { stops: [...] } wrapper is retired; author the stops array directly as the value. property-stops-wrapper at motions[0].tracks[1].keyframes.fk.values.length: The { stops: [...] } wrapper is retired; author the stops array directly as the value. property-stops-wrapper at motions[0].tracks[1].keyframes.fk.values.rotation: The { stops: [...] } wrapper is retired; author the stops array directly as the value. property-stops-wrapper at motions[0].tracks[2].keyframes.fk.values.length: The { stops: [...] } wrapper is retired; author the stops array directly as the value. property-stops-wrapper at motions[0].tracks[2].keyframes.fk.values.rotation: The { stops: [...] } wrapper is retired; author the stops array directly as the value.^[[39m
integration (node 24)	Run npm run test:integration	2026-08-23T01:36:34.4574691Z ^[[36m ^[[2m❯^[[22m assertValidProject packages/core/src/engine.ts:^[[2m101:11^[[22m^[[39m
integration (node 24)	Run npm run test:integration	2026-08-23T01:36:34.4575369Z     ^[[90m 99|^[[39m   ^[[35mconst^[[39m result ^[[33m=^[[39m ^[[34mvalidateV5^[[39m(project)^[[33m;^[[39m
integration (node 24)	Run npm run test:integration	2026-08-23T01:36:34.4576180Z     ^[[90m100|^[[39m   ^[[35mif^[[39m (^[[33m!^[[39mresult^[[33m.^[[39mvalid ^[[33m||^[[39m result^[[33m.^[[39mvalue ^[[33m===^[[39m ^[[35mnull^[[39m)
integration (node 24)	Run npm run test:integration	2026-08-23T01:36:34.4576868Z     ^[[90m101|^[[39m     ^[[35mthrow^[[39m ^[[35mnew^[[39m ^[[33mTypeError^[[39m(
integration (node 24)	Run npm run test:integration	2026-08-23T01:36:34.4577296Z     ^[[90m   |^[[39m           ^[[31m^^[[39m
integration (node 24)	Run npm run test:integration	2026-08-23T01:36:34.4577833Z     ^[[90m102|^[[39m       result^[[33m.^[[39mdiagnostics^[[33m.^[[39mlength ^[[33m===^[[39m ^[[34m0^[[39m
integration (node 24)	Run npm run test:integration	2026-08-23T01:36:34.4578426Z     ^[[90m103|^[[39m         ^[[33m?^[[39m ^[[32m"Project failed v5 validation."^[[39m
integration (node 24)	Run npm run test:integration	2026-08-23T01:36:34.4579198Z ^[[90m ^[[2m❯^[[22m Engine.load packages/core/src/engine.ts:^[[2m170:29^[[22m^[[39m
integration (node 24)	Run npm run test:integration	2026-08-23T01:36:34.4579921Z ^[[90m ^[[2m❯^[[22m packages/core/test/integration/phase7-walker-demo.test.ts:^[[2m269:8^[[22m^[[39m
integration (node 24)	Run npm run test:integration	2026-08-23T01:36:34.4580276Z 
integration (node 24)	Run npm run test:integration	2026-08-23T01:36:34.4580510Z ^[[31m^[[2m⎯⎯⎯⎯⎯⎯⎯⎯⎯⎯⎯⎯⎯⎯⎯⎯⎯⎯⎯⎯⎯[72/124]⎯^[[22m^[[39m
integration (node 24)	Run npm run test:integration	2026-08-23T01:36:34.4580715Z 
integration (node 24)	Run npm run test:integration	2026-08-23T01:36:34.4581702Z ^[[41m^[[1m FAIL ^[[22m^[[49m packages/core/test/integration/phase7-walker-demo.test.ts^[[2m > ^[[22mPhase 7: Walker Demo Integration Suite^[[2m > ^[[22m7. Mount, unmount, remount, and dispose without duplicate subscriptions
integration (node 24)	Run npm run test:integration	2026-08-23T01:36:34.4587969Z ^[[31m^[[1mTypeError^[[22m: property-stops-wrapper at motions[0].tracks[0].keyframes.transform.values.x: The { stops: [...] } wrapper is retired; author the stops array directly as the value. property-stops-wrapper at motions[0].tracks[0].keyframes.transform.values.y: The { stops: [...] } wrapper is retired; author the stops array directly as the value. property-stops-wrapper at motions[0].tracks[0].keyframes.transform.values.rotation: The { stops: [...] } wrapper is retired; author the stops array directly as the value. property-stops-wrapper at motions[0].tracks[1].keyframes.fk.values.length: The { stops: [...] } wrapper is retired; author the stops array directly as the value. property-stops-wrapper at motions[0].tracks[1].keyframes.fk.values.rotation: The { stops: [...] } wrapper is retired; author the stops array directly as the value. property-stops-wrapper at motions[0].tracks[2].keyframes.fk.values.length: The { stops: [...] } wrapper is retired; author the stops array directly as the value. property-stops-wrapper at motions[0].tracks[2].keyframes.fk.values.rotation: The { stops: [...] } wrapper is retired; author the stops array directly as the value.^[[39m
integration (node 24)	Run npm run test:integration	2026-08-23T01:36:34.4592504Z ^[[36m ^[[2m❯^[[22m assertValidProject packages/core/src/engine.ts:^[[2m101:11^[[22m^[[39m
integration (node 24)	Run npm run test:integration	2026-08-23T01:36:34.4593186Z     ^[[90m 99|^[[39m   ^[[35mconst^[[39m result ^[[33m=^[[39m ^[[34mvalidateV5^[[39m(project)^[[33m;^[[39m
integration (node 24)	Run npm run test:integration	2026-08-23T01:36:34.4593989Z     ^[[90m100|^[[39m   ^[[35mif^[[39m (^[[33m!^[[39mresult^[[33m.^[[39mvalid ^[[33m||^[[39m result^[[33m.^[[39mvalue ^[[33m===^[[39m ^[[35mnull^[[39m)
integration (node 24)	Run npm run test:integration	2026-08-23T01:36:34.4594657Z     ^[[90m101|^[[39m     ^[[35mthrow^[[39m ^[[35mnew^[[39m ^[[33mTypeError^[[39m(
integration (node 24)	Run npm run test:integration	2026-08-23T01:36:34.4595106Z     ^[[90m   |^[[39m           ^[[31m^^[[39m
integration (node 24)	Run npm run test:integration	2026-08-23T01:36:34.4595623Z     ^[[90m102|^[[39m       result^[[33m.^[[39mdiagnostics^[[33m.^[[39mlength ^[[33m===^[[39m ^[[34m0^[[39m
integration (node 24)	Run npm run test:integration	2026-08-23T01:36:34.4596222Z     ^[[90m103|^[[39m         ^[[33m?^[[39m ^[[32m"Project failed v5 validation."^[[39m
integration (node 24)	Run npm run test:integration	2026-08-23T01:36:34.4596819Z ^[[90m ^[[2m❯^[[22m Engine.load packages/core/src/engine.ts:^[[2m170:29^[[22m^[[39m
integration (node 24)	Run npm run test:integration	2026-08-23T01:36:34.4597530Z ^[[90m ^[[2m❯^[[22m packages/core/test/integration/phase7-walker-demo.test.ts:^[[2m305:8^[[22m^[[39m
integration (node 24)	Run npm run test:integration	2026-08-23T01:36:34.4597883Z 
integration (node 24)	Run npm run test:integration	2026-08-23T01:36:34.4598110Z ^[[31m^[[2m⎯⎯⎯⎯⎯⎯⎯⎯⎯⎯⎯⎯⎯⎯⎯⎯⎯⎯⎯⎯⎯[73/124]⎯^[[22m^[[39m
integration (node 24)	Run npm run test:integration	2026-08-23T01:36:34.4598313Z 
integration (node 24)	Run npm run test:integration	2026-08-23T01:36:34.4599571Z ^[[41m^[[1m FAIL ^[[22m^[[49m packages/core/test/integration/phase7-walker-demo.test.ts^[[2m > ^[[22mPhase 7: Walker Demo Integration Suite^[[2m > ^[[22m8. Show blocked/pending/error diagnostics without crashing the app
integration (node 24)	Run npm run test:integration	2026-08-23T01:36:34.4605580Z ^[[31m^[[1mTypeError^[[22m: property-stops-wrapper at motions[0].tracks[0].keyframes.transform.values.x: The { stops: [...] } wrapper is retired; author the stops array directly as the value. property-stops-wrapper at motions[0].tracks[0].keyframes.transform.values.y: The { stops: [...] } wrapper is retired; author the stops array directly as the value. property-stops-wrapper at motions[0].tracks[0].keyframes.transform.values.rotation: The { stops: [...] } wrapper is retired; author the stops array directly as the value. property-stops-wrapper at motions[0].tracks[1].keyframes.fk.values.length: The { stops: [...] } wrapper is retired; author the stops array directly as the value. property-stops-wrapper at motions[0].tracks[1].keyframes.fk.values.rotation: The { stops: [...] } wrapper is retired; author the stops array directly as the value. property-stops-wrapper at motions[0].tracks[2].keyframes.fk.values.length: The { stops: [...] } wrapper is retired; author the stops array directly as the value. property-stops-wrapper at motions[0].tracks[2].keyframes.fk.values.rotation: The { stops: [...] } wrapper is retired; author the stops array directly as the value.^[[39m
integration (node 24)	Run npm run test:integration	2026-08-23T01:36:34.4610868Z ^[[36m ^[[2m❯^[[22m assertValidProject packages/core/src/engine.ts:^[[2m101:11^[[22m^[[39m
integration (node 24)	Run npm run test:integration	2026-08-23T01:36:34.4611999Z     ^[[90m 99|^[[39m   ^[[35mconst^[[39m result ^[[33m=^[[39m ^[[34mvalidateV5^[[39m(project)^[[33m;^[[39m
integration (node 24)	Run npm run test:integration	2026-08-23T01:36:34.4613273Z     ^[[90m100|^[[39m   ^[[35mif^[[39m (^[[33m!^[[39mresult^[[33m.^[[39mvalid ^[[33m||^[[39m result^[[33m.^[[39mvalue ^[[33m===^[[39m ^[[35mnull^[[39m)
integration (node 24)	Run npm run test:integration	2026-08-23T01:36:34.4614204Z     ^[[90m101|^[[39m     ^[[35mthrow^[[39m ^[[35mnew^[[39m ^[[33mTypeError^[[39m(
integration (node 24)	Run npm run test:integration	2026-08-23T01:36:34.4614632Z     ^[[90m   |^[[39m           ^[[31m^^[[39m
integration (node 24)	Run npm run test:integration	2026-08-23T01:36:34.4615188Z     ^[[90m102|^[[39m       result^[[33m.^[[39mdiagnostics^[[33m.^[[39mlength ^[[33m===^[[39m ^[[34m0^[[39m
integration (node 24)	Run npm run test:integration	2026-08-23T01:36:34.4615835Z     ^[[90m103|^[[39m         ^[[33m?^[[39m ^[[32m"Project failed v5 validation."^[[39m
integration (node 24)	Run npm run test:integration	2026-08-23T01:36:34.4616454Z ^[[90m ^[[2m❯^[[22m Engine.load packages/core/src/engine.ts:^[[2m170:29^[[22m^[[39m
integration (node 24)	Run npm run test:integration	2026-08-23T01:36:34.4617172Z ^[[90m ^[[2m❯^[[22m packages/core/test/integration/phase7-walker-demo.test.ts:^[[2m330:8^[[22m^[[39m
integration (node 24)	Run npm run test:integration	2026-08-23T01:36:34.4617534Z 
integration (node 24)	Run npm run test:integration	2026-08-23T01:36:34.4617773Z ^[[31m^[[2m⎯⎯⎯⎯⎯⎯⎯⎯⎯⎯⎯⎯⎯⎯⎯⎯⎯⎯⎯⎯⎯[74/124]⎯^[[22m^[[39m
integration (node 24)	Run npm run test:integration	2026-08-23T01:36:34.4617984Z 
integration (node 24)	Run npm run test:integration	2026-08-23T01:36:34.4618878Z ^[[41m^[[1m FAIL ^[[22m^[[49m packages/core/test/integration/phase7-walker-demo.test.ts^[[2m > ^[[22mPhase 7: Walker Demo Integration Suite^[[2m > ^[[22m9. Use React usePatch hook at the React boundary
integration (node 24)	Run npm run test:integration	2026-08-23T01:36:34.4625044Z ^[[31m^[[1mTypeError^[[22m: property-stops-wrapper at motions[0].tracks[0].keyframes.transform.values.x: The { stops: [...] } wrapper is retired; author the stops array directly as the value. property-stops-wrapper at motions[0].tracks[0].keyframes.transform.values.y: The { stops: [...] } wrapper is retired; author the stops array directly as the value. property-stops-wrapper at motions[0].tracks[0].keyframes.transform.values.rotation: The { stops: [...] } wrapper is retired; author the stops array directly as the value. property-stops-wrapper at motions[0].tracks[1].keyframes.fk.values.length: The { stops: [...] } wrapper is retired; author the stops array directly as the value. property-stops-wrapper at motions[0].tracks[1].keyframes.fk.values.rotation: The { stops: [...] } wrapper is retired; author the stops array directly as the value. property-stops-wrapper at motions[0].tracks[2].keyframes.fk.values.length: The { stops: [...] } wrapper is retired; author the stops array directly as the value. property-stops-wrapper at motions[0].tracks[2].keyframes.fk.values.rotation: The { stops: [...] } wrapper is retired; author the stops array directly as the value.^[[39m
integration (node 24)	Run npm run test:integration	2026-08-23T01:36:34.4629401Z ^[[36m ^[[2m❯^[[22m assertValidProject packages/core/src/engine.ts:^[[2m101:11^[[22m^[[39m
integration (node 24)	Run npm run test:integration	2026-08-23T01:36:34.4630089Z     ^[[90m 99|^[[39m   ^[[35mconst^[[39m result ^[[33m=^[[39m ^[[34mvalidateV5^[[39m(project)^[[33m;^[[39m
integration (node 24)	Run npm run test:integration	2026-08-23T01:36:34.4630893Z     ^[[90m100|^[[39m   ^[[35mif^[[39m (^[[33m!^[[39mresult^[[33m.^[[39mvalid ^[[33m||^[[39m result^[[33m.^[[39mvalue ^[[33m===^[[39m ^[[35mnull^[[39m)
integration (node 24)	Run npm run test:integration	2026-08-23T01:36:34.4631575Z     ^[[90m101|^[[39m     ^[[35mthrow^[[39m ^[[35mnew^[[39m ^[[33mTypeError^[[39m(
integration (node 24)	Run npm run test:integration	2026-08-23T01:36:34.4631996Z     ^[[90m   |^[[39m           ^[[31m^^[[39m
integration (node 24)	Run npm run test:integration	2026-08-23T01:36:34.4632767Z     ^[[90m102|^[[39m       result^[[33m.^[[39mdiagnostics^[[33m.^[[39mlength ^[[33m===^[[39m ^[[34m0^[[39m
integration (node 24)	Run npm run test:integration	2026-08-23T01:36:34.4633368Z     ^[[90m103|^[[39m         ^[[33m?^[[39m ^[[32m"Project failed v5 validation."^[[39m
integration (node 24)	Run npm run test:integration	2026-08-23T01:36:34.4634092Z ^[[90m ^[[2m❯^[[22m Engine.load packages/core/src/engine.ts:^[[2m170:29^[[22m^[[39m
integration (node 24)	Run npm run test:integration	2026-08-23T01:36:34.4634810Z ^[[90m ^[[2m❯^[[22m packages/core/test/integration/phase7-walker-demo.test.ts:^[[2m351:8^[[22m^[[39m
integration (node 24)	Run npm run test:integration	2026-08-23T01:36:34.4635162Z 
integration (node 24)	Run npm run test:integration	2026-08-23T01:36:34.4635411Z ^[[31m^[[2m⎯⎯⎯⎯⎯⎯⎯⎯⎯⎯⎯⎯⎯⎯⎯⎯⎯⎯⎯⎯⎯[75/124]⎯^[[22m^[[39m
integration (node 24)	Run npm run test:integration	2026-08-23T01:36:34.4635621Z 
integration (node 24)	Run npm run test:integration	2026-08-23T01:36:34.4636522Z ^[[41m^[[1m FAIL ^[[22m^[[49m packages/core/test/integration/phase7-walker-demo.test.ts^[[2m > ^[[22mPhase 7: Walker Demo Integration Suite^[[2m > ^[[22m10. Automated end-to-end integration test passes clean
integration (node 24)	Run npm run test:integration	2026-08-23T01:36:34.4642721Z ^[[31m^[[1mTypeError^[[22m: property-stops-wrapper at motions[0].tracks[0].keyframes.transform.values.x: The { stops: [...] } wrapper is retired; author the stops array directly as the value. property-stops-wrapper at motions[0].tracks[0].keyframes.transform.values.y: The { stops: [...] } wrapper is retired; author the stops array directly as the value. property-stops-wrapper at motions[0].tracks[0].keyframes.transform.values.rotation: The { stops: [...] } wrapper is retired; author the stops array directly as the value. property-stops-wrapper at motions[0].tracks[1].keyframes.fk.values.length: The { stops: [...] } wrapper is retired; author the stops array directly as the value. property-stops-wrapper at motions[0].tracks[1].keyframes.fk.values.rotation: The { stops: [...] } wrapper is retired; author the stops array directly as the value. property-stops-wrapper at motions[0].tracks[2].keyframes.fk.values.length: The { stops: [...] } wrapper is retired; author the stops array directly as the value. property-stops-wrapper at motions[0].tracks[2].keyframes.fk.values.rotation: The { stops: [...] } wrapper is retired; author the stops array directly as the value.^[[39m
integration (node 24)	Run npm run test:integration	2026-08-23T01:36:34.4646827Z ^[[36m ^[[2m❯^[[22m assertValidProject packages/core/src/engine.ts:^[[2m101:11^[[22m^[[39m
integration (node 24)	Run npm run test:integration	2026-08-23T01:36:34.4647503Z     ^[[90m 99|^[[39m   ^[[35mconst^[[39m result ^[[33m=^[[39m ^[[34mvalidateV5^[[39m(project)^[[33m;^[[39m
integration (node 24)	Run npm run test:integration	2026-08-23T01:36:34.4648319Z     ^[[90m100|^[[39m   ^[[35mif^[[39m (^[[33m!^[[39mresult^[[33m.^[[39mvalid ^[[33m||^[[39m result^[[33m.^[[39mvalue ^[[33m===^[[39m ^[[35mnull^[[39m)
integration (node 24)	Run npm run test:integration	2026-08-23T01:36:34.4649215Z     ^[[90m101|^[[39m     ^[[35mthrow^[[39m ^[[35mnew^[[39m ^[[33mTypeError^[[39m(
integration (node 24)	Run npm run test:integration	2026-08-23T01:36:34.4649702Z     ^[[90m   |^[[39m           ^[[31m^^[[39m
integration (node 24)	Run npm run test:integration	2026-08-23T01:36:34.4650231Z     ^[[90m102|^[[39m       result^[[33m.^[[39mdiagnostics^[[33m.^[[39mlength ^[[33m===^[[39m ^[[34m0^[[39m
integration (node 24)	Run npm run test:integration	2026-08-23T01:36:34.4650826Z     ^[[90m103|^[[39m         ^[[33m?^[[39m ^[[32m"Project failed v5 validation."^[[39m
integration (node 24)	Run npm run test:integration	2026-08-23T01:36:34.4651445Z ^[[90m ^[[2m❯^[[22m Engine.load packages/core/src/engine.ts:^[[2m170:29^[[22m^[[39m
integration (node 24)	Run npm run test:integration	2026-08-23T01:36:34.4652164Z ^[[90m ^[[2m❯^[[22m packages/core/test/integration/phase7-walker-demo.test.ts:^[[2m387:8^[[22m^[[39m
integration (node 24)	Run npm run test:integration	2026-08-23T01:36:34.4652533Z 
integration (node 24)	Run npm run test:integration	2026-08-23T01:36:34.4652767Z ^[[31m^[[2m⎯⎯⎯⎯⎯⎯⎯⎯⎯⎯⎯⎯⎯⎯⎯⎯⎯⎯⎯⎯⎯[76/124]⎯^[[22m^[[39m
integration (node 24)	Run npm run test:integration	2026-08-23T01:36:34.4652975Z 
integration (node 24)	Run npm run test:integration	2026-08-23T01:36:34.4654097Z ^[[41m^[[1m FAIL ^[[22m^[[49m packages/core/test/integration/plugin-group-values-section.test.ts^[[2m > ^[[22man explicit values section inside plugin groups^[[2m > ^[[22mY-1 compiles the values section to leaves and the requires section to nothing
integration (node 24)	Run npm run test:integration	2026-08-23T01:36:34.4655759Z ^[[31m^[[1mTypeError^[[22m: property-stops-wrapper at motions[0].tracks[1].keyframes.fk.values.length: The { stops: [...] } wrapper is retired; author the stops array directly as the value.^[[39m
integration (node 24)	Run npm run test:integration	2026-08-23T01:36:34.4656769Z ^[[36m ^[[2m❯^[[22m assertValidProject packages/core/src/engine.ts:^[[2m101:11^[[22m^[[39m
integration (node 24)	Run npm run test:integration	2026-08-23T01:36:34.4657434Z     ^[[90m 99|^[[39m   ^[[35mconst^[[39m result ^[[33m=^[[39m ^[[34mvalidateV5^[[39m(project)^[[33m;^[[39m
integration (node 24)	Run npm run test:integration	2026-08-23T01:36:34.4658225Z     ^[[90m100|^[[39m   ^[[35mif^[[39m (^[[33m!^[[39mresult^[[33m.^[[39mvalid ^[[33m||^[[39m result^[[33m.^[[39mvalue ^[[33m===^[[39m ^[[35mnull^[[39m)
integration (node 24)	Run npm run test:integration	2026-08-23T01:36:34.4659297Z     ^[[90m101|^[[39m     ^[[35mthrow^[[39m ^[[35mnew^[[39m ^[[33mTypeError^[[39m(
integration (node 24)	Run npm run test:integration	2026-08-23T01:36:34.4659727Z     ^[[90m   |^[[39m           ^[[31m^^[[39m
integration (node 24)	Run npm run test:integration	2026-08-23T01:36:34.4660366Z     ^[[90m102|^[[39m       result^[[33m.^[[39mdiagnostics^[[33m.^[[39mlength ^[[33m===^[[39m ^[[34m0^[[39m
integration (node 24)	Run npm run test:integration	2026-08-23T01:36:34.4660964Z     ^[[90m103|^[[39m         ^[[33m?^[[39m ^[[32m"Project failed v5 validation."^[[39m
integration (node 24)	Run npm run test:integration	2026-08-23T01:36:34.4661555Z ^[[90m ^[[2m❯^[[22m Engine.load packages/core/src/engine.ts:^[[2m170:29^[[22m^[[39m
integration (node 24)	Run npm run test:integration	2026-08-23T01:36:34.4662332Z ^[[90m ^[[2m❯^[[22m load packages/core/test/integration/plugin-group-values-section.test.ts:^[[2m133:6^[[22m^[[39m
integration (node 24)	Run npm run test:integration	2026-08-23T01:36:34.4663208Z ^[[90m ^[[2m❯^[[22m packages/core/test/integration/plugin-group-values-section.test.ts:^[[2m147:20^[[22m^[[39m
integration (node 24)	Run npm run test:integration	2026-08-23T01:36:34.4663594Z 
integration (node 24)	Run npm run test:integration	2026-08-23T01:36:34.4663833Z ^[[31m^[[2m⎯⎯⎯⎯⎯⎯⎯⎯⎯⎯⎯⎯⎯⎯⎯⎯⎯⎯⎯⎯⎯[77/124]⎯^[[22m^[[39m
integration (node 24)	Run npm run test:integration	2026-08-23T01:36:34.4664037Z 
integration (node 24)	Run npm run test:integration	2026-08-23T01:36:34.4665049Z ^[[41m^[[1m FAIL ^[[22m^[[49m packages/core/test/integration/plugin-group-values-section.test.ts^[[2m > ^[[22man explicit values section inside plugin groups^[[2m > ^[[22mY-7 cites the section in a diagnostic about a leaf inside it
integration (node 24)	Run npm run test:integration	2026-08-23T01:36:34.4666271Z ^[[31m^[[1mAssertionError^[[22m: expected [ { …(4) } ] to deep equally contain ObjectContaining{…}^[[39m
integration (node 24)	Run npm run test:integration	2026-08-23T01:36:34.4666635Z 
integration (node 24)	Run npm run test:integration	2026-08-23T01:36:34.4666774Z ^[[32m- Expected:^[[39m
integration (node 24)	Run npm run test:integration	2026-08-23T01:36:34.4667042Z ObjectContaining {
integration (node 24)	Run npm run test:integration	2026-08-23T01:36:34.4667359Z   "path": "keyframes.fk.values.length.stops[0].p",
integration (node 24)	Run npm run test:integration	2026-08-23T01:36:34.4667723Z   "ruleId": "stop-position-range",
integration (node 24)	Run npm run test:integration	2026-08-23T01:36:34.4668008Z }
integration (node 24)	Run npm run test:integration	2026-08-23T01:36:34.4668113Z 
integration (node 24)	Run npm run test:integration	2026-08-23T01:36:34.4668254Z ^[[31m+ Received:^[[39m
integration (node 24)	Run npm run test:integration	2026-08-23T01:36:34.4668474Z [
integration (node 24)	Run npm run test:integration	2026-08-23T01:36:34.4668661Z   {
integration (node 24)	Run npm run test:integration	2026-08-23T01:36:34.4669417Z     "message": "The { stops: [...] } wrapper is retired; author the stops array directly as the value.",
integration (node 24)	Run npm run test:integration	2026-08-23T01:36:34.4669924Z     "path": "keyframes.fk.values.length",
integration (node 24)	Run npm run test:integration	2026-08-23T01:36:34.4670256Z     "ruleId": "property-stops-wrapper",
integration (node 24)	Run npm run test:integration	2026-08-23T01:36:34.4670557Z     "severity": "error",
integration (node 24)	Run npm run test:integration	2026-08-23T01:36:34.4670787Z   },
integration (node 24)	Run npm run test:integration	2026-08-23T01:36:34.4670977Z ]
integration (node 24)	Run npm run test:integration	2026-08-23T01:36:34.4671085Z 
integration (node 24)	Run npm run test:integration	2026-08-23T01:36:34.4671603Z ^[[36m ^[[2m❯^[[22m packages/core/test/integration/plugin-group-values-section.test.ts:^[[2m214:32^[[22m^[[39m
integration (node 24)	Run npm run test:integration	2026-08-23T01:36:34.4672344Z     ^[[90m212|^[[39m   it("Y-7 cites the section in a diagnostic about a leaf inside it", (…
integration (node 24)	Run npm run test:integration	2026-08-23T01:36:34.4672989Z     ^[[90m213|^[[39m     const authored = { fk: { values: { length: { stops: [{ p: 2, v: 1 …
integration (node 24)	Run npm run test:integration	2026-08-23T01:36:34.4673680Z     ^[[90m214|^[[39m     ^[[34mexpect^[[39m(^[[34mdiagnose^[[39m(authored))^[[33m.^[[39m^[[34mtoContainEqual^[[39m(
integration (node 24)	Run npm run test:integration	2026-08-23T01:36:34.4674248Z     ^[[90m   |^[[39m                                ^[[31m^^[[39m
integration (node 24)	Run npm run test:integration	2026-08-23T01:36:34.4674724Z     ^[[90m215|^[[39m       expect^[[33m.^[[39m^[[34mobjectContaining^[[39m({
integration (node 24)	Run npm run test:integration	2026-08-23T01:36:34.4675282Z     ^[[90m216|^[[39m         ruleId^[[33m:^[[39m ^[[32m"stop-position-range"^[[39m^[[33m,^[[39m
integration (node 24)	Run npm run test:integration	2026-08-23T01:36:34.4675584Z 
integration (node 24)	Run npm run test:integration	2026-08-23T01:36:34.4675820Z ^[[31m^[[2m⎯⎯⎯⎯⎯⎯⎯⎯⎯⎯⎯⎯⎯⎯⎯⎯⎯⎯⎯⎯⎯[78/124]⎯^[[22m^[[39m
integration (node 24)	Run npm run test:integration	2026-08-23T01:36:34.4676041Z 
integration (node 24)	Run npm run test:integration	2026-08-23T01:36:34.4677257Z ^[[41m^[[1m FAIL ^[[22m^[[49m packages/core/test/integration/plugin-group-values-section.test.ts^[[2m > ^[[22man explicit values section inside plugin groups^[[2m > ^[[22mY-8 keeps a leaf named values legal inside the section, and resolvable
integration (node 24)	Run npm run test:integration	2026-08-23T01:36:34.4679285Z ^[[31m^[[1mAssertionError^[[22m: expected [ 'property-stops-wrapper' ] to deeply equal []^[[39m
integration (node 24)	Run npm run test:integration	2026-08-23T01:36:34.4679808Z 
integration (node 24)	Run npm run test:integration	2026-08-23T01:36:34.4680005Z ^[[32m- Expected^[[39m
integration (node 24)	Run npm run test:integration	2026-08-23T01:36:34.4680384Z ^[[31m+ Received^[[39m
integration (node 24)	Run npm run test:integration	2026-08-23T01:36:34.4680565Z 
integration (node 24)	Run npm run test:integration	2026-08-23T01:36:34.4680721Z ^[[32m- []^[[39m
integration (node 24)	Run npm run test:integration	2026-08-23T01:36:34.4681038Z ^[[31m+ [^[[39m
integration (node 24)	Run npm run test:integration	2026-08-23T01:36:34.4681477Z ^[[31m+   "property-stops-wrapper",^[[39m
integration (node 24)	Run npm run test:integration	2026-08-23T01:36:34.4681902Z ^[[31m+ ]^[[39m
integration (node 24)	Run npm run test:integration	2026-08-23T01:36:34.4682131Z 
integration (node 24)	Run npm run test:integration	2026-08-23T01:36:34.4682893Z ^[[36m ^[[2m❯^[[22m packages/core/test/integration/plugin-group-values-section.test.ts:^[[2m228:31^[[22m^[[39m
integration (node 24)	Run npm run test:integration	2026-08-23T01:36:34.4684080Z     ^[[90m226|^[[39m     // a property called `values` that `fk` claims, and nothing about …
integration (node 24)	Run npm run test:integration	2026-08-23T01:36:34.4685948Z     ^[[90m227|^[[39m     ^[[35mconst^[[39m authored ^[[33m=^[[39m { fk^[[33m:^[[39m { values^[[33m:^[[39m { values^[[33m:^[[39m ^[[34mramp^[[39m(^[[34m0^[[39m^[[33m,^[[39m ^[[34m1^[[39m) } } }^[[33m;^[[39m
integration (node 24)	Run npm run test:integration	2026-08-23T01:36:34.4687682Z     ^[[90m228|^[[39m     ^[[34mexpect^[[39m(^[[34mruleIds^[[39m(authored))^[[33m.^[[39m^[[34mtoEqual^[[39m([])^[[33m;^[[39m
integration (node 24)	Run npm run test:integration	2026-08-23T01:36:34.4688643Z     ^[[90m   |^[[39m                               ^[[31m^^[[39m
integration (node 24)	Run npm run test:integration	2026-08-23T01:36:34.4689418Z     ^[[90m229|^[[39m
integration (node 24)	Run npm run test:integration	2026-08-23T01:36:34.4690210Z     ^[[90m230|^[[39m     const resolved = registry(passthrough).resolveForKeyframes(authore…
integration (node 24)	Run npm run test:integration	2026-08-23T01:36:34.4690756Z 
integration (node 24)	Run npm run test:integration	2026-08-23T01:36:34.4691166Z ^[[31m^[[2m⎯⎯⎯⎯⎯⎯⎯⎯⎯⎯⎯⎯⎯⎯⎯⎯⎯⎯⎯⎯⎯[79/124]⎯^[[22m^[[39m
integration (node 24)	Run npm run test:integration	2026-08-23T01:36:34.4691509Z 
integration (node 24)	Run npm run test:integration	2026-08-23T01:36:34.4693388Z ^[[41m^[[1m FAIL ^[[22m^[[49m packages/core/test/integration/plugin-group-values-section.test.ts^[[2m > ^[[22man explicit values section inside plugin groups^[[2m > ^[[22mY-13 composes the walker rig's world frame through the values section
integration (node 24)	Run npm run test:integration	2026-08-23T01:36:34.4704497Z ^[[31m^[[1mTypeError^[[22m: property-stops-wrapper at motions[0].tracks[0].keyframes.transform.values.x: The { stops: [...] } wrapper is retired; author the stops array directly as the value. property-stops-wrapper at motions[0].tracks[0].keyframes.transform.values.y: The { stops: [...] } wrapper is retired; author the stops array directly as the value. property-stops-wrapper at motions[0].tracks[0].keyframes.transform.values.rotation: The { stops: [...] } wrapper is retired; author the stops array directly as the value. property-stops-wrapper at motions[0].tracks[1].keyframes.fk.values.length: The { stops: [...] } wrapper is retired; author the stops array directly as the value. property-stops-wrapper at motions[0].tracks[1].keyframes.fk.values.rotation: The { stops: [...] } wrapper is retired; author the stops array directly as the value. property-stops-wrapper at motions[0].tracks[2].keyframes.fk.values.length: The { stops: [...] } wrapper is retired; author the stops array directly as the value. property-stops-wrapper at motions[0].tracks[2].keyframes.fk.values.rotation: The { stops: [...] } wrapper is retired; author the stops array directly as the value.^[[39m
integration (node 24)	Run npm run test:integration	2026-08-23T01:36:34.4712272Z ^[[36m ^[[2m❯^[[22m assertValidProject packages/core/src/engine.ts:^[[2m101:11^[[22m^[[39m
integration (node 24)	Run npm run test:integration	2026-08-23T01:36:34.4713423Z     ^[[90m 99|^[[39m   ^[[35mconst^[[39m result ^[[33m=^[[39m ^[[34mvalidateV5^[[39m(project)^[[33m;^[[39m
integration (node 24)	Run npm run test:integration	2026-08-23T01:36:34.4714919Z     ^[[90m100|^[[39m   ^[[35mif^[[39m (^[[33m!^[[39mresult^[[33m.^[[39mvalid ^[[33m||^[[39m result^[[33m.^[[39mvalue ^[[33m===^[[39m ^[[35mnull^[[39m)
integration (node 24)	Run npm run test:integration	2026-08-23T01:36:34.4716092Z     ^[[90m101|^[[39m     ^[[35mthrow^[[39m ^[[35mnew^[[39m ^[[33mTypeError^[[39m(
integration (node 24)	Run npm run test:integration	2026-08-23T01:36:34.4716790Z     ^[[90m   |^[[39m           ^[[31m^^[[39m
integration (node 24)	Run npm run test:integration	2026-08-23T01:36:34.4717675Z     ^[[90m102|^[[39m       result^[[33m.^[[39mdiagnostics^[[33m.^[[39mlength ^[[33m===^[[39m ^[[34m0^[[39m
integration (node 24)	Run npm run test:integration	2026-08-23T01:36:34.4718678Z     ^[[90m103|^[[39m         ^[[33m?^[[39m ^[[32m"Project failed v5 validation."^[[39m
integration (node 24)	Run npm run test:integration	2026-08-23T01:36:34.4719971Z ^[[90m ^[[2m❯^[[22m Engine.load packages/core/src/engine.ts:^[[2m170:29^[[22m^[[39m
integration (node 24)	Run npm run test:integration	2026-08-23T01:36:34.4721400Z ^[[90m ^[[2m❯^[[22m load packages/core/test/integration/plugin-group-values-section.test.ts:^[[2m133:6^[[22m^[[39m
integration (node 24)	Run npm run test:integration	2026-08-23T01:36:34.4722969Z ^[[90m ^[[2m❯^[[22m packages/core/test/integration/plugin-group-values-section.test.ts:^[[2m278:20^[[22m^[[39m
integration (node 24)	Run npm run test:integration	2026-08-23T01:36:34.4723652Z 
integration (node 24)	Run npm run test:integration	2026-08-23T01:36:34.4724052Z ^[[31m^[[2m⎯⎯⎯⎯⎯⎯⎯⎯⎯⎯⎯⎯⎯⎯⎯⎯⎯⎯⎯⎯⎯[80/124]⎯^[[22m^[[39m
integration (node 24)	Run npm run test:integration	2026-08-23T01:36:34.4724387Z 
integration (node 24)	Run npm run test:integration	2026-08-23T01:36:34.4726261Z ^[[41m^[[1m FAIL ^[[22m^[[49m packages/core/test/integration/plugin-owned-requirements.test.ts^[[2m > ^[[22mplugin-owned requirements end to end^[[2m > ^[[22mQ-7 derives the input edge from the binding and composes world space from it
integration (node 24)	Run npm run test:integration	2026-08-23T01:36:34.4735063Z ^[[31m^[[1mTypeError^[[22m: property-stops-wrapper at motions[0].tracks[0].keyframes.transform.values.x: The { stops: [...] } wrapper is retired; author the stops array directly as the value. property-stops-wrapper at motions[0].tracks[0].keyframes.transform.values.y: The { stops: [...] } wrapper is retired; author the stops array directly as the value. property-stops-wrapper at motions[0].tracks[0].keyframes.transform.values.rotation: The { stops: [...] } wrapper is retired; author the stops array directly as the value. property-stops-wrapper at motions[0].tracks[1].keyframes.fk.values.length: The { stops: [...] } wrapper is retired; author the stops array directly as the value. property-stops-wrapper at motions[0].tracks[1].keyframes.fk.values.rotation: The { stops: [...] } wrapper is retired; author the stops array directly as the value.^[[39m
integration (node 24)	Run npm run test:integration	2026-08-23T01:36:34.4741430Z ^[[36m ^[[2m❯^[[22m assertValidProject packages/core/src/engine.ts:^[[2m101:11^[[22m^[[39m
integration (node 24)	Run npm run test:integration	2026-08-23T01:36:34.4742629Z     ^[[90m 99|^[[39m   ^[[35mconst^[[39m result ^[[33m=^[[39m ^[[34mvalidateV5^[[39m(project)^[[33m;^[[39m
integration (node 24)	Run npm run test:integration	2026-08-23T01:36:34.4744036Z     ^[[90m100|^[[39m   ^[[35mif^[[39m (^[[33m!^[[39mresult^[[33m.^[[39mvalid ^[[33m||^[[39m result^[[33m.^[[39mvalue ^[[33m===^[[39m ^[[35mnull^[[39m)
integration (node 24)	Run npm run test:integration	2026-08-23T01:36:34.4745203Z     ^[[90m101|^[[39m     ^[[35mthrow^[[39m ^[[35mnew^[[39m ^[[33mTypeError^[[39m(
integration (node 24)	Run npm run test:integration	2026-08-23T01:36:34.4745938Z     ^[[90m   |^[[39m           ^[[31m^^[[39m
integration (node 24)	Run npm run test:integration	2026-08-23T01:36:34.4746814Z     ^[[90m102|^[[39m       result^[[33m.^[[39mdiagnostics^[[33m.^[[39mlength ^[[33m===^[[39m ^[[34m0^[[39m
integration (node 24)	Run npm run test:integration	2026-08-23T01:36:34.4747846Z     ^[[90m103|^[[39m         ^[[33m?^[[39m ^[[32m"Project failed v5 validation."^[[39m
integration (node 24)	Run npm run test:integration	2026-08-23T01:36:34.4748873Z ^[[90m ^[[2m❯^[[22m Engine.load packages/core/src/engine.ts:^[[2m170:29^[[22m^[[39m
integration (node 24)	Run npm run test:integration	2026-08-23T01:36:34.4750359Z ^[[90m ^[[2m❯^[[22m load packages/core/test/integration/plugin-owned-requirements.test.ts:^[[2m98:6^[[22m^[[39m
integration (node 24)	Run npm run test:integration	2026-08-23T01:36:34.4751913Z ^[[90m ^[[2m❯^[[22m packages/core/test/integration/plugin-owned-requirements.test.ts:^[[2m103:20^[[22m^[[39m
integration (node 24)	Run npm run test:integration	2026-08-23T01:36:34.4752610Z 
integration (node 24)	Run npm run test:integration	2026-08-23T01:36:34.4753016Z ^[[31m^[[2m⎯⎯⎯⎯⎯⎯⎯⎯⎯⎯⎯⎯⎯⎯⎯⎯⎯⎯⎯⎯⎯[81/124]⎯^[[22m^[[39m
integration (node 24)	Run npm run test:integration	2026-08-23T01:36:34.4753365Z 
integration (node 24)	Run npm run test:integration	2026-08-23T01:36:34.4755303Z ^[[41m^[[1m FAIL ^[[22m^[[49m packages/core/test/integration/plugin-owned-requirements.test.ts^[[2m > ^[[22mplugin-owned requirements end to end^[[2m > ^[[22mQ-8 leaves an omitted binding with no edge and lets the plugin own the unbound case
integration (node 24)	Run npm run test:integration	2026-08-23T01:36:34.4764019Z ^[[31m^[[1mTypeError^[[22m: property-stops-wrapper at motions[0].tracks[0].keyframes.transform.values.x: The { stops: [...] } wrapper is retired; author the stops array directly as the value. property-stops-wrapper at motions[0].tracks[0].keyframes.transform.values.y: The { stops: [...] } wrapper is retired; author the stops array directly as the value. property-stops-wrapper at motions[0].tracks[0].keyframes.transform.values.rotation: The { stops: [...] } wrapper is retired; author the stops array directly as the value. property-stops-wrapper at motions[0].tracks[1].keyframes.fk.values.length: The { stops: [...] } wrapper is retired; author the stops array directly as the value. property-stops-wrapper at motions[0].tracks[1].keyframes.fk.values.rotation: The { stops: [...] } wrapper is retired; author the stops array directly as the value.^[[39m
integration (node 24)	Run npm run test:integration	2026-08-23T01:36:34.4769805Z ^[[36m ^[[2m❯^[[22m assertValidProject packages/core/src/engine.ts:^[[2m101:11^[[22m^[[39m
integration (node 24)	Run npm run test:integration	2026-08-23T01:36:34.4770972Z     ^[[90m 99|^[[39m   ^[[35mconst^[[39m result ^[[33m=^[[39m ^[[34mvalidateV5^[[39m(project)^[[33m;^[[39m
integration (node 24)	Run npm run test:integration	2026-08-23T01:36:34.4772335Z     ^[[90m100|^[[39m   ^[[35mif^[[39m (^[[33m!^[[39mresult^[[33m.^[[39mvalid ^[[33m||^[[39m result^[[33m.^[[39mvalue ^[[33m===^[[39m ^[[35mnull^[[39m)
integration (node 24)	Run npm run test:integration	2026-08-23T01:36:34.4773510Z     ^[[90m101|^[[39m     ^[[35mthrow^[[39m ^[[35mnew^[[39m ^[[33mTypeError^[[39m(
integration (node 24)	Run npm run test:integration	2026-08-23T01:36:34.4774201Z     ^[[90m   |^[[39m           ^[[31m^^[[39m
integration (node 24)	Run npm run test:integration	2026-08-23T01:36:34.4775095Z     ^[[90m102|^[[39m       result^[[33m.^[[39mdiagnostics^[[33m.^[[39mlength ^[[33m===^[[39m ^[[34m0^[[39m
integration (node 24)	Run npm run test:integration	2026-08-23T01:36:34.4776154Z     ^[[90m103|^[[39m         ^[[33m?^[[39m ^[[32m"Project failed v5 validation."^[[39m
integration (node 24)	Run npm run test:integration	2026-08-23T01:36:34.4777188Z ^[[90m ^[[2m❯^[[22m Engine.load packages/core/src/engine.ts:^[[2m170:29^[[22m^[[39m
integration (node 24)	Run npm run test:integration	2026-08-23T01:36:34.4778550Z ^[[90m ^[[2m❯^[[22m load packages/core/test/integration/plugin-owned-requirements.test.ts:^[[2m98:6^[[22m^[[39m
integration (node 24)	Run npm run test:integration	2026-08-23T01:36:34.4780547Z ^[[90m ^[[2m❯^[[22m packages/core/test/integration/plugin-owned-requirements.test.ts:^[[2m125:20^[[22m^[[39m
integration (node 24)	Run npm run test:integration	2026-08-23T01:36:34.4781425Z 
integration (node 24)	Run npm run test:integration	2026-08-23T01:36:34.4781826Z ^[[31m^[[2m⎯⎯⎯⎯⎯⎯⎯⎯⎯⎯⎯⎯⎯⎯⎯⎯⎯⎯⎯⎯⎯[82/124]⎯^[[22m^[[39m
integration (node 24)	Run npm run test:integration	2026-08-23T01:36:34.4782168Z 
integration (node 24)	Run npm run test:integration	2026-08-23T01:36:34.4783915Z ^[[41m^[[1m FAIL ^[[22m^[[49m packages/core/test/integration/plugin-owned-requirements.test.ts^[[2m > ^[[22mplugin-owned requirements end to end^[[2m > ^[[22mQ-9 refuses a binding whose source is not a node in the graph
integration (node 24)	Run npm run test:integration	2026-08-23T01:36:34.4786468Z ^[[31m^[[1mAssertionError^[[22m: expected [Function] to throw error matching /observation-unknown-source/ but got 'property-stops-wrapper at motions[0].…'^[[39m
integration (node 24)	Run npm run test:integration	2026-08-23T01:36:34.4787482Z 
integration (node 24)	Run npm run test:integration	2026-08-23T01:36:34.4787731Z ^[[32m- Expected:^[[39m
integration (node 24)	Run npm run test:integration	2026-08-23T01:36:34.4788182Z /observation-unknown-source/
integration (node 24)	Run npm run test:integration	2026-08-23T01:36:34.4788467Z 
integration (node 24)	Run npm run test:integration	2026-08-23T01:36:34.4788694Z ^[[31m+ Received:^[[39m
integration (node 24)	Run npm run test:integration	2026-08-23T01:36:34.4795193Z "property-stops-wrapper at motions[0].tracks[0].keyframes.transform.values.x: The { stops: [...] } wrapper is retired; author the stops array directly as the value. property-stops-wrapper at motions[0].tracks[0].keyframes.transform.values.y: The { stops: [...] } wrapper is retired; author the stops array directly as the value. property-stops-wrapper at motions[0].tracks[0].keyframes.transform.values.rotation: The { stops: [...] } wrapper is retired; author the stops array directly as the value. property-stops-wrapper at motions[0].tracks[1].keyframes.fk.values.length: The { stops: [...] } wrapper is retired; author the stops array directly as the value. property-stops-wrapper at motions[0].tracks[1].keyframes.fk.values.rotation: The { stops: [...] } wrapper is retired; author the stops array directly as the value."
integration (node 24)	Run npm run test:integration	2026-08-23T01:36:34.4800211Z 
integration (node 24)	Run npm run test:integration	2026-08-23T01:36:34.4801176Z ^[[36m ^[[2m❯^[[22m packages/core/test/integration/plugin-owned-requirements.test.ts:^[[2m146:54^[[22m^[[39m
integration (node 24)	Run npm run test:integration	2026-08-23T01:36:34.4802171Z     ^[[90m144|^[[39m       }^[[33m,^[[39m
integration (node 24)	Run npm run test:integration	2026-08-23T01:36:34.4802713Z     ^[[90m145|^[[39m     }^[[33m;^[[39m
integration (node 24)	Run npm run test:integration	2026-08-23T01:36:34.4803551Z     ^[[90m146|^[[39m     expect(() => load(rig(dangling), rigRegistry())).toThrow(/observat…
integration (node 24)	Run npm run test:integration	2026-08-23T01:36:34.4804559Z     ^[[90m   |^[[39m                                                      ^[[31m^^[[39m
integration (node 24)	Run npm run test:integration	2026-08-23T01:36:34.4805234Z     ^[[90m147|^[[39m   })^[[33m;^[[39m
integration (node 24)	Run npm run test:integration	2026-08-23T01:36:34.4805694Z     ^[[90m148|^[[39m
integration (node 24)	Run npm run test:integration	2026-08-23T01:36:34.4805909Z 
integration (node 24)	Run npm run test:integration	2026-08-23T01:36:34.4806312Z ^[[31m^[[2m⎯⎯⎯⎯⎯⎯⎯⎯⎯⎯⎯⎯⎯⎯⎯⎯⎯⎯⎯⎯⎯[83/124]⎯^[[22m^[[39m
integration (node 24)	Run npm run test:integration	2026-08-23T01:36:34.4806656Z 
integration (node 24)	Run npm run test:integration	2026-08-23T01:36:34.4808543Z ^[[41m^[[1m FAIL ^[[22m^[[49m packages/core/test/integration/plugin-owned-requirements.test.ts^[[2m > ^[[22mplugin-owned requirements end to end^[[2m > ^[[22mQ-10 treats two slots bound to one source as two edges rather than a duplicate
integration (node 24)	Run npm run test:integration	2026-08-23T01:36:34.4816032Z ^[[31m^[[1mTypeError^[[22m: property-stops-wrapper at motions[0].tracks[0].keyframes.transform.values.x: The { stops: [...] } wrapper is retired; author the stops array directly as the value. property-stops-wrapper at motions[0].tracks[0].keyframes.transform.values.y: The { stops: [...] } wrapper is retired; author the stops array directly as the value. property-stops-wrapper at motions[0].tracks[0].keyframes.transform.values.rotation: The { stops: [...] } wrapper is retired; author the stops array directly as the value. property-stops-wrapper at motions[0].tracks[1].keyframes.reach.values.weight: The { stops: [...] } wrapper is retired; author the stops array directly as the value.^[[39m
integration (node 24)	Run npm run test:integration	2026-08-23T01:36:34.4821079Z ^[[36m ^[[2m❯^[[22m assertValidProject packages/core/src/engine.ts:^[[2m101:11^[[22m^[[39m
integration (node 24)	Run npm run test:integration	2026-08-23T01:36:34.4822284Z     ^[[90m 99|^[[39m   ^[[35mconst^[[39m result ^[[33m=^[[39m ^[[34mvalidateV5^[[39m(project)^[[33m;^[[39m
integration (node 24)	Run npm run test:integration	2026-08-23T01:36:34.4823678Z     ^[[90m100|^[[39m   ^[[35mif^[[39m (^[[33m!^[[39mresult^[[33m.^[[39mvalid ^[[33m||^[[39m result^[[33m.^[[39mvalue ^[[33m===^[[39m ^[[35mnull^[[39m)
integration (node 24)	Run npm run test:integration	2026-08-23T01:36:34.4824847Z     ^[[90m101|^[[39m     ^[[35mthrow^[[39m ^[[35mnew^[[39m ^[[33mTypeError^[[39m(
integration (node 24)	Run npm run test:integration	2026-08-23T01:36:34.4825843Z     ^[[90m   |^[[39m           ^[[31m^^[[39m
integration (node 24)	Run npm run test:integration	2026-08-23T01:36:34.4826744Z     ^[[90m102|^[[39m       result^[[33m.^[[39mdiagnostics^[[33m.^[[39mlength ^[[33m===^[[39m ^[[34m0^[[39m
integration (node 24)	Run npm run test:integration	2026-08-23T01:36:34.4827954Z     ^[[90m103|^[[39m         ^[[33m?^[[39m ^[[32m"Project failed v5 validation."^[[39m
integration (node 24)	Run npm run test:integration	2026-08-23T01:36:34.4829266Z ^[[90m ^[[2m❯^[[22m Engine.load packages/core/src/engine.ts:^[[2m170:29^[[22m^[[39m
integration (node 24)	Run npm run test:integration	2026-08-23T01:36:34.4830664Z ^[[90m ^[[2m❯^[[22m load packages/core/test/integration/plugin-owned-requirements.test.ts:^[[2m98:6^[[22m^[[39m
integration (node 24)	Run npm run test:integration	2026-08-23T01:36:34.4832195Z ^[[90m ^[[2m❯^[[22m packages/core/test/integration/plugin-owned-requirements.test.ts:^[[2m162:20^[[22m^[[39m
integration (node 24)	Run npm run test:integration	2026-08-23T01:36:34.4832868Z 
integration (node 24)	Run npm run test:integration	2026-08-23T01:36:34.4833268Z ^[[31m^[[2m⎯⎯⎯⎯⎯⎯⎯⎯⎯⎯⎯⎯⎯⎯⎯⎯⎯⎯⎯⎯⎯[84/124]⎯^[[22m^[[39m
integration (node 24)	Run npm run test:integration	2026-08-23T01:36:34.4833610Z 
integration (node 24)	Run npm run test:integration	2026-08-23T01:36:34.4835442Z ^[[41m^[[1m FAIL ^[[22m^[[49m packages/core/test/integration/plugin-owned-requirements.test.ts^[[2m > ^[[22mplugin-owned requirements end to end^[[2m > ^[[22mQ-11 keeps an upstream value out of the observer's authored value namespace
integration (node 24)	Run npm run test:integration	2026-08-23T01:36:34.4842044Z ^[[31m^[[1mTypeError^[[22m: property-stops-wrapper at motions[0].tracks[0].keyframes.transform.values.x: The { stops: [...] } wrapper is retired; author the stops array directly as the value. property-stops-wrapper at motions[0].tracks[0].keyframes.transform.values.y: The { stops: [...] } wrapper is retired; author the stops array directly as the value. property-stops-wrapper at motions[0].tracks[0].keyframes.transform.values.rotation: The { stops: [...] } wrapper is retired; author the stops array directly as the value. property-stops-wrapper at motions[0].tracks[1].keyframes.fk.values.length: The { stops: [...] } wrapper is retired; author the stops array directly as the value. property-stops-wrapper at motions[0].tracks[1].keyframes.fk.values.rotation: The { stops: [...] } wrapper is retired; author the stops array directly as the value.^[[39m
integration (node 24)	Run npm run test:integration	2026-08-23T01:36:34.4845107Z ^[[36m ^[[2m❯^[[22m assertValidProject packages/core/src/engine.ts:^[[2m101:11^[[22m^[[39m
integration (node 24)	Run npm run test:integration	2026-08-23T01:36:34.4845819Z     ^[[90m 99|^[[39m   ^[[35mconst^[[39m result ^[[33m=^[[39m ^[[34mvalidateV5^[[39m(project)^[[33m;^[[39m
integration (node 24)	Run npm run test:integration	2026-08-23T01:36:34.4846636Z     ^[[90m100|^[[39m   ^[[35mif^[[39m (^[[33m!^[[39mresult^[[33m.^[[39mvalid ^[[33m||^[[39m result^[[33m.^[[39mvalue ^[[33m===^[[39m ^[[35mnull^[[39m)
integration (node 24)	Run npm run test:integration	2026-08-23T01:36:34.4847313Z     ^[[90m101|^[[39m     ^[[35mthrow^[[39m ^[[35mnew^[[39m ^[[33mTypeError^[[39m(
integration (node 24)	Run npm run test:integration	2026-08-23T01:36:34.4847728Z     ^[[90m   |^[[39m           ^[[31m^^[[39m
integration (node 24)	Run npm run test:integration	2026-08-23T01:36:34.4848242Z     ^[[90m102|^[[39m       result^[[33m.^[[39mdiagnostics^[[33m.^[[39mlength ^[[33m===^[[39m ^[[34m0^[[39m
integration (node 24)	Run npm run test:integration	2026-08-23T01:36:34.4848837Z     ^[[90m103|^[[39m         ^[[33m?^[[39m ^[[32m"Project failed v5 validation."^[[39m
integration (node 24)	Run npm run test:integration	2026-08-23T01:36:34.4849668Z ^[[90m ^[[2m❯^[[22m Engine.load packages/core/src/engine.ts:^[[2m170:29^[[22m^[[39m
integration (node 24)	Run npm run test:integration	2026-08-23T01:36:34.4850465Z ^[[90m ^[[2m❯^[[22m load packages/core/test/integration/plugin-owned-requirements.test.ts:^[[2m98:6^[[22m^[[39m
integration (node 24)	Run npm run test:integration	2026-08-23T01:36:34.4851334Z ^[[90m ^[[2m❯^[[22m packages/core/test/integration/plugin-owned-requirements.test.ts:^[[2m192:20^[[22m^[[39m
integration (node 24)	Run npm run test:integration	2026-08-23T01:36:34.4851711Z 
integration (node 24)	Run npm run test:integration	2026-08-23T01:36:34.4851956Z ^[[31m^[[2m⎯⎯⎯⎯⎯⎯⎯⎯⎯⎯⎯⎯⎯⎯⎯⎯⎯⎯⎯⎯⎯[85/124]⎯^[[22m^[[39m
integration (node 24)	Run npm run test:integration	2026-08-23T01:36:34.4852165Z 
integration (node 24)	Run npm run test:integration	2026-08-23T01:36:34.4853157Z ^[[41m^[[1m FAIL ^[[22m^[[49m packages/core/test/integration/plugin-owned-requirements.test.ts^[[2m > ^[[22mplugin-owned requirements end to end^[[2m > ^[[22mQ-12 refuses a binding to a slot the plugin never declared, at load
integration (node 24)	Run npm run test:integration	2026-08-23T01:36:34.4854615Z ^[[31m^[[1mAssertionError^[[22m: expected [Function] to throw error matching /plugin-unknown-requirement/ but got 'property-stops-wrapper at motions[0].…'^[[39m
integration (node 24)	Run npm run test:integration	2026-08-23T01:36:34.4855182Z 
integration (node 24)	Run npm run test:integration	2026-08-23T01:36:34.4855319Z ^[[32m- Expected:^[[39m
integration (node 24)	Run npm run test:integration	2026-08-23T01:36:34.4855602Z /plugin-unknown-requirement/
integration (node 24)	Run npm run test:integration	2026-08-23T01:36:34.4855771Z 
integration (node 24)	Run npm run test:integration	2026-08-23T01:36:34.4855911Z ^[[31m+ Received:^[[39m
integration (node 24)	Run npm run test:integration	2026-08-23T01:36:34.4859512Z "property-stops-wrapper at motions[0].tracks[0].keyframes.transform.values.x: The { stops: [...] } wrapper is retired; author the stops array directly as the value. property-stops-wrapper at motions[0].tracks[0].keyframes.transform.values.y: The { stops: [...] } wrapper is retired; author the stops array directly as the value. property-stops-wrapper at motions[0].tracks[0].keyframes.transform.values.rotation: The { stops: [...] } wrapper is retired; author the stops array directly as the value. property-stops-wrapper at motions[0].tracks[1].keyframes.fk.values.length: The { stops: [...] } wrapper is retired; author the stops array directly as the value. property-stops-wrapper at motions[0].tracks[1].keyframes.fk.values.rotation: The { stops: [...] } wrapper is retired; author the stops array directly as the value."
integration (node 24)	Run npm run test:integration	2026-08-23T01:36:34.4862377Z 
integration (node 24)	Run npm run test:integration	2026-08-23T01:36:34.4862866Z ^[[36m ^[[2m❯^[[22m packages/core/test/integration/plugin-owned-requirements.test.ts:^[[2m213:49^[[22m^[[39m
integration (node 24)	Run npm run test:integration	2026-08-23T01:36:34.4863426Z     ^[[90m211|^[[39m       }^[[33m,^[[39m
integration (node 24)	Run npm run test:integration	2026-08-23T01:36:34.4863754Z     ^[[90m212|^[[39m     }^[[33m;^[[39m
integration (node 24)	Run npm run test:integration	2026-08-23T01:36:34.4864264Z     ^[[90m213|^[[39m     expect(() => load(rig(bad), rigRegistry())).toThrow(/plugin-unknow…
integration (node 24)	Run npm run test:integration	2026-08-23T01:36:34.4864862Z     ^[[90m   |^[[39m                                                 ^[[31m^^[[39m
integration (node 24)	Run npm run test:integration	2026-08-23T01:36:34.4865246Z     ^[[90m214|^[[39m   })^[[33m;^[[39m
integration (node 24)	Run npm run test:integration	2026-08-23T01:36:34.4865562Z     ^[[90m215|^[[39m })^[[33m;^[[39m
integration (node 24)	Run npm run test:integration	2026-08-23T01:36:34.4865773Z 
integration (node 24)	Run npm run test:integration	2026-08-23T01:36:34.4866013Z ^[[31m^[[2m⎯⎯⎯⎯⎯⎯⎯⎯⎯⎯⎯⎯⎯⎯⎯⎯⎯⎯⎯⎯⎯[86/124]⎯^[[22m^[[39m
integration (node 24)	Run npm run test:integration	2026-08-23T01:36:34.4866208Z 
integration (node 24)	Run npm run test:integration	2026-08-23T01:36:34.4867192Z ^[[41m^[[1m FAIL ^[[22m^[[49m packages/core/test/integration/replace-motion-track.test.ts^[[2m > ^[[22mmotion-owned Track replacement^[[2m > ^[[22mre-registers the compiled Track without throwing on the next Motion update
integration (node 24)	Run npm run test:integration	2026-08-23T01:36:34.4868743Z ^[[31m^[[1mTypeError^[[22m: property-stops-wrapper at motions[0].tracks[0].keyframes.x: The { stops: [...] } wrapper is retired; author the stops array directly as the value.^[[39m
integration (node 24)	Run npm run test:integration	2026-08-23T01:36:34.4869895Z ^[[36m ^[[2m❯^[[22m assertValidProject packages/core/src/engine.ts:^[[2m101:11^[[22m^[[39m
integration (node 24)	Run npm run test:integration	2026-08-23T01:36:34.4870592Z     ^[[90m 99|^[[39m   ^[[35mconst^[[39m result ^[[33m=^[[39m ^[[34mvalidateV5^[[39m(project)^[[33m;^[[39m
integration (node 24)	Run npm run test:integration	2026-08-23T01:36:34.4871413Z     ^[[90m100|^[[39m   ^[[35mif^[[39m (^[[33m!^[[39mresult^[[33m.^[[39mvalid ^[[33m||^[[39m result^[[33m.^[[39mvalue ^[[33m===^[[39m ^[[35mnull^[[39m)
integration (node 24)	Run npm run test:integration	2026-08-23T01:36:34.4872078Z     ^[[90m101|^[[39m     ^[[35mthrow^[[39m ^[[35mnew^[[39m ^[[33mTypeError^[[39m(
integration (node 24)	Run npm run test:integration	2026-08-23T01:36:34.4872489Z     ^[[90m   |^[[39m           ^[[31m^^[[39m
integration (node 24)	Run npm run test:integration	2026-08-23T01:36:34.4873239Z     ^[[90m102|^[[39m       result^[[33m.^[[39mdiagnostics^[[33m.^[[39mlength ^[[33m===^[[39m ^[[34m0^[[39m
integration (node 24)	Run npm run test:integration	2026-08-23T01:36:34.4874091Z     ^[[90m103|^[[39m         ^[[33m?^[[39m ^[[32m"Project failed v5 validation."^[[39m
integration (node 24)	Run npm run test:integration	2026-08-23T01:36:34.4874839Z ^[[90m ^[[2m❯^[[22m Engine.load packages/core/src/engine.ts:^[[2m170:29^[[22m^[[39m
integration (node 24)	Run npm run test:integration	2026-08-23T01:36:34.4875666Z ^[[90m ^[[2m❯^[[22m packages/core/test/integration/replace-motion-track.test.ts:^[[2m27:8^[[22m^[[39m
integration (node 24)	Run npm run test:integration	2026-08-23T01:36:34.4876207Z 
integration (node 24)	Run npm run test:integration	2026-08-23T01:36:34.4876545Z ^[[31m^[[2m⎯⎯⎯⎯⎯⎯⎯⎯⎯⎯⎯⎯⎯⎯⎯⎯⎯⎯⎯⎯⎯[87/124]⎯^[[22m^[[39m
integration (node 24)	Run npm run test:integration	2026-08-23T01:36:34.4876872Z 
integration (node 24)	Run npm run test:integration	2026-08-23T01:36:34.4877814Z ^[[41m^[[1m FAIL ^[[22m^[[49m packages/core/test/integration/replace-motion-track.test.ts^[[2m > ^[[22mmotion-owned Track replacement^[[2m > ^[[22mpreserves the replaced Track index and stagger timing
integration (node 24)	Run npm run test:integration	2026-08-23T01:36:34.4881033Z ^[[31m^[[1mTypeError^[[22m: property-stops-wrapper at motions[0].tracks[0].keyframes.x: The { stops: [...] } wrapper is retired; author the stops array directly as the value. property-stops-wrapper at motions[0].tracks[1].keyframes.x: The { stops: [...] } wrapper is retired; author the stops array directly as the value. property-stops-wrapper at motions[0].tracks[2].keyframes.x: The { stops: [...] } wrapper is retired; author the stops array directly as the value.^[[39m
integration (node 24)	Run npm run test:integration	2026-08-23T01:36:34.4882968Z ^[[36m ^[[2m❯^[[22m assertValidProject packages/core/src/engine.ts:^[[2m101:11^[[22m^[[39m
integration (node 24)	Run npm run test:integration	2026-08-23T01:36:34.4883872Z     ^[[90m 99|^[[39m   ^[[35mconst^[[39m result ^[[33m=^[[39m ^[[34mvalidateV5^[[39m(project)^[[33m;^[[39m
integration (node 24)	Run npm run test:integration	2026-08-23T01:36:34.4884996Z     ^[[90m100|^[[39m   ^[[35mif^[[39m (^[[33m!^[[39mresult^[[33m.^[[39mvalid ^[[33m||^[[39m result^[[33m.^[[39mvalue ^[[33m===^[[39m ^[[35mnull^[[39m)
integration (node 24)	Run npm run test:integration	2026-08-23T01:36:34.4885913Z     ^[[90m101|^[[39m     ^[[35mthrow^[[39m ^[[35mnew^[[39m ^[[33mTypeError^[[39m(
integration (node 24)	Run npm run test:integration	2026-08-23T01:36:34.4886584Z     ^[[90m   |^[[39m           ^[[31m^^[[39m
integration (node 24)	Run npm run test:integration	2026-08-23T01:36:34.4887232Z     ^[[90m102|^[[39m       result^[[33m.^[[39mdiagnostics^[[33m.^[[39mlength ^[[33m===^[[39m ^[[34m0^[[39m
integration (node 24)	Run npm run test:integration	2026-08-23T01:36:34.4888073Z     ^[[90m103|^[[39m         ^[[33m?^[[39m ^[[32m"Project failed v5 validation."^[[39m
integration (node 24)	Run npm run test:integration	2026-08-23T01:36:34.4888837Z ^[[90m ^[[2m❯^[[22m Engine.load packages/core/src/engine.ts:^[[2m170:29^[[22m^[[39m
integration (node 24)	Run npm run test:integration	2026-08-23T01:36:34.4890042Z ^[[90m ^[[2m❯^[[22m packages/core/test/integration/replace-motion-track.test.ts:^[[2m64:8^[[22m^[[39m
integration (node 24)	Run npm run test:integration	2026-08-23T01:36:34.4890518Z 
integration (node 24)	Run npm run test:integration	2026-08-23T01:36:34.4890846Z ^[[31m^[[2m⎯⎯⎯⎯⎯⎯⎯⎯⎯⎯⎯⎯⎯⎯⎯⎯⎯⎯⎯⎯⎯[88/124]⎯^[[22m^[[39m
integration (node 24)	Run npm run test:integration	2026-08-23T01:36:34.4891100Z 
integration (node 24)	Run npm run test:integration	2026-08-23T01:36:34.4892092Z ^[[41m^[[1m FAIL ^[[22m^[[49m packages/core/test/integration/replace-motion-track.test.ts^[[2m > ^[[22mmotion-owned Track replacement^[[2m > ^[[22mupdates a Motion-owned Track through observation mutations
integration (node 24)	Run npm run test:integration	2026-08-23T01:36:34.4894475Z ^[[31m^[[1mTypeError^[[22m: property-stops-wrapper at motions[0].tracks[0].keyframes.x: The { stops: [...] } wrapper is retired; author the stops array directly as the value. property-stops-wrapper at motions[0].tracks[1].keyframes.x: The { stops: [...] } wrapper is retired; author the stops array directly as the value.^[[39m
integration (node 24)	Run npm run test:integration	2026-08-23T01:36:34.4896026Z ^[[36m ^[[2m❯^[[22m assertValidProject packages/core/src/engine.ts:^[[2m101:11^[[22m^[[39m
integration (node 24)	Run npm run test:integration	2026-08-23T01:36:34.4896879Z     ^[[90m 99|^[[39m   ^[[35mconst^[[39m result ^[[33m=^[[39m ^[[34mvalidateV5^[[39m(project)^[[33m;^[[39m
integration (node 24)	Run npm run test:integration	2026-08-23T01:36:34.4897867Z     ^[[90m100|^[[39m   ^[[35mif^[[39m (^[[33m!^[[39mresult^[[33m.^[[39mvalid ^[[33m||^[[39m result^[[33m.^[[39mvalue ^[[33m===^[[39m ^[[35mnull^[[39m)
integration (node 24)	Run npm run test:integration	2026-08-23T01:36:34.4912949Z     ^[[90m101|^[[39m     ^[[35mthrow^[[39m ^[[35mnew^[[39m ^[[33mTypeError^[[39m(
integration (node 24)	Run npm run test:integration	2026-08-23T01:36:34.4913589Z     ^[[90m   |^[[39m           ^[[31m^^[[39m
integration (node 24)	Run npm run test:integration	2026-08-23T01:36:34.4914156Z     ^[[90m102|^[[39m       result^[[33m.^[[39mdiagnostics^[[33m.^[[39mlength ^[[33m===^[[39m ^[[34m0^[[39m
integration (node 24)	Run npm run test:integration	2026-08-23T01:36:34.4914801Z     ^[[90m103|^[[39m         ^[[33m?^[[39m ^[[32m"Project failed v5 validation."^[[39m
integration (node 24)	Run npm run test:integration	2026-08-23T01:36:34.4915462Z ^[[90m ^[[2m❯^[[22m Engine.load packages/core/src/engine.ts:^[[2m170:29^[[22m^[[39m
integration (node 24)	Run npm run test:integration	2026-08-23T01:36:34.4916219Z ^[[90m ^[[2m❯^[[22m packages/core/test/integration/replace-motion-track.test.ts:^[[2m91:8^[[22m^[[39m
integration (node 24)	Run npm run test:integration	2026-08-23T01:36:34.4916593Z 
integration (node 24)	Run npm run test:integration	2026-08-23T01:36:34.4916842Z ^[[31m^[[2m⎯⎯⎯⎯⎯⎯⎯⎯⎯⎯⎯⎯⎯⎯⎯⎯⎯⎯⎯⎯⎯[89/124]⎯^[[22m^[[39m
integration (node 24)	Run npm run test:integration	2026-08-23T01:36:34.4917051Z 
integration (node 24)	Run npm run test:integration	2026-08-23T01:36:34.4918113Z ^[[41m^[[1m FAIL ^[[22m^[[49m packages/core/test/integration/replace-track-transactionality.test.ts^[[2m > ^[[22ma refused Track replacement commits nothing^[[2m > ^[[22mU-1 keeps the live compiled Track when the recompile is refused
integration (node 24)	Run npm run test:integration	2026-08-23T01:36:34.4919886Z ^[[31m^[[1mTypeError^[[22m: property-stops-wrapper at motions[0].tracks[0].keyframes.x: The { stops: [...] } wrapper is retired; author the stops array directly as the value.^[[39m
integration (node 24)	Run npm run test:integration	2026-08-23T01:36:34.4920908Z ^[[36m ^[[2m❯^[[22m assertValidProject packages/core/src/engine.ts:^[[2m101:11^[[22m^[[39m
integration (node 24)	Run npm run test:integration	2026-08-23T01:36:34.4921590Z     ^[[90m 99|^[[39m   ^[[35mconst^[[39m result ^[[33m=^[[39m ^[[34mvalidateV5^[[39m(project)^[[33m;^[[39m
integration (node 24)	Run npm run test:integration	2026-08-23T01:36:34.4922400Z     ^[[90m100|^[[39m   ^[[35mif^[[39m (^[[33m!^[[39mresult^[[33m.^[[39mvalid ^[[33m||^[[39m result^[[33m.^[[39mvalue ^[[33m===^[[39m ^[[35mnull^[[39m)
integration (node 24)	Run npm run test:integration	2026-08-23T01:36:34.4923074Z     ^[[90m101|^[[39m     ^[[35mthrow^[[39m ^[[35mnew^[[39m ^[[33mTypeError^[[39m(
integration (node 24)	Run npm run test:integration	2026-08-23T01:36:34.4923491Z     ^[[90m   |^[[39m           ^[[31m^^[[39m
integration (node 24)	Run npm run test:integration	2026-08-23T01:36:34.4924018Z     ^[[90m102|^[[39m       result^[[33m.^[[39mdiagnostics^[[33m.^[[39mlength ^[[33m===^[[39m ^[[34m0^[[39m
integration (node 24)	Run npm run test:integration	2026-08-23T01:36:34.4924623Z     ^[[90m103|^[[39m         ^[[33m?^[[39m ^[[32m"Project failed v5 validation."^[[39m
integration (node 24)	Run npm run test:integration	2026-08-23T01:36:34.4925237Z ^[[90m ^[[2m❯^[[22m Engine.load packages/core/src/engine.ts:^[[2m170:29^[[22m^[[39m
integration (node 24)	Run npm run test:integration	2026-08-23T01:36:34.4926254Z ^[[90m ^[[2m❯^[[22m load packages/core/test/integration/replace-track-transactionality.test.ts:^[[2m68:6^[[22m^[[39m
integration (node 24)	Run npm run test:integration	2026-08-23T01:36:34.4927298Z ^[[90m ^[[2m❯^[[22m packages/core/test/integration/replace-track-transactionality.test.ts:^[[2m96:20^[[22m^[[39m
integration (node 24)	Run npm run test:integration	2026-08-23T01:36:34.4927699Z 
integration (node 24)	Run npm run test:integration	2026-08-23T01:36:34.4927944Z ^[[31m^[[2m⎯⎯⎯⎯⎯⎯⎯⎯⎯⎯⎯⎯⎯⎯⎯⎯⎯⎯⎯⎯⎯[90/124]⎯^[[22m^[[39m
integration (node 24)	Run npm run test:integration	2026-08-23T01:36:34.4928157Z 
integration (node 24)	Run npm run test:integration	2026-08-23T01:36:34.4929423Z ^[[41m^[[1m FAIL ^[[22m^[[49m packages/core/test/integration/replace-track-transactionality.test.ts^[[2m > ^[[22ma refused Track replacement commits nothing^[[2m > ^[[22mU-2 leaves a refused recompile retryable rather than stranding the node
integration (node 24)	Run npm run test:integration	2026-08-23T01:36:34.4931028Z ^[[31m^[[1mTypeError^[[22m: property-stops-wrapper at motions[0].tracks[0].keyframes.x: The { stops: [...] } wrapper is retired; author the stops array directly as the value.^[[39m
integration (node 24)	Run npm run test:integration	2026-08-23T01:36:34.4931996Z ^[[36m ^[[2m❯^[[22m assertValidProject packages/core/src/engine.ts:^[[2m101:11^[[22m^[[39m
integration (node 24)	Run npm run test:integration	2026-08-23T01:36:34.4932675Z     ^[[90m 99|^[[39m   ^[[35mconst^[[39m result ^[[33m=^[[39m ^[[34mvalidateV5^[[39m(project)^[[33m;^[[39m
integration (node 24)	Run npm run test:integration	2026-08-23T01:36:34.4933474Z     ^[[90m100|^[[39m   ^[[35mif^[[39m (^[[33m!^[[39mresult^[[33m.^[[39mvalid ^[[33m||^[[39m result^[[33m.^[[39mvalue ^[[33m===^[[39m ^[[35mnull^[[39m)
integration (node 24)	Run npm run test:integration	2026-08-23T01:36:34.4934148Z     ^[[90m101|^[[39m     ^[[35mthrow^[[39m ^[[35mnew^[[39m ^[[33mTypeError^[[39m(
integration (node 24)	Run npm run test:integration	2026-08-23T01:36:34.4934556Z     ^[[90m   |^[[39m           ^[[31m^^[[39m
integration (node 24)	Run npm run test:integration	2026-08-23T01:36:34.4935067Z     ^[[90m102|^[[39m       result^[[33m.^[[39mdiagnostics^[[33m.^[[39mlength ^[[33m===^[[39m ^[[34m0^[[39m
integration (node 24)	Run npm run test:integration	2026-08-23T01:36:34.4935653Z     ^[[90m103|^[[39m         ^[[33m?^[[39m ^[[32m"Project failed v5 validation."^[[39m
integration (node 24)	Run npm run test:integration	2026-08-23T01:36:34.4936257Z ^[[90m ^[[2m❯^[[22m Engine.load packages/core/src/engine.ts:^[[2m170:29^[[22m^[[39m
integration (node 24)	Run npm run test:integration	2026-08-23T01:36:34.4937046Z ^[[90m ^[[2m❯^[[22m load packages/core/test/integration/replace-track-transactionality.test.ts:^[[2m68:6^[[22m^[[39m
integration (node 24)	Run npm run test:integration	2026-08-23T01:36:34.4937959Z ^[[90m ^[[2m❯^[[22m packages/core/test/integration/replace-track-transactionality.test.ts:^[[2m113:20^[[22m^[[39m
integration (node 24)	Run npm run test:integration	2026-08-23T01:36:34.4938377Z 
integration (node 24)	Run npm run test:integration	2026-08-23T01:36:34.4938605Z ^[[31m^[[2m⎯⎯⎯⎯⎯⎯⎯⎯⎯⎯⎯⎯⎯⎯⎯⎯⎯⎯⎯⎯⎯[91/124]⎯^[[22m^[[39m
integration (node 24)	Run npm run test:integration	2026-08-23T01:36:34.4938813Z 
integration (node 24)	Run npm run test:integration	2026-08-23T01:36:34.4939994Z ^[[41m^[[1m FAIL ^[[22m^[[49m packages/core/test/integration/replace-track-transactionality.test.ts^[[2m > ^[[22ma refused Track replacement commits nothing^[[2m > ^[[22mU-3 changes nothing when the owning Motion refuses the replacement
integration (node 24)	Run npm run test:integration	2026-08-23T01:36:34.4941565Z ^[[31m^[[1mTypeError^[[22m: property-stops-wrapper at motions[0].tracks[0].keyframes.x: The { stops: [...] } wrapper is retired; author the stops array directly as the value.^[[39m
integration (node 24)	Run npm run test:integration	2026-08-23T01:36:34.4943170Z ^[[36m ^[[2m❯^[[22m assertValidProject packages/core/src/engine.ts:^[[2m101:11^[[22m^[[39m
integration (node 24)	Run npm run test:integration	2026-08-23T01:36:34.4943888Z     ^[[90m 99|^[[39m   ^[[35mconst^[[39m result ^[[33m=^[[39m ^[[34mvalidateV5^[[39m(project)^[[33m;^[[39m
integration (node 24)	Run npm run test:integration	2026-08-23T01:36:34.4944709Z     ^[[90m100|^[[39m   ^[[35mif^[[39m (^[[33m!^[[39mresult^[[33m.^[[39mvalid ^[[33m||^[[39m result^[[33m.^[[39mvalue ^[[33m===^[[39m ^[[35mnull^[[39m)
integration (node 24)	Run npm run test:integration	2026-08-23T01:36:34.4945419Z     ^[[90m101|^[[39m     ^[[35mthrow^[[39m ^[[35mnew^[[39m ^[[33mTypeError^[[39m(
integration (node 24)	Run npm run test:integration	2026-08-23T01:36:34.4945855Z     ^[[90m   |^[[39m           ^[[31m^^[[39m
integration (node 24)	Run npm run test:integration	2026-08-23T01:36:34.4946380Z     ^[[90m102|^[[39m       result^[[33m.^[[39mdiagnostics^[[33m.^[[39mlength ^[[33m===^[[39m ^[[34m0^[[39m
integration (node 24)	Run npm run test:integration	2026-08-23T01:36:34.4946980Z     ^[[90m103|^[[39m         ^[[33m?^[[39m ^[[32m"Project failed v5 validation."^[[39m
integration (node 24)	Run npm run test:integration	2026-08-23T01:36:34.4947583Z ^[[90m ^[[2m❯^[[22m Engine.load packages/core/src/engine.ts:^[[2m170:29^[[22m^[[39m
integration (node 24)	Run npm run test:integration	2026-08-23T01:36:34.4948375Z ^[[90m ^[[2m❯^[[22m load packages/core/test/integration/replace-track-transactionality.test.ts:^[[2m68:6^[[22m^[[39m
integration (node 24)	Run npm run test:integration	2026-08-23T01:36:34.4949398Z ^[[90m ^[[2m❯^[[22m packages/core/test/integration/replace-track-transactionality.test.ts:^[[2m125:20^[[22m^[[39m
integration (node 24)	Run npm run test:integration	2026-08-23T01:36:34.4949795Z 
integration (node 24)	Run npm run test:integration	2026-08-23T01:36:34.4950041Z ^[[31m^[[2m⎯⎯⎯⎯⎯⎯⎯⎯⎯⎯⎯⎯⎯⎯⎯⎯⎯⎯⎯⎯⎯[92/124]⎯^[[22m^[[39m
integration (node 24)	Run npm run test:integration	2026-08-23T01:36:34.4950247Z 
integration (node 24)	Run npm run test:integration	2026-08-23T01:36:34.4951331Z ^[[41m^[[1m FAIL ^[[22m^[[49m packages/core/test/integration/replace-track-transactionality.test.ts^[[2m > ^[[22ma refused Track replacement commits nothing^[[2m > ^[[22mU-4 changes nothing when the candidate graph refuses a derived observation
integration (node 24)	Run npm run test:integration	2026-08-23T01:36:34.4953224Z ^[[31m^[[1mTypeError^[[22m: property-stops-wrapper at motions[0].tracks[0].keyframes.x: The { stops: [...] } wrapper is retired; author the stops array directly as the value.^[[39m
integration (node 24)	Run npm run test:integration	2026-08-23T01:36:34.4954176Z ^[[36m ^[[2m❯^[[22m assertValidProject packages/core/src/engine.ts:^[[2m101:11^[[22m^[[39m
integration (node 24)	Run npm run test:integration	2026-08-23T01:36:34.4954844Z     ^[[90m 99|^[[39m   ^[[35mconst^[[39m result ^[[33m=^[[39m ^[[34mvalidateV5^[[39m(project)^[[33m;^[[39m
integration (node 24)	Run npm run test:integration	2026-08-23T01:36:34.4955651Z     ^[[90m100|^[[39m   ^[[35mif^[[39m (^[[33m!^[[39mresult^[[33m.^[[39mvalid ^[[33m||^[[39m result^[[33m.^[[39mvalue ^[[33m===^[[39m ^[[35mnull^[[39m)
integration (node 24)	Run npm run test:integration	2026-08-23T01:36:34.4956326Z     ^[[90m101|^[[39m     ^[[35mthrow^[[39m ^[[35mnew^[[39m ^[[33mTypeError^[[39m(
integration (node 24)	Run npm run test:integration	2026-08-23T01:36:34.4956745Z     ^[[90m   |^[[39m           ^[[31m^^[[39m
integration (node 24)	Run npm run test:integration	2026-08-23T01:36:34.4957270Z     ^[[90m102|^[[39m       result^[[33m.^[[39mdiagnostics^[[33m.^[[39mlength ^[[33m===^[[39m ^[[34m0^[[39m
integration (node 24)	Run npm run test:integration	2026-08-23T01:36:34.4957866Z     ^[[90m103|^[[39m         ^[[33m?^[[39m ^[[32m"Project failed v5 validation."^[[39m
integration (node 24)	Run npm run test:integration	2026-08-23T01:36:34.4958495Z ^[[90m ^[[2m❯^[[22m Engine.load packages/core/src/engine.ts:^[[2m170:29^[[22m^[[39m
integration (node 24)	Run npm run test:integration	2026-08-23T01:36:34.4959415Z ^[[90m ^[[2m❯^[[22m load packages/core/test/integration/replace-track-transactionality.test.ts:^[[2m68:6^[[22m^[[39m
integration (node 24)	Run npm run test:integration	2026-08-23T01:36:34.4960335Z ^[[90m ^[[2m❯^[[22m packages/core/test/integration/replace-track-transactionality.test.ts:^[[2m143:20^[[22m^[[39m
integration (node 24)	Run npm run test:integration	2026-08-23T01:36:34.4960735Z 
integration (node 24)	Run npm run test:integration	2026-08-23T01:36:34.4960973Z ^[[31m^[[2m⎯⎯⎯⎯⎯⎯⎯⎯⎯⎯⎯⎯⎯⎯⎯⎯⎯⎯⎯⎯⎯[93/124]⎯^[[22m^[[39m
integration (node 24)	Run npm run test:integration	2026-08-23T01:36:34.4961179Z 
integration (node 24)	Run npm run test:integration	2026-08-23T01:36:34.4962187Z ^[[41m^[[1m FAIL ^[[22m^[[49m packages/core/test/integration/runtime-motion-lifecycle.test.ts^[[2m > ^[[22mruntime Motion lifecycle (W4)^[[2m > ^[[22mcreates a motion, attaches a track, and signals progress from an empty project
integration (node 24)	Run npm run test:integration	2026-08-23T01:36:34.4963683Z ^[[31m^[[1mTypeError^[[22m: property-stops-wrapper at addTrack(arm).keyframes.x: The { stops: [...] } wrapper is retired; author the stops array directly as the value.^[[39m
integration (node 24)	Run npm run test:integration	2026-08-23T01:36:34.4964760Z ^[[36m ^[[2m❯^[[22m ProjectRuntime.#addTrack packages/core/src/runtime/project-runtime.ts:^[[2m281:13^[[22m^[[39m
integration (node 24)	Run npm run test:integration	2026-08-23T01:36:34.4965521Z     ^[[90m279|^[[39m     const validation = validateTrackDefinition(track, `addTrack(${trac…
integration (node 24)	Run npm run test:integration	2026-08-23T01:36:34.4966322Z     ^[[90m280|^[[39m     ^[[35mif^[[39m (^[[33m!^[[39mvalidation^[[33m.^[[39mvalid ^[[33m||^[[39m ^[[33m!^[[39mvalidation^[[33m.^[[39mvalue)
integration (node 24)	Run npm run test:integration	2026-08-23T01:36:34.4967276Z     ^[[90m281|^[[39m       ^[[35mthrow^[[39m ^[[35mnew^[[39m ^[[33mTypeError^[[39m(^[[34mdescribeDiagnostics^[[39m(validation^[[33m.^[[39mdiagnostics))^[[33m;^[[39m
integration (node 24)	Run npm run test:integration	2026-08-23T01:36:34.4967931Z     ^[[90m   |^[[39m             ^[[31m^^[[39m
integration (node 24)	Run npm run test:integration	2026-08-23T01:36:34.4968465Z     ^[[90m282|^[[39m     ^[[35mconst^[[39m accepted ^[[33m=^[[39m validation^[[33m.^[[39mvalue^[[33m;^[[39m
integration (node 24)	Run npm run test:integration	2026-08-23T01:36:34.4969364Z     ^[[90m283|^[[39m     ^[[35mconst^[[39m token ^[[33m=^[[39m ^[[35mthis^[[39m^[[33m.^[[39m#nextToken^[[33m++^[[39m^[[33m;^[[39m
integration (node 24)	Run npm run test:integration	2026-08-23T01:36:34.4970369Z ^[[90m ^[[2m❯^[[22m ProjectRuntime.adopt packages/core/src/runtime/project-runtime.ts:^[[2m247:25^[[22m^[[39m
integration (node 24)	Run npm run test:integration	2026-08-23T01:36:34.4971213Z ^[[90m ^[[2m❯^[[22m Object.adopt packages/core/src/engine.ts:^[[2m86:47^[[22m^[[39m
integration (node 24)	Run npm run test:integration	2026-08-23T01:36:34.4971966Z ^[[90m ^[[2m❯^[[22m packages/core/test/integration/runtime-motion-lifecycle.test.ts:^[[2m42:28^[[22m^[[39m
integration (node 24)	Run npm run test:integration	2026-08-23T01:36:34.4972348Z 
integration (node 24)	Run npm run test:integration	2026-08-23T01:36:34.4972589Z ^[[31m^[[2m⎯⎯⎯⎯⎯⎯⎯⎯⎯⎯⎯⎯⎯⎯⎯⎯⎯⎯⎯⎯⎯[94/124]⎯^[[22m^[[39m
integration (node 24)	Run npm run test:integration	2026-08-23T01:36:34.4972791Z 
integration (node 24)	Run npm run test:integration	2026-08-23T01:36:34.4973835Z ^[[41m^[[1m FAIL ^[[22m^[[49m packages/core/test/integration/runtime-motion-lifecycle.test.ts^[[2m > ^[[22mruntime Motion lifecycle (W4)^[[2m > ^[[22mrejects motion destruction while it still owns tracks, then allows empty destruction
integration (node 24)	Run npm run test:integration	2026-08-23T01:36:34.4975379Z ^[[31m^[[1mTypeError^[[22m: property-stops-wrapper at addTrack(arm).keyframes.x: The { stops: [...] } wrapper is retired; author the stops array directly as the value.^[[39m
integration (node 24)	Run npm run test:integration	2026-08-23T01:36:34.4976469Z ^[[36m ^[[2m❯^[[22m ProjectRuntime.#addTrack packages/core/src/runtime/project-runtime.ts:^[[2m281:13^[[22m^[[39m
integration (node 24)	Run npm run test:integration	2026-08-23T01:36:34.4977230Z     ^[[90m279|^[[39m     const validation = validateTrackDefinition(track, `addTrack(${trac…
integration (node 24)	Run npm run test:integration	2026-08-23T01:36:34.4978034Z     ^[[90m280|^[[39m     ^[[35mif^[[39m (^[[33m!^[[39mvalidation^[[33m.^[[39mvalid ^[[33m||^[[39m ^[[33m!^[[39mvalidation^[[33m.^[[39mvalue)
integration (node 24)	Run npm run test:integration	2026-08-23T01:36:34.4979143Z     ^[[90m281|^[[39m       ^[[35mthrow^[[39m ^[[35mnew^[[39m ^[[33mTypeError^[[39m(^[[34mdescribeDiagnostics^[[39m(validation^[[33m.^[[39mdiagnostics))^[[33m;^[[39m
integration (node 24)	Run npm run test:integration	2026-08-23T01:36:34.4979800Z     ^[[90m   |^[[39m             ^[[31m^^[[39m
integration (node 24)	Run npm run test:integration	2026-08-23T01:36:34.4980336Z     ^[[90m282|^[[39m     ^[[35mconst^[[39m accepted ^[[33m=^[[39m validation^[[33m.^[[39mvalue^[[33m;^[[39m
integration (node 24)	Run npm run test:integration	2026-08-23T01:36:34.4981062Z     ^[[90m283|^[[39m     ^[[35mconst^[[39m token ^[[33m=^[[39m ^[[35mthis^[[39m^[[33m.^[[39m#nextToken^[[33m++^[[39m^[[33m;^[[39m
integration (node 24)	Run npm run test:integration	2026-08-23T01:36:34.4981899Z ^[[90m ^[[2m❯^[[22m ProjectRuntime.adopt packages/core/src/runtime/project-runtime.ts:^[[2m247:25^[[22m^[[39m
integration (node 24)	Run npm run test:integration	2026-08-23T01:36:34.4982622Z ^[[90m ^[[2m❯^[[22m Object.adopt packages/core/src/engine.ts:^[[2m86:47^[[22m^[[39m
integration (node 24)	Run npm run test:integration	2026-08-23T01:36:34.4983376Z ^[[90m ^[[2m❯^[[22m packages/core/test/integration/runtime-motion-lifecycle.test.ts:^[[2m58:28^[[22m^[[39m
integration (node 24)	Run npm run test:integration	2026-08-23T01:36:34.4983759Z 
integration (node 24)	Run npm run test:integration	2026-08-23T01:36:34.4984001Z ^[[31m^[[2m⎯⎯⎯⎯⎯⎯⎯⎯⎯⎯⎯⎯⎯⎯⎯⎯⎯⎯⎯⎯⎯[95/124]⎯^[[22m^[[39m
integration (node 24)	Run npm run test:integration	2026-08-23T01:36:34.4984203Z 
integration (node 24)	Run npm run test:integration	2026-08-23T01:36:34.4985070Z ^[[41m^[[1m FAIL ^[[22m^[[49m packages/core/test/integration/runtime-motion-lifecycle.test.ts^[[2m > ^[[22mruntime Motion lifecycle (W4)^[[2m > ^[[22mkeeps two runtime motions independently signalable
integration (node 24)	Run npm run test:integration	2026-08-23T01:36:34.4986479Z ^[[31m^[[1mTypeError^[[22m: property-stops-wrapper at addTrack(arm).keyframes.x: The { stops: [...] } wrapper is retired; author the stops array directly as the value.^[[39m
integration (node 24)	Run npm run test:integration	2026-08-23T01:36:34.4987526Z ^[[36m ^[[2m❯^[[22m ProjectRuntime.#addTrack packages/core/src/runtime/project-runtime.ts:^[[2m281:13^[[22m^[[39m
integration (node 24)	Run npm run test:integration	2026-08-23T01:36:34.4988267Z     ^[[90m279|^[[39m     const validation = validateTrackDefinition(track, `addTrack(${trac…
integration (node 24)	Run npm run test:integration	2026-08-23T01:36:34.4989161Z     ^[[90m280|^[[39m     ^[[35mif^[[39m (^[[33m!^[[39mvalidation^[[33m.^[[39mvalid ^[[33m||^[[39m ^[[33m!^[[39mvalidation^[[33m.^[[39mvalue)
integration (node 24)	Run npm run test:integration	2026-08-23T01:36:34.4990127Z     ^[[90m281|^[[39m       ^[[35mthrow^[[39m ^[[35mnew^[[39m ^[[33mTypeError^[[39m(^[[34mdescribeDiagnostics^[[39m(validation^[[33m.^[[39mdiagnostics))^[[33m;^[[39m
integration (node 24)	Run npm run test:integration	2026-08-23T01:36:34.4990773Z     ^[[90m   |^[[39m             ^[[31m^^[[39m
integration (node 24)	Run npm run test:integration	2026-08-23T01:36:34.4991303Z     ^[[90m282|^[[39m     ^[[35mconst^[[39m accepted ^[[33m=^[[39m validation^[[33m.^[[39mvalue^[[33m;^[[39m
integration (node 24)	Run npm run test:integration	2026-08-23T01:36:34.4992017Z     ^[[90m283|^[[39m     ^[[35mconst^[[39m token ^[[33m=^[[39m ^[[35mthis^[[39m^[[33m.^[[39m#nextToken^[[33m++^[[39m^[[33m;^[[39m
integration (node 24)	Run npm run test:integration	2026-08-23T01:36:34.4992830Z ^[[90m ^[[2m❯^[[22m ProjectRuntime.adopt packages/core/src/runtime/project-runtime.ts:^[[2m247:25^[[22m^[[39m
integration (node 24)	Run npm run test:integration	2026-08-23T01:36:34.4993534Z ^[[90m ^[[2m❯^[[22m Object.adopt packages/core/src/engine.ts:^[[2m86:47^[[22m^[[39m
integration (node 24)	Run npm run test:integration	2026-08-23T01:36:34.4994413Z ^[[90m ^[[2m❯^[[22m packages/core/test/integration/runtime-motion-lifecycle.test.ts:^[[2m74:25^[[22m^[[39m
integration (node 24)	Run npm run test:integration	2026-08-23T01:36:34.4994789Z 
integration (node 24)	Run npm run test:integration	2026-08-23T01:36:34.4995145Z ^[[31m^[[2m⎯⎯⎯⎯⎯⎯⎯⎯⎯⎯⎯⎯⎯⎯⎯⎯⎯⎯⎯⎯⎯[96/124]⎯^[[22m^[[39m
integration (node 24)	Run npm run test:integration	2026-08-23T01:36:34.4995343Z 
integration (node 24)	Run npm run test:integration	2026-08-23T01:36:34.4996386Z ^[[41m^[[1m FAIL ^[[22m^[[49m packages/core/test/integration/single-input-channel.test.ts^[[2m > ^[[22ma plugin requirement is the only input channel^[[2m > ^[[22mJ-8 composes an upstream value without it ever becoming an authored one
integration (node 24)	Run npm run test:integration	2026-08-23T01:36:34.5001071Z ^[[31m^[[1mTypeError^[[22m: property-stops-wrapper at motions[0].tracks[0].keyframes.transform.values.x: The { stops: [...] } wrapper is retired; author the stops array directly as the value. property-stops-wrapper at motions[0].tracks[0].keyframes.transform.values.y: The { stops: [...] } wrapper is retired; author the stops array directly as the value. property-stops-wrapper at motions[0].tracks[0].keyframes.transform.values.rotation: The { stops: [...] } wrapper is retired; author the stops array directly as the value. property-stops-wrapper at motions[0].tracks[1].keyframes.fk.values.length: The { stops: [...] } wrapper is retired; author the stops array directly as the value. property-stops-wrapper at motions[0].tracks[1].keyframes.fk.values.rotation: The { stops: [...] } wrapper is retired; author the stops array directly as the value.^[[39m
integration (node 24)	Run npm run test:integration	2026-08-23T01:36:34.5004021Z ^[[36m ^[[2m❯^[[22m assertValidProject packages/core/src/engine.ts:^[[2m101:11^[[22m^[[39m
integration (node 24)	Run npm run test:integration	2026-08-23T01:36:34.5004707Z     ^[[90m 99|^[[39m   ^[[35mconst^[[39m result ^[[33m=^[[39m ^[[34mvalidateV5^[[39m(project)^[[33m;^[[39m
integration (node 24)	Run npm run test:integration	2026-08-23T01:36:34.5005509Z     ^[[90m100|^[[39m   ^[[35mif^[[39m (^[[33m!^[[39mresult^[[33m.^[[39mvalid ^[[33m||^[[39m result^[[33m.^[[39mvalue ^[[33m===^[[39m ^[[35mnull^[[39m)
integration (node 24)	Run npm run test:integration	2026-08-23T01:36:34.5006176Z     ^[[90m101|^[[39m     ^[[35mthrow^[[39m ^[[35mnew^[[39m ^[[33mTypeError^[[39m(
integration (node 24)	Run npm run test:integration	2026-08-23T01:36:34.5006588Z     ^[[90m   |^[[39m           ^[[31m^^[[39m
integration (node 24)	Run npm run test:integration	2026-08-23T01:36:34.5007096Z     ^[[90m102|^[[39m       result^[[33m.^[[39mdiagnostics^[[33m.^[[39mlength ^[[33m===^[[39m ^[[34m0^[[39m
integration (node 24)	Run npm run test:integration	2026-08-23T01:36:34.5007703Z     ^[[90m103|^[[39m         ^[[33m?^[[39m ^[[32m"Project failed v5 validation."^[[39m
integration (node 24)	Run npm run test:integration	2026-08-23T01:36:34.5008306Z ^[[90m ^[[2m❯^[[22m Engine.load packages/core/src/engine.ts:^[[2m170:29^[[22m^[[39m
integration (node 24)	Run npm run test:integration	2026-08-23T01:36:34.5009198Z ^[[90m ^[[2m❯^[[22m load packages/core/test/integration/single-input-channel.test.ts:^[[2m45:6^[[22m^[[39m
integration (node 24)	Run npm run test:integration	2026-08-23T01:36:34.5010005Z ^[[90m ^[[2m❯^[[22m packages/core/test/integration/single-input-channel.test.ts:^[[2m52:20^[[22m^[[39m
integration (node 24)	Run npm run test:integration	2026-08-23T01:36:34.5010360Z 
integration (node 24)	Run npm run test:integration	2026-08-23T01:36:34.5010604Z ^[[31m^[[2m⎯⎯⎯⎯⎯⎯⎯⎯⎯⎯⎯⎯⎯⎯⎯⎯⎯⎯⎯⎯⎯[97/124]⎯^[[22m^[[39m
integration (node 24)	Run npm run test:integration	2026-08-23T01:36:34.5010812Z 
integration (node 24)	Run npm run test:integration	2026-08-23T01:36:34.5011863Z ^[[41m^[[1m FAIL ^[[22m^[[49m packages/core/test/integration/t4-runtime-motion-parity.test.ts^[[2m > ^[[22mT4 runtime Motion parity and creation ordering^[[2m > ^[[22mT-1 emits one progress sequence for a runtime and an authored time Motion
integration (node 24)	Run npm run test:integration	2026-08-23T01:36:34.5013461Z ^[[31m^[[1mTypeError^[[22m: property-stops-wrapper at motions[0].tracks[0].keyframes.x: The { stops: [...] } wrapper is retired; author the stops array directly as the value.^[[39m
integration (node 24)	Run npm run test:integration	2026-08-23T01:36:34.5014418Z ^[[36m ^[[2m❯^[[22m assertValidProject packages/core/src/engine.ts:^[[2m101:11^[[22m^[[39m
integration (node 24)	Run npm run test:integration	2026-08-23T01:36:34.5015098Z     ^[[90m 99|^[[39m   ^[[35mconst^[[39m result ^[[33m=^[[39m ^[[34mvalidateV5^[[39m(project)^[[33m;^[[39m
integration (node 24)	Run npm run test:integration	2026-08-23T01:36:34.5015894Z     ^[[90m100|^[[39m   ^[[35mif^[[39m (^[[33m!^[[39mresult^[[33m.^[[39mvalid ^[[33m||^[[39m result^[[33m.^[[39mvalue ^[[33m===^[[39m ^[[35mnull^[[39m)
integration (node 24)	Run npm run test:integration	2026-08-23T01:36:34.5016568Z     ^[[90m101|^[[39m     ^[[35mthrow^[[39m ^[[35mnew^[[39m ^[[33mTypeError^[[39m(
integration (node 24)	Run npm run test:integration	2026-08-23T01:36:34.5016984Z     ^[[90m   |^[[39m           ^[[31m^^[[39m
integration (node 24)	Run npm run test:integration	2026-08-23T01:36:34.5017498Z     ^[[90m102|^[[39m       result^[[33m.^[[39mdiagnostics^[[33m.^[[39mlength ^[[33m===^[[39m ^[[34m0^[[39m
integration (node 24)	Run npm run test:integration	2026-08-23T01:36:34.5018098Z     ^[[90m103|^[[39m         ^[[33m?^[[39m ^[[32m"Project failed v5 validation."^[[39m
integration (node 24)	Run npm run test:integration	2026-08-23T01:36:34.5018730Z ^[[90m ^[[2m❯^[[22m Engine.load packages/core/src/engine.ts:^[[2m170:29^[[22m^[[39m
integration (node 24)	Run npm run test:integration	2026-08-23T01:36:34.5019783Z ^[[90m ^[[2m❯^[[22m load packages/core/test/integration/t4-runtime-motion-parity.test.ts:^[[2m153:6^[[22m^[[39m
integration (node 24)	Run npm run test:integration	2026-08-23T01:36:34.5020757Z ^[[90m ^[[2m❯^[[22m packages/core/test/integration/t4-runtime-motion-parity.test.ts:^[[2m175:22^[[22m^[[39m
integration (node 24)	Run npm run test:integration	2026-08-23T01:36:34.5021130Z 
integration (node 24)	Run npm run test:integration	2026-08-23T01:36:34.5021363Z ^[[31m^[[2m⎯⎯⎯⎯⎯⎯⎯⎯⎯⎯⎯⎯⎯⎯⎯⎯⎯⎯⎯⎯⎯[98/124]⎯^[[22m^[[39m
integration (node 24)	Run npm run test:integration	2026-08-23T01:36:34.5021581Z 
integration (node 24)	Run npm run test:integration	2026-08-23T01:36:34.5022591Z ^[[41m^[[1m FAIL ^[[22m^[[49m packages/core/test/integration/t4-runtime-motion-parity.test.ts^[[2m > ^[[22mT4 runtime Motion parity and creation ordering^[[2m > ^[[22mT-6 rolls the Motion back when the candidate graph rejects it
integration (node 24)	Run npm run test:integration	2026-08-23T01:36:34.5024078Z ^[[31m^[[1mTypeError^[[22m: property-stops-wrapper at addTrack(arm).keyframes.x: The { stops: [...] } wrapper is retired; author the stops array directly as the value.^[[39m
integration (node 24)	Run npm run test:integration	2026-08-23T01:36:34.5025127Z ^[[36m ^[[2m❯^[[22m ProjectRuntime.#addTrack packages/core/src/runtime/project-runtime.ts:^[[2m281:13^[[22m^[[39m
integration (node 24)	Run npm run test:integration	2026-08-23T01:36:34.5025884Z     ^[[90m279|^[[39m     const validation = validateTrackDefinition(track, `addTrack(${trac…
integration (node 24)	Run npm run test:integration	2026-08-23T01:36:34.5026681Z     ^[[90m280|^[[39m     ^[[35mif^[[39m (^[[33m!^[[39mvalidation^[[33m.^[[39mvalid ^[[33m||^[[39m ^[[33m!^[[39mvalidation^[[33m.^[[39mvalue)
integration (node 24)	Run npm run test:integration	2026-08-23T01:36:34.5027657Z     ^[[90m281|^[[39m       ^[[35mthrow^[[39m ^[[35mnew^[[39m ^[[33mTypeError^[[39m(^[[34mdescribeDiagnostics^[[39m(validation^[[33m.^[[39mdiagnostics))^[[33m;^[[39m
integration (node 24)	Run npm run test:integration	2026-08-23T01:36:34.5028300Z     ^[[90m   |^[[39m             ^[[31m^^[[39m
integration (node 24)	Run npm run test:integration	2026-08-23T01:36:34.5028823Z     ^[[90m282|^[[39m     ^[[35mconst^[[39m accepted ^[[33m=^[[39m validation^[[33m.^[[39mvalue^[[33m;^[[39m
integration (node 24)	Run npm run test:integration	2026-08-23T01:36:34.5029676Z     ^[[90m283|^[[39m     ^[[35mconst^[[39m token ^[[33m=^[[39m ^[[35mthis^[[39m^[[33m.^[[39m#nextToken^[[33m++^[[39m^[[33m;^[[39m
integration (node 24)	Run npm run test:integration	2026-08-23T01:36:34.5030525Z ^[[90m ^[[2m❯^[[22m ProjectRuntime.addTrack packages/core/src/runtime/project-runtime.ts:^[[2m234:17^[[22m^[[39m
integration (node 24)	Run npm run test:integration	2026-08-23T01:36:34.5031261Z ^[[90m ^[[2m❯^[[22m Object.addTrack packages/core/src/engine.ts:^[[2m80:43^[[22m^[[39m
integration (node 24)	Run npm run test:integration	2026-08-23T01:36:34.5032021Z ^[[90m ^[[2m❯^[[22m packages/core/test/integration/t4-runtime-motion-parity.test.ts:^[[2m360:12^[[22m^[[39m
integration (node 24)	Run npm run test:integration	2026-08-23T01:36:34.5032386Z 
integration (node 24)	Run npm run test:integration	2026-08-23T01:36:34.5032631Z ^[[31m^[[2m⎯⎯⎯⎯⎯⎯⎯⎯⎯⎯⎯⎯⎯⎯⎯⎯⎯⎯⎯⎯⎯[99/124]⎯^[[22m^[[39m
integration (node 24)	Run npm run test:integration	2026-08-23T01:36:34.5032833Z 
integration (node 24)	Run npm run test:integration	2026-08-23T01:36:34.5033868Z ^[[41m^[[1m FAIL ^[[22m^[[49m packages/core/test/integration/t4-runtime-motion-parity.test.ts^[[2m > ^[[22mT4 runtime Motion parity and creation ordering^[[2m > ^[[22mT-7 keeps one clock subscription when a Motion is created at runtime
integration (node 24)	Run npm run test:integration	2026-08-23T01:36:34.5035377Z ^[[31m^[[1mTypeError^[[22m: property-stops-wrapper at addTrack(arm).keyframes.x: The { stops: [...] } wrapper is retired; author the stops array directly as the value.^[[39m
integration (node 24)	Run npm run test:integration	2026-08-23T01:36:34.5036434Z ^[[36m ^[[2m❯^[[22m ProjectRuntime.#addTrack packages/core/src/runtime/project-runtime.ts:^[[2m281:13^[[22m^[[39m
integration (node 24)	Run npm run test:integration	2026-08-23T01:36:34.5037189Z     ^[[90m279|^[[39m     const validation = validateTrackDefinition(track, `addTrack(${trac…
integration (node 24)	Run npm run test:integration	2026-08-23T01:36:34.5037967Z     ^[[90m280|^[[39m     ^[[35mif^[[39m (^[[33m!^[[39mvalidation^[[33m.^[[39mvalid ^[[33m||^[[39m ^[[33m!^[[39mvalidation^[[33m.^[[39mvalue)
integration (node 24)	Run npm run test:integration	2026-08-23T01:36:34.5039031Z     ^[[90m281|^[[39m       ^[[35mthrow^[[39m ^[[35mnew^[[39m ^[[33mTypeError^[[39m(^[[34mdescribeDiagnostics^[[39m(validation^[[33m.^[[39mdiagnostics))^[[33m;^[[39m
integration (node 24)	Run npm run test:integration	2026-08-23T01:36:34.5039700Z     ^[[90m   |^[[39m             ^[[31m^^[[39m
integration (node 24)	Run npm run test:integration	2026-08-23T01:36:34.5040228Z     ^[[90m282|^[[39m     ^[[35mconst^[[39m accepted ^[[33m=^[[39m validation^[[33m.^[[39mvalue^[[33m;^[[39m
integration (node 24)	Run npm run test:integration	2026-08-23T01:36:34.5040970Z     ^[[90m283|^[[39m     ^[[35mconst^[[39m token ^[[33m=^[[39m ^[[35mthis^[[39m^[[33m.^[[39m#nextToken^[[33m++^[[39m^[[33m;^[[39m
integration (node 24)	Run npm run test:integration	2026-08-23T01:36:34.5041813Z ^[[90m ^[[2m❯^[[22m ProjectRuntime.addTrack packages/core/src/runtime/project-runtime.ts:^[[2m234:17^[[22m^[[39m
integration (node 24)	Run npm run test:integration	2026-08-23T01:36:34.5042545Z ^[[90m ^[[2m❯^[[22m Object.addTrack packages/core/src/engine.ts:^[[2m80:43^[[22m^[[39m
integration (node 24)	Run npm run test:integration	2026-08-23T01:36:34.5043297Z ^[[90m ^[[2m❯^[[22m packages/core/test/integration/t4-runtime-motion-parity.test.ts:^[[2m397:12^[[22m^[[39m
integration (node 24)	Run npm run test:integration	2026-08-23T01:36:34.5043845Z 
integration (node 24)	Run npm run test:integration	2026-08-23T01:36:34.5044081Z ^[[31m^[[2m⎯⎯⎯⎯⎯⎯⎯⎯⎯⎯⎯⎯⎯⎯⎯⎯⎯⎯⎯⎯[100/124]⎯^[[22m^[[39m
integration (node 24)	Run npm run test:integration	2026-08-23T01:36:34.5044283Z 
integration (node 24)	Run npm run test:integration	2026-08-23T01:36:34.5045159Z ^[[41m^[[1m FAIL ^[[22m^[[49m packages/core/test/integration/trigger-scroll.test.ts^[[2m > ^[[22mT3 scroll driver^[[2m > ^[[22m3.1 drives progress from an injected source and clamps out-of-range emissions
integration (node 24)	Run npm run test:integration	2026-08-23T01:36:34.5046726Z ^[[31m^[[1mTypeError^[[22m: property-stops-wrapper at motions[0].tracks[0].keyframes.x: The { stops: [...] } wrapper is retired; author the stops array directly as the value.^[[39m
integration (node 24)	Run npm run test:integration	2026-08-23T01:36:34.5047674Z ^[[36m ^[[2m❯^[[22m assertValidProject packages/core/src/engine.ts:^[[2m101:11^[[22m^[[39m
integration (node 24)	Run npm run test:integration	2026-08-23T01:36:34.5048343Z     ^[[90m 99|^[[39m   ^[[35mconst^[[39m result ^[[33m=^[[39m ^[[34mvalidateV5^[[39m(project)^[[33m;^[[39m
integration (node 24)	Run npm run test:integration	2026-08-23T01:36:34.5049278Z     ^[[90m100|^[[39m   ^[[35mif^[[39m (^[[33m!^[[39mresult^[[33m.^[[39mvalid ^[[33m||^[[39m result^[[33m.^[[39mvalue ^[[33m===^[[39m ^[[35mnull^[[39m)
integration (node 24)	Run npm run test:integration	2026-08-23T01:36:34.5049951Z     ^[[90m101|^[[39m     ^[[35mthrow^[[39m ^[[35mnew^[[39m ^[[33mTypeError^[[39m(
integration (node 24)	Run npm run test:integration	2026-08-23T01:36:34.5050385Z     ^[[90m   |^[[39m           ^[[31m^^[[39m
integration (node 24)	Run npm run test:integration	2026-08-23T01:36:34.5050902Z     ^[[90m102|^[[39m       result^[[33m.^[[39mdiagnostics^[[33m.^[[39mlength ^[[33m===^[[39m ^[[34m0^[[39m
integration (node 24)	Run npm run test:integration	2026-08-23T01:36:34.5051493Z     ^[[90m103|^[[39m         ^[[33m?^[[39m ^[[32m"Project failed v5 validation."^[[39m
integration (node 24)	Run npm run test:integration	2026-08-23T01:36:34.5052105Z ^[[90m ^[[2m❯^[[22m Engine.load packages/core/src/engine.ts:^[[2m170:29^[[22m^[[39m
integration (node 24)	Run npm run test:integration	2026-08-23T01:36:34.5052814Z ^[[90m ^[[2m❯^[[22m load packages/core/test/integration/trigger-scroll.test.ts:^[[2m65:6^[[22m^[[39m
integration (node 24)	Run npm run test:integration	2026-08-23T01:36:34.5053551Z ^[[90m ^[[2m❯^[[22m packages/core/test/integration/trigger-scroll.test.ts:^[[2m76:35^[[22m^[[39m
integration (node 24)	Run npm run test:integration	2026-08-23T01:36:34.5053884Z 
integration (node 24)	Run npm run test:integration	2026-08-23T01:36:34.5054119Z ^[[31m^[[2m⎯⎯⎯⎯⎯⎯⎯⎯⎯⎯⎯⎯⎯⎯⎯⎯⎯⎯⎯⎯[101/124]⎯^[[22m^[[39m
integration (node 24)	Run npm run test:integration	2026-08-23T01:36:34.5054320Z 
integration (node 24)	Run npm run test:integration	2026-08-23T01:36:34.5055177Z ^[[41m^[[1m FAIL ^[[22m^[[49m packages/core/test/integration/trigger-scroll.test.ts^[[2m > ^[[22mT3 scroll driver^[[2m > ^[[22m3.2 subscribes to the injected source once and unsubscribes exactly once
integration (node 24)	Run npm run test:integration	2026-08-23T01:36:34.5056608Z ^[[31m^[[1mTypeError^[[22m: property-stops-wrapper at motions[0].tracks[0].keyframes.x: The { stops: [...] } wrapper is retired; author the stops array directly as the value.^[[39m
integration (node 24)	Run npm run test:integration	2026-08-23T01:36:34.5057572Z ^[[36m ^[[2m❯^[[22m assertValidProject packages/core/src/engine.ts:^[[2m101:11^[[22m^[[39m
integration (node 24)	Run npm run test:integration	2026-08-23T01:36:34.5058238Z     ^[[90m 99|^[[39m   ^[[35mconst^[[39m result ^[[33m=^[[39m ^[[34mvalidateV5^[[39m(project)^[[33m;^[[39m
integration (node 24)	Run npm run test:integration	2026-08-23T01:36:34.5059189Z     ^[[90m100|^[[39m   ^[[35mif^[[39m (^[[33m!^[[39mresult^[[33m.^[[39mvalid ^[[33m||^[[39m result^[[33m.^[[39mvalue ^[[33m===^[[39m ^[[35mnull^[[39m)
integration (node 24)	Run npm run test:integration	2026-08-23T01:36:34.5059855Z     ^[[90m101|^[[39m     ^[[35mthrow^[[39m ^[[35mnew^[[39m ^[[33mTypeError^[[39m(
integration (node 24)	Run npm run test:integration	2026-08-23T01:36:34.5060274Z     ^[[90m   |^[[39m           ^[[31m^^[[39m
integration (node 24)	Run npm run test:integration	2026-08-23T01:36:34.5060789Z     ^[[90m102|^[[39m       result^[[33m.^[[39mdiagnostics^[[33m.^[[39mlength ^[[33m===^[[39m ^[[34m0^[[39m
integration (node 24)	Run npm run test:integration	2026-08-23T01:36:34.5061376Z     ^[[90m103|^[[39m         ^[[33m?^[[39m ^[[32m"Project failed v5 validation."^[[39m
integration (node 24)	Run npm run test:integration	2026-08-23T01:36:34.5061981Z ^[[90m ^[[2m❯^[[22m Engine.load packages/core/src/engine.ts:^[[2m170:29^[[22m^[[39m
integration (node 24)	Run npm run test:integration	2026-08-23T01:36:34.5062685Z ^[[90m ^[[2m❯^[[22m load packages/core/test/integration/trigger-scroll.test.ts:^[[2m65:6^[[22m^[[39m
integration (node 24)	Run npm run test:integration	2026-08-23T01:36:34.5063405Z ^[[90m ^[[2m❯^[[22m packages/core/test/integration/trigger-scroll.test.ts:^[[2m99:24^[[22m^[[39m
integration (node 24)	Run npm run test:integration	2026-08-23T01:36:34.5063738Z 
integration (node 24)	Run npm run test:integration	2026-08-23T01:36:34.5063976Z ^[[31m^[[2m⎯⎯⎯⎯⎯⎯⎯⎯⎯⎯⎯⎯⎯⎯⎯⎯⎯⎯⎯⎯[102/124]⎯^[[22m^[[39m
integration (node 24)	Run npm run test:integration	2026-08-23T01:36:34.5064169Z 
integration (node 24)	Run npm run test:integration	2026-08-23T01:36:34.5065041Z ^[[41m^[[1m FAIL ^[[22m^[[49m packages/core/test/integration/trigger-scroll.test.ts^[[2m > ^[[22mT3 scroll driver^[[2m > ^[[22m3.4 unsubscribes an already resolved source when a later Motion cannot resolve
integration (node 24)	Run npm run test:integration	2026-08-23T01:36:34.5066420Z ^[[31m^[[1mAssertionError^[[22m: expected [Function] to throw error matching /trigger-driver-unavailable/ but got 'property-stops-wrapper at motions[0].…'^[[39m
integration (node 24)	Run npm run test:integration	2026-08-23T01:36:34.5066979Z 
integration (node 24)	Run npm run test:integration	2026-08-23T01:36:34.5067126Z ^[[32m- Expected:^[[39m
integration (node 24)	Run npm run test:integration	2026-08-23T01:36:34.5067544Z /trigger-driver-unavailable/
integration (node 24)	Run npm run test:integration	2026-08-23T01:36:34.5067722Z 
integration (node 24)	Run npm run test:integration	2026-08-23T01:36:34.5067864Z ^[[31m+ Received:^[[39m
integration (node 24)	Run npm run test:integration	2026-08-23T01:36:34.5069255Z "property-stops-wrapper at motions[0].tracks[0].keyframes.x: The { stops: [...] } wrapper is retired; author the stops array directly as the value. property-stops-wrapper at motions[1].tracks[0].keyframes.x: The { stops: [...] } wrapper is retired; author the stops array directly as the value."
integration (node 24)	Run npm run test:integration	2026-08-23T01:36:34.5070298Z 
integration (node 24)	Run npm run test:integration	2026-08-23T01:36:34.5070703Z ^[[36m ^[[2m❯^[[22m packages/core/test/integration/trigger-scroll.test.ts:^[[2m133:7^[[22m^[[39m
integration (node 24)	Run npm run test:integration	2026-08-23T01:36:34.5071263Z     ^[[90m131|^[[39m     ^[[34mexpect^[[39m(() ^[[33m=>^[[39m
integration (node 24)	Run npm run test:integration	2026-08-23T01:36:34.5071805Z     ^[[90m132|^[[39m       load(resolve, [scrollMotion("hero", "hero"), scrollMotion("orpha…
integration (node 24)	Run npm run test:integration	2026-08-23T01:36:34.5072489Z     ^[[90m133|^[[39m     )^[[33m.^[[39m^[[34mtoThrow^[[39m(^[[36m/trigger-driver-unavailable/^[[39m)^[[33m;^[[39m
integration (node 24)	Run npm run test:integration	2026-08-23T01:36:34.5073004Z     ^[[90m   |^[[39m       ^[[31m^^[[39m
integration (node 24)	Run npm run test:integration	2026-08-23T01:36:34.5073302Z     ^[[90m134|^[[39m
integration (node 24)	Run npm run test:integration	2026-08-23T01:36:34.5073864Z     ^[[90m135|^[[39m     ^[[34mexpect^[[39m(hero^[[33m.^[[39msubscriptions)^[[33m.^[[39m^[[34mtoBe^[[39m(^[[34m1^[[39m)^[[33m;^[[39m
integration (node 24)	Run npm run test:integration	2026-08-23T01:36:34.5074255Z 
integration (node 24)	Run npm run test:integration	2026-08-23T01:36:34.5074493Z ^[[31m^[[2m⎯⎯⎯⎯⎯⎯⎯⎯⎯⎯⎯⎯⎯⎯⎯⎯⎯⎯⎯⎯[103/124]⎯^[[22m^[[39m
integration (node 24)	Run npm run test:integration	2026-08-23T01:36:34.5074701Z 
integration (node 24)	Run npm run test:integration	2026-08-23T01:36:34.5075650Z ^[[41m^[[1m FAIL ^[[22m^[[49m packages/core/test/integration/trigger-scroll.test.ts^[[2m > ^[[22mT3 scroll driver^[[2m > ^[[22mregisters no clock consumer for a push-driven scroll Motion
integration (node 24)	Run npm run test:integration	2026-08-23T01:36:34.5077380Z ^[[31m^[[1mTypeError^[[22m: property-stops-wrapper at motions[0].tracks[0].keyframes.x: The { stops: [...] } wrapper is retired; author the stops array directly as the value.^[[39m
integration (node 24)	Run npm run test:integration	2026-08-23T01:36:34.5078331Z ^[[36m ^[[2m❯^[[22m assertValidProject packages/core/src/engine.ts:^[[2m101:11^[[22m^[[39m
integration (node 24)	Run npm run test:integration	2026-08-23T01:36:34.5079113Z     ^[[90m 99|^[[39m   ^[[35mconst^[[39m result ^[[33m=^[[39m ^[[34mvalidateV5^[[39m(project)^[[33m;^[[39m
integration (node 24)	Run npm run test:integration	2026-08-23T01:36:34.5079919Z     ^[[90m100|^[[39m   ^[[35mif^[[39m (^[[33m!^[[39mresult^[[33m.^[[39mvalid ^[[33m||^[[39m result^[[33m.^[[39mvalue ^[[33m===^[[39m ^[[35mnull^[[39m)
integration (node 24)	Run npm run test:integration	2026-08-23T01:36:34.5080603Z     ^[[90m101|^[[39m     ^[[35mthrow^[[39m ^[[35mnew^[[39m ^[[33mTypeError^[[39m(
integration (node 24)	Run npm run test:integration	2026-08-23T01:36:34.5081026Z     ^[[90m   |^[[39m           ^[[31m^^[[39m
integration (node 24)	Run npm run test:integration	2026-08-23T01:36:34.5081547Z     ^[[90m102|^[[39m       result^[[33m.^[[39mdiagnostics^[[33m.^[[39mlength ^[[33m===^[[39m ^[[34m0^[[39m
integration (node 24)	Run npm run test:integration	2026-08-23T01:36:34.5082135Z     ^[[90m103|^[[39m         ^[[33m?^[[39m ^[[32m"Project failed v5 validation."^[[39m
integration (node 24)	Run npm run test:integration	2026-08-23T01:36:34.5082734Z ^[[90m ^[[2m❯^[[22m Engine.load packages/core/src/engine.ts:^[[2m170:29^[[22m^[[39m
integration (node 24)	Run npm run test:integration	2026-08-23T01:36:34.5083433Z ^[[90m ^[[2m❯^[[22m load packages/core/test/integration/trigger-scroll.test.ts:^[[2m65:6^[[22m^[[39m
integration (node 24)	Run npm run test:integration	2026-08-23T01:36:34.5084170Z ^[[90m ^[[2m❯^[[22m packages/core/test/integration/trigger-scroll.test.ts:^[[2m141:42^[[22m^[[39m
integration (node 24)	Run npm run test:integration	2026-08-23T01:36:34.5084512Z 
integration (node 24)	Run npm run test:integration	2026-08-23T01:36:34.5084748Z ^[[31m^[[2m⎯⎯⎯⎯⎯⎯⎯⎯⎯⎯⎯⎯⎯⎯⎯⎯⎯⎯⎯⎯[104/124]⎯^[[22m^[[39m
integration (node 24)	Run npm run test:integration	2026-08-23T01:36:34.5084948Z 
integration (node 24)	Run npm run test:integration	2026-08-23T01:36:34.5085682Z ^[[41m^[[1m FAIL ^[[22m^[[49m packages/core/test/integration/trigger-scroll.test.ts^[[2m > ^[[22mT3 scroll driver^[[2m > ^[[22mrejects external signals for scroll Motions
integration (node 24)	Run npm run test:integration	2026-08-23T01:36:34.5087007Z ^[[31m^[[1mTypeError^[[22m: property-stops-wrapper at motions[0].tracks[0].keyframes.x: The { stops: [...] } wrapper is retired; author the stops array directly as the value.^[[39m
integration (node 24)	Run npm run test:integration	2026-08-23T01:36:34.5087957Z ^[[36m ^[[2m❯^[[22m assertValidProject packages/core/src/engine.ts:^[[2m101:11^[[22m^[[39m
integration (node 24)	Run npm run test:integration	2026-08-23T01:36:34.5088611Z     ^[[90m 99|^[[39m   ^[[35mconst^[[39m result ^[[33m=^[[39m ^[[34mvalidateV5^[[39m(project)^[[33m;^[[39m
integration (node 24)	Run npm run test:integration	2026-08-23T01:36:34.5089504Z     ^[[90m100|^[[39m   ^[[35mif^[[39m (^[[33m!^[[39mresult^[[33m.^[[39mvalid ^[[33m||^[[39m result^[[33m.^[[39mvalue ^[[33m===^[[39m ^[[35mnull^[[39m)
integration (node 24)	Run npm run test:integration	2026-08-23T01:36:34.5090168Z     ^[[90m101|^[[39m     ^[[35mthrow^[[39m ^[[35mnew^[[39m ^[[33mTypeError^[[39m(
integration (node 24)	Run npm run test:integration	2026-08-23T01:36:34.5090577Z     ^[[90m   |^[[39m           ^[[31m^^[[39m
integration (node 24)	Run npm run test:integration	2026-08-23T01:36:34.5091088Z     ^[[90m102|^[[39m       result^[[33m.^[[39mdiagnostics^[[33m.^[[39mlength ^[[33m===^[[39m ^[[34m0^[[39m
integration (node 24)	Run npm run test:integration	2026-08-23T01:36:34.5091849Z     ^[[90m103|^[[39m         ^[[33m?^[[39m ^[[32m"Project failed v5 validation."^[[39m
integration (node 24)	Run npm run test:integration	2026-08-23T01:36:34.5092620Z ^[[90m ^[[2m❯^[[22m Engine.load packages/core/src/engine.ts:^[[2m170:29^[[22m^[[39m
integration (node 24)	Run npm run test:integration	2026-08-23T01:36:34.5093327Z ^[[90m ^[[2m❯^[[22m load packages/core/test/integration/trigger-scroll.test.ts:^[[2m65:6^[[22m^[[39m
integration (node 24)	Run npm run test:integration	2026-08-23T01:36:34.5094071Z ^[[90m ^[[2m❯^[[22m packages/core/test/integration/trigger-scroll.test.ts:^[[2m163:24^[[22m^[[39m
integration (node 24)	Run npm run test:integration	2026-08-23T01:36:34.5094410Z 
integration (node 24)	Run npm run test:integration	2026-08-23T01:36:34.5094634Z ^[[31m^[[2m⎯⎯⎯⎯⎯⎯⎯⎯⎯⎯⎯⎯⎯⎯⎯⎯⎯⎯⎯⎯[105/124]⎯^[[22m^[[39m
integration (node 24)	Run npm run test:integration	2026-08-23T01:36:34.5094837Z 
integration (node 24)	Run npm run test:integration	2026-08-23T01:36:34.5095645Z ^[[41m^[[1m FAIL ^[[22m^[[49m packages/core/test/integration/trigger-time-loop.test.ts^[[2m > ^[[22mtime loop semantics^[[2m > ^[[22mL-13 no longer rejects repeat and yoyo as unsupported
integration (node 24)	Run npm run test:integration	2026-08-23T01:36:34.5096605Z ^[[31m^[[1mAssertionError^[[22m: expected false to be true // Object.is equality^[[39m
integration (node 24)	Run npm run test:integration	2026-08-23T01:36:34.5096933Z 
integration (node 24)	Run npm run test:integration	2026-08-23T01:36:34.5097081Z ^[[32m- Expected^[[39m
integration (node 24)	Run npm run test:integration	2026-08-23T01:36:34.5097353Z ^[[31m+ Received^[[39m
integration (node 24)	Run npm run test:integration	2026-08-23T01:36:34.5097494Z 
integration (node 24)	Run npm run test:integration	2026-08-23T01:36:34.5097606Z ^[[32m- true^[[39m
integration (node 24)	Run npm run test:integration	2026-08-23T01:36:34.5097866Z ^[[31m+ false^[[39m
integration (node 24)	Run npm run test:integration	2026-08-23T01:36:34.5098002Z 
integration (node 24)	Run npm run test:integration	2026-08-23T01:36:34.5098427Z ^[[36m ^[[2m❯^[[22m packages/core/test/integration/trigger-time-loop.test.ts:^[[2m98:26^[[22m^[[39m
integration (node 24)	Run npm run test:integration	2026-08-23T01:36:34.5099205Z     ^[[90m 96|^[[39m       motions: [{ id: "loop", trigger: LOOPING, tracks: [ramp("arm")] …
integration (node 24)	Run npm run test:integration	2026-08-23T01:36:34.5099670Z     ^[[90m 97|^[[39m     })^[[33m;^[[39m
integration (node 24)	Run npm run test:integration	2026-08-23T01:36:34.5100265Z     ^[[90m 98|^[[39m     ^[[34mexpect^[[39m(result^[[33m.^[[39mvalid)^[[33m.^[[39m^[[34mtoBe^[[39m(^[[35mtrue^[[39m)^[[33m;^[[39m
integration (node 24)	Run npm run test:integration	2026-08-23T01:36:34.5100824Z     ^[[90m   |^[[39m                          ^[[31m^^[[39m
integration (node 24)	Run npm run test:integration	2026-08-23T01:36:34.5101380Z     ^[[90m 99|^[[39m     expect(ruleIds(result.diagnostics)).not.toContain("trigger-time-re…
integration (node 24)	Run npm run test:integration	2026-08-23T01:36:34.5101846Z     ^[[90m100|^[[39m   })^[[33m;^[[39m
integration (node 24)	Run npm run test:integration	2026-08-23T01:36:34.5102019Z 
integration (node 24)	Run npm run test:integration	2026-08-23T01:36:34.5102244Z ^[[31m^[[2m⎯⎯⎯⎯⎯⎯⎯⎯⎯⎯⎯⎯⎯⎯⎯⎯⎯⎯⎯⎯[106/124]⎯^[[22m^[[39m
integration (node 24)	Run npm run test:integration	2026-08-23T01:36:34.5102462Z 
integration (node 24)	Run npm run test:integration	2026-08-23T01:36:34.5103350Z ^[[41m^[[1m FAIL ^[[22m^[[49m packages/core/test/integration/trigger-time-loop.test.ts^[[2m > ^[[22mtime loop semantics^[[2m > ^[[22mL-14 yoyos an authored Motion through the runtime and stops at the start
integration (node 24)	Run npm run test:integration	2026-08-23T01:36:34.5104798Z ^[[31m^[[1mTypeError^[[22m: property-stops-wrapper at motions[0].tracks[0].keyframes.x: The { stops: [...] } wrapper is retired; author the stops array directly as the value.^[[39m
integration (node 24)	Run npm run test:integration	2026-08-23T01:36:34.5105752Z ^[[36m ^[[2m❯^[[22m assertValidProject packages/core/src/engine.ts:^[[2m101:11^[[22m^[[39m
integration (node 24)	Run npm run test:integration	2026-08-23T01:36:34.5106425Z     ^[[90m 99|^[[39m   ^[[35mconst^[[39m result ^[[33m=^[[39m ^[[34mvalidateV5^[[39m(project)^[[33m;^[[39m
integration (node 24)	Run npm run test:integration	2026-08-23T01:36:34.5107218Z     ^[[90m100|^[[39m   ^[[35mif^[[39m (^[[33m!^[[39mresult^[[33m.^[[39mvalid ^[[33m||^[[39m result^[[33m.^[[39mvalue ^[[33m===^[[39m ^[[35mnull^[[39m)
integration (node 24)	Run npm run test:integration	2026-08-23T01:36:34.5107892Z     ^[[90m101|^[[39m     ^[[35mthrow^[[39m ^[[35mnew^[[39m ^[[33mTypeError^[[39m(
integration (node 24)	Run npm run test:integration	2026-08-23T01:36:34.5108316Z     ^[[90m   |^[[39m           ^[[31m^^[[39m
integration (node 24)	Run npm run test:integration	2026-08-23T01:36:34.5108829Z     ^[[90m102|^[[39m       result^[[33m.^[[39mdiagnostics^[[33m.^[[39mlength ^[[33m===^[[39m ^[[34m0^[[39m
integration (node 24)	Run npm run test:integration	2026-08-23T01:36:34.5109548Z     ^[[90m103|^[[39m         ^[[33m?^[[39m ^[[32m"Project failed v5 validation."^[[39m
integration (node 24)	Run npm run test:integration	2026-08-23T01:36:34.5110159Z ^[[90m ^[[2m❯^[[22m Engine.load packages/core/src/engine.ts:^[[2m170:29^[[22m^[[39m
integration (node 24)	Run npm run test:integration	2026-08-23T01:36:34.5110875Z ^[[90m ^[[2m❯^[[22m load packages/core/test/integration/trigger-time-loop.test.ts:^[[2m52:91^[[22m^[[39m
integration (node 24)	Run npm run test:integration	2026-08-23T01:36:34.5111684Z ^[[90m ^[[2m❯^[[22m packages/core/test/integration/trigger-time-loop.test.ts:^[[2m103:52^[[22m^[[39m
integration (node 24)	Run npm run test:integration	2026-08-23T01:36:34.5112029Z 
integration (node 24)	Run npm run test:integration	2026-08-23T01:36:34.5112268Z ^[[31m^[[2m⎯⎯⎯⎯⎯⎯⎯⎯⎯⎯⎯⎯⎯⎯⎯⎯⎯⎯⎯⎯[107/124]⎯^[[22m^[[39m
integration (node 24)	Run npm run test:integration	2026-08-23T01:36:34.5112475Z 
integration (node 24)	Run npm run test:integration	2026-08-23T01:36:34.5113325Z ^[[41m^[[1m FAIL ^[[22m^[[49m packages/core/test/integration/trigger-time-loop.test.ts^[[2m > ^[[22mtime loop semantics^[[2m > ^[[22mL-15 gives a runtime-created looping Motion the identical sequence
integration (node 24)	Run npm run test:integration	2026-08-23T01:36:34.5114922Z ^[[31m^[[1mTypeError^[[22m: property-stops-wrapper at motions[0].tracks[0].keyframes.x: The { stops: [...] } wrapper is retired; author the stops array directly as the value.^[[39m
integration (node 24)	Run npm run test:integration	2026-08-23T01:36:34.5116022Z ^[[36m ^[[2m❯^[[22m assertValidProject packages/core/src/engine.ts:^[[2m101:11^[[22m^[[39m
integration (node 24)	Run npm run test:integration	2026-08-23T01:36:34.5116690Z     ^[[90m 99|^[[39m   ^[[35mconst^[[39m result ^[[33m=^[[39m ^[[34mvalidateV5^[[39m(project)^[[33m;^[[39m
integration (node 24)	Run npm run test:integration	2026-08-23T01:36:34.5117471Z     ^[[90m100|^[[39m   ^[[35mif^[[39m (^[[33m!^[[39mresult^[[33m.^[[39mvalid ^[[33m||^[[39m result^[[33m.^[[39mvalue ^[[33m===^[[39m ^[[35mnull^[[39m)
integration (node 24)	Run npm run test:integration	2026-08-23T01:36:34.5118135Z     ^[[90m101|^[[39m     ^[[35mthrow^[[39m ^[[35mnew^[[39m ^[[33mTypeError^[[39m(
integration (node 24)	Run npm run test:integration	2026-08-23T01:36:34.5118555Z     ^[[90m   |^[[39m           ^[[31m^^[[39m
integration (node 24)	Run npm run test:integration	2026-08-23T01:36:34.5119186Z     ^[[90m102|^[[39m       result^[[33m.^[[39mdiagnostics^[[33m.^[[39mlength ^[[33m===^[[39m ^[[34m0^[[39m
integration (node 24)	Run npm run test:integration	2026-08-23T01:36:34.5119776Z     ^[[90m103|^[[39m         ^[[33m?^[[39m ^[[32m"Project failed v5 validation."^[[39m
integration (node 24)	Run npm run test:integration	2026-08-23T01:36:34.5120384Z ^[[90m ^[[2m❯^[[22m Engine.load packages/core/src/engine.ts:^[[2m170:29^[[22m^[[39m
integration (node 24)	Run npm run test:integration	2026-08-23T01:36:34.5121102Z ^[[90m ^[[2m❯^[[22m load packages/core/test/integration/trigger-time-loop.test.ts:^[[2m52:91^[[22m^[[39m
integration (node 24)	Run npm run test:integration	2026-08-23T01:36:34.5121880Z ^[[90m ^[[2m❯^[[22m packages/core/test/integration/trigger-time-loop.test.ts:^[[2m123:22^[[22m^[[39m
integration (node 24)	Run npm run test:integration	2026-08-23T01:36:34.5122236Z 
integration (node 24)	Run npm run test:integration	2026-08-23T01:36:34.5122469Z ^[[31m^[[2m⎯⎯⎯⎯⎯⎯⎯⎯⎯⎯⎯⎯⎯⎯⎯⎯⎯⎯⎯⎯[108/124]⎯^[[22m^[[39m
integration (node 24)	Run npm run test:integration	2026-08-23T01:36:34.5122679Z 
integration (node 24)	Run npm run test:integration	2026-08-23T01:36:34.5123545Z ^[[41m^[[1m FAIL ^[[22m^[[49m packages/core/test/integration/trigger-time-loop.test.ts^[[2m > ^[[22mtime loop semantics^[[2m > ^[[22mL-16 applies stagger inside each cycle and carries nothing across one
integration (node 24)	Run npm run test:integration	2026-08-23T01:36:34.5125632Z ^[[31m^[[1mTypeError^[[22m: property-stops-wrapper at motions[0].tracks[0].keyframes.x: The { stops: [...] } wrapper is retired; author the stops array directly as the value. property-stops-wrapper at motions[0].tracks[1].keyframes.x: The { stops: [...] } wrapper is retired; author the stops array directly as the value.^[[39m
integration (node 24)	Run npm run test:integration	2026-08-23T01:36:34.5127009Z ^[[36m ^[[2m❯^[[22m assertValidProject packages/core/src/engine.ts:^[[2m101:11^[[22m^[[39m
integration (node 24)	Run npm run test:integration	2026-08-23T01:36:34.5127695Z     ^[[90m 99|^[[39m   ^[[35mconst^[[39m result ^[[33m=^[[39m ^[[34mvalidateV5^[[39m(project)^[[33m;^[[39m
integration (node 24)	Run npm run test:integration	2026-08-23T01:36:34.5128496Z     ^[[90m100|^[[39m   ^[[35mif^[[39m (^[[33m!^[[39mresult^[[33m.^[[39mvalid ^[[33m||^[[39m result^[[33m.^[[39mvalue ^[[33m===^[[39m ^[[35mnull^[[39m)
integration (node 24)	Run npm run test:integration	2026-08-23T01:36:34.5129257Z     ^[[90m101|^[[39m     ^[[35mthrow^[[39m ^[[35mnew^[[39m ^[[33mTypeError^[[39m(
integration (node 24)	Run npm run test:integration	2026-08-23T01:36:34.5129691Z     ^[[90m   |^[[39m           ^[[31m^^[[39m
integration (node 24)	Run npm run test:integration	2026-08-23T01:36:34.5130205Z     ^[[90m102|^[[39m       result^[[33m.^[[39mdiagnostics^[[33m.^[[39mlength ^[[33m===^[[39m ^[[34m0^[[39m
integration (node 24)	Run npm run test:integration	2026-08-23T01:36:34.5130792Z     ^[[90m103|^[[39m         ^[[33m?^[[39m ^[[32m"Project failed v5 validation."^[[39m
integration (node 24)	Run npm run test:integration	2026-08-23T01:36:34.5131391Z ^[[90m ^[[2m❯^[[22m Engine.load packages/core/src/engine.ts:^[[2m170:29^[[22m^[[39m
integration (node 24)	Run npm run test:integration	2026-08-23T01:36:34.5132113Z ^[[90m ^[[2m❯^[[22m load packages/core/test/integration/trigger-time-loop.test.ts:^[[2m52:91^[[22m^[[39m
integration (node 24)	Run npm run test:integration	2026-08-23T01:36:34.5132896Z ^[[90m ^[[2m❯^[[22m packages/core/test/integration/trigger-time-loop.test.ts:^[[2m150:41^[[22m^[[39m
integration (node 24)	Run npm run test:integration	2026-08-23T01:36:34.5133257Z 
integration (node 24)	Run npm run test:integration	2026-08-23T01:36:34.5133490Z ^[[31m^[[2m⎯⎯⎯⎯⎯⎯⎯⎯⎯⎯⎯⎯⎯⎯⎯⎯⎯⎯⎯⎯[109/124]⎯^[[22m^[[39m
integration (node 24)	Run npm run test:integration	2026-08-23T01:36:34.5133688Z 
integration (node 24)	Run npm run test:integration	2026-08-23T01:36:34.5134526Z ^[[41m^[[1m FAIL ^[[22m^[[49m packages/core/test/integration/trigger-time-loop.test.ts^[[2m > ^[[22mtime loop semantics^[[2m > ^[[22mL-17 keeps one project clock subscription for looping Motions
integration (node 24)	Run npm run test:integration	2026-08-23T01:36:34.5135919Z ^[[31m^[[1mTypeError^[[22m: property-stops-wrapper at motions[0].tracks[0].keyframes.x: The { stops: [...] } wrapper is retired; author the stops array directly as the value.^[[39m
integration (node 24)	Run npm run test:integration	2026-08-23T01:36:34.5136864Z ^[[36m ^[[2m❯^[[22m assertValidProject packages/core/src/engine.ts:^[[2m101:11^[[22m^[[39m
integration (node 24)	Run npm run test:integration	2026-08-23T01:36:34.5137522Z     ^[[90m 99|^[[39m   ^[[35mconst^[[39m result ^[[33m=^[[39m ^[[34mvalidateV5^[[39m(project)^[[33m;^[[39m
integration (node 24)	Run npm run test:integration	2026-08-23T01:36:34.5138316Z     ^[[90m100|^[[39m   ^[[35mif^[[39m (^[[33m!^[[39mresult^[[33m.^[[39mvalid ^[[33m||^[[39m result^[[33m.^[[39mvalue ^[[33m===^[[39m ^[[35mnull^[[39m)
integration (node 24)	Run npm run test:integration	2026-08-23T01:36:34.5139412Z     ^[[90m101|^[[39m     ^[[35mthrow^[[39m ^[[35mnew^[[39m ^[[33mTypeError^[[39m(
integration (node 24)	Run npm run test:integration	2026-08-23T01:36:34.5139839Z     ^[[90m   |^[[39m           ^[[31m^^[[39m
integration (node 24)	Run npm run test:integration	2026-08-23T01:36:34.5140374Z     ^[[90m102|^[[39m       result^[[33m.^[[39mdiagnostics^[[33m.^[[39mlength ^[[33m===^[[39m ^[[34m0^[[39m
integration (node 24)	Run npm run test:integration	2026-08-23T01:36:34.5140965Z     ^[[90m103|^[[39m         ^[[33m?^[[39m ^[[32m"Project failed v5 validation."^[[39m
integration (node 24)	Run npm run test:integration	2026-08-23T01:36:34.5141564Z ^[[90m ^[[2m❯^[[22m Engine.load packages/core/src/engine.ts:^[[2m170:29^[[22m^[[39m
integration (node 24)	Run npm run test:integration	2026-08-23T01:36:34.5142272Z ^[[90m ^[[2m❯^[[22m packages/core/test/integration/trigger-time-loop.test.ts:^[[2m179:93^[[22m^[[39m
integration (node 24)	Run npm run test:integration	2026-08-23T01:36:34.5142625Z 
integration (node 24)	Run npm run test:integration	2026-08-23T01:36:34.5142856Z ^[[31m^[[2m⎯⎯⎯⎯⎯⎯⎯⎯⎯⎯⎯⎯⎯⎯⎯⎯⎯⎯⎯⎯[110/124]⎯^[[22m^[[39m
integration (node 24)	Run npm run test:integration	2026-08-23T01:36:34.5143060Z 
integration (node 24)	Run npm run test:integration	2026-08-23T01:36:34.5143917Z ^[[41m^[[1m FAIL ^[[22m^[[49m packages/core/test/integration/trigger-time-loop.test.ts^[[2m > ^[[22mtime loop semantics^[[2m > ^[[22mL-18 keeps publishing an infinite loop where a single pass latches
integration (node 24)	Run npm run test:integration	2026-08-23T01:36:34.5145349Z ^[[31m^[[1mTypeError^[[22m: property-stops-wrapper at motions[0].tracks[0].keyframes.x: The { stops: [...] } wrapper is retired; author the stops array directly as the value.^[[39m
integration (node 24)	Run npm run test:integration	2026-08-23T01:36:34.5146306Z ^[[36m ^[[2m❯^[[22m assertValidProject packages/core/src/engine.ts:^[[2m101:11^[[22m^[[39m
integration (node 24)	Run npm run test:integration	2026-08-23T01:36:34.5146974Z     ^[[90m 99|^[[39m   ^[[35mconst^[[39m result ^[[33m=^[[39m ^[[34mvalidateV5^[[39m(project)^[[33m;^[[39m
integration (node 24)	Run npm run test:integration	2026-08-23T01:36:34.5147765Z     ^[[90m100|^[[39m   ^[[35mif^[[39m (^[[33m!^[[39mresult^[[33m.^[[39mvalid ^[[33m||^[[39m result^[[33m.^[[39mvalue ^[[33m===^[[39m ^[[35mnull^[[39m)
integration (node 24)	Run npm run test:integration	2026-08-23T01:36:34.5148444Z     ^[[90m101|^[[39m     ^[[35mthrow^[[39m ^[[35mnew^[[39m ^[[33mTypeError^[[39m(
integration (node 24)	Run npm run test:integration	2026-08-23T01:36:34.5148867Z     ^[[90m   |^[[39m           ^[[31m^^[[39m
integration (node 24)	Run npm run test:integration	2026-08-23T01:36:34.5149491Z     ^[[90m102|^[[39m       result^[[33m.^[[39mdiagnostics^[[33m.^[[39mlength ^[[33m===^[[39m ^[[34m0^[[39m
integration (node 24)	Run npm run test:integration	2026-08-23T01:36:34.5150105Z     ^[[90m103|^[[39m         ^[[33m?^[[39m ^[[32m"Project failed v5 validation."^[[39m
integration (node 24)	Run npm run test:integration	2026-08-23T01:36:34.5150707Z ^[[90m ^[[2m❯^[[22m Engine.load packages/core/src/engine.ts:^[[2m170:29^[[22m^[[39m
integration (node 24)	Run npm run test:integration	2026-08-23T01:36:34.5151440Z ^[[90m ^[[2m❯^[[22m load packages/core/test/integration/trigger-time-loop.test.ts:^[[2m52:91^[[22m^[[39m
integration (node 24)	Run npm run test:integration	2026-08-23T01:36:34.5152221Z ^[[90m ^[[2m❯^[[22m packages/core/test/integration/trigger-time-loop.test.ts:^[[2m196:21^[[22m^[[39m
integration (node 24)	Run npm run test:integration	2026-08-23T01:36:34.5152569Z 
integration (node 24)	Run npm run test:integration	2026-08-23T01:36:34.5152808Z ^[[31m^[[2m⎯⎯⎯⎯⎯⎯⎯⎯⎯⎯⎯⎯⎯⎯⎯⎯⎯⎯⎯⎯[111/124]⎯^[[22m^[[39m
integration (node 24)	Run npm run test:integration	2026-08-23T01:36:34.5153013Z 
integration (node 24)	Run npm run test:integration	2026-08-23T01:36:34.5153803Z ^[[41m^[[1m FAIL ^[[22m^[[49m packages/core/test/integration/trigger-time-loop.test.ts^[[2m > ^[[22mtime loop semantics^[[2m > ^[[22mL-19 lets the next loop emission overwrite a leaf seek
integration (node 24)	Run npm run test:integration	2026-08-23T01:36:34.5155177Z ^[[31m^[[1mTypeError^[[22m: property-stops-wrapper at motions[0].tracks[0].keyframes.x: The { stops: [...] } wrapper is retired; author the stops array directly as the value.^[[39m
integration (node 24)	Run npm run test:integration	2026-08-23T01:36:34.5156131Z ^[[36m ^[[2m❯^[[22m assertValidProject packages/core/src/engine.ts:^[[2m101:11^[[22m^[[39m
integration (node 24)	Run npm run test:integration	2026-08-23T01:36:34.5156797Z     ^[[90m 99|^[[39m   ^[[35mconst^[[39m result ^[[33m=^[[39m ^[[34mvalidateV5^[[39m(project)^[[33m;^[[39m
integration (node 24)	Run npm run test:integration	2026-08-23T01:36:34.5157609Z     ^[[90m100|^[[39m   ^[[35mif^[[39m (^[[33m!^[[39mresult^[[33m.^[[39mvalid ^[[33m||^[[39m result^[[33m.^[[39mvalue ^[[33m===^[[39m ^[[35mnull^[[39m)
integration (node 24)	Run npm run test:integration	2026-08-23T01:36:34.5158273Z     ^[[90m101|^[[39m     ^[[35mthrow^[[39m ^[[35mnew^[[39m ^[[33mTypeError^[[39m(
integration (node 24)	Run npm run test:integration	2026-08-23T01:36:34.5158691Z     ^[[90m   |^[[39m           ^[[31m^^[[39m
integration (node 24)	Run npm run test:integration	2026-08-23T01:36:34.5159299Z     ^[[90m102|^[[39m       result^[[33m.^[[39mdiagnostics^[[33m.^[[39mlength ^[[33m===^[[39m ^[[34m0^[[39m
integration (node 24)	Run npm run test:integration	2026-08-23T01:36:34.5159891Z     ^[[90m103|^[[39m         ^[[33m?^[[39m ^[[32m"Project failed v5 validation."^[[39m
integration (node 24)	Run npm run test:integration	2026-08-23T01:36:34.5160496Z ^[[90m ^[[2m❯^[[22m Engine.load packages/core/src/engine.ts:^[[2m170:29^[[22m^[[39m
integration (node 24)	Run npm run test:integration	2026-08-23T01:36:34.5161216Z ^[[90m ^[[2m❯^[[22m load packages/core/test/integration/trigger-time-loop.test.ts:^[[2m52:91^[[22m^[[39m
integration (node 24)	Run npm run test:integration	2026-08-23T01:36:34.5162155Z ^[[90m ^[[2m❯^[[22m packages/core/test/integration/trigger-time-loop.test.ts:^[[2m213:41^[[22m^[[39m
integration (node 24)	Run npm run test:integration	2026-08-23T01:36:34.5162629Z 
integration (node 24)	Run npm run test:integration	2026-08-23T01:36:34.5162861Z ^[[31m^[[2m⎯⎯⎯⎯⎯⎯⎯⎯⎯⎯⎯⎯⎯⎯⎯⎯⎯⎯⎯⎯[112/124]⎯^[[22m^[[39m
integration (node 24)	Run npm run test:integration	2026-08-23T01:36:34.5163059Z 
integration (node 24)	Run npm run test:integration	2026-08-23T01:36:34.5163897Z ^[[41m^[[1m FAIL ^[[22m^[[49m packages/core/test/integration/trigger-time-loop.test.ts^[[2m > ^[[22mtime loop semantics^[[2m > ^[[22mL-20 releases a destroyed loop without disturbing the other one
integration (node 24)	Run npm run test:integration	2026-08-23T01:36:34.5165956Z ^[[31m^[[1mTypeError^[[22m: property-stops-wrapper at motions[0].tracks[0].keyframes.x: The { stops: [...] } wrapper is retired; author the stops array directly as the value. property-stops-wrapper at motions[1].tracks[0].keyframes.x: The { stops: [...] } wrapper is retired; author the stops array directly as the value.^[[39m
integration (node 24)	Run npm run test:integration	2026-08-23T01:36:34.5166330Z ^[[36m ^[[2m❯^[[22m assertValidProject packages/core/src/engine.ts:^[[2m101:11^[[22m^[[39m
integration (node 24)	Run npm run test:integration	2026-08-23T01:36:34.5166679Z     ^[[90m 99|^[[39m   ^[[35mconst^[[39m result ^[[33m=^[[39m ^[[34mvalidateV5^[[39m(project)^[[33m;^[[39m
integration (node 24)	Run npm run test:integration	2026-08-23T01:36:34.5167171Z     ^[[90m100|^[[39m   ^[[35mif^[[39m (^[[33m!^[[39mresult^[[33m.^[[39mvalid ^[[33m||^[[39m result^[[33m.^[[39mvalue ^[[33m===^[[39m ^[[35mnull^[[39m)
integration (node 24)	Run npm run test:integration	2026-08-23T01:36:34.5167446Z     ^[[90m101|^[[39m     ^[[35mthrow^[[39m ^[[35mnew^[[39m ^[[33mTypeError^[[39m(
integration (node 24)	Run npm run test:integration	2026-08-23T01:36:34.5167602Z     ^[[90m   |^[[39m           ^[[31m^^[[39m
integration (node 24)	Run npm run test:integration	2026-08-23T01:36:34.5167963Z     ^[[90m102|^[[39m       result^[[33m.^[[39mdiagnostics^[[33m.^[[39mlength ^[[33m===^[[39m ^[[34m0^[[39m
integration (node 24)	Run npm run test:integration	2026-08-23T01:36:34.5168249Z     ^[[90m103|^[[39m         ^[[33m?^[[39m ^[[32m"Project failed v5 validation."^[[39m
integration (node 24)	Run npm run test:integration	2026-08-23T01:36:34.5168596Z ^[[90m ^[[2m❯^[[22m Engine.load packages/core/src/engine.ts:^[[2m170:29^[[22m^[[39m
integration (node 24)	Run npm run test:integration	2026-08-23T01:36:34.5169156Z ^[[90m ^[[2m❯^[[22m load packages/core/test/integration/trigger-time-loop.test.ts:^[[2m52:91^[[22m^[[39m
integration (node 24)	Run npm run test:integration	2026-08-23T01:36:34.5169580Z ^[[90m ^[[2m❯^[[22m packages/core/test/integration/trigger-time-loop.test.ts:^[[2m227:48^[[22m^[[39m
integration (node 24)	Run npm run test:integration	2026-08-23T01:36:34.5169589Z 
integration (node 24)	Run npm run test:integration	2026-08-23T01:36:34.5169826Z ^[[31m^[[2m⎯⎯⎯⎯⎯⎯⎯⎯⎯⎯⎯⎯⎯⎯⎯⎯⎯⎯⎯⎯[113/124]⎯^[[22m^[[39m
integration (node 24)	Run npm run test:integration	2026-08-23T01:36:34.5169835Z 
integration (node 24)	Run npm run test:integration	2026-08-23T01:36:34.5170634Z ^[[41m^[[1m FAIL ^[[22m^[[49m packages/core/test/integration/trigger-time.test.ts^[[2m > ^[[22mtime trigger integration T2^[[2m > ^[[22mdrives a time Motion once per project-clock tick
integration (node 24)	Run npm run test:integration	2026-08-23T01:36:34.5171432Z ^[[31m^[[1mTypeError^[[22m: property-stops-wrapper at motions[0].tracks[0].keyframes.x: The { stops: [...] } wrapper is retired; author the stops array directly as the value.^[[39m
integration (node 24)	Run npm run test:integration	2026-08-23T01:36:34.5171809Z ^[[36m ^[[2m❯^[[22m assertValidProject packages/core/src/engine.ts:^[[2m101:11^[[22m^[[39m
integration (node 24)	Run npm run test:integration	2026-08-23T01:36:34.5172157Z     ^[[90m 99|^[[39m   ^[[35mconst^[[39m result ^[[33m=^[[39m ^[[34mvalidateV5^[[39m(project)^[[33m;^[[39m
integration (node 24)	Run npm run test:integration	2026-08-23T01:36:34.5172636Z     ^[[90m100|^[[39m   ^[[35mif^[[39m (^[[33m!^[[39mresult^[[33m.^[[39mvalid ^[[33m||^[[39m result^[[33m.^[[39mvalue ^[[33m===^[[39m ^[[35mnull^[[39m)
integration (node 24)	Run npm run test:integration	2026-08-23T01:36:34.5172892Z     ^[[90m101|^[[39m     ^[[35mthrow^[[39m ^[[35mnew^[[39m ^[[33mTypeError^[[39m(
integration (node 24)	Run npm run test:integration	2026-08-23T01:36:34.5173213Z     ^[[90m   |^[[39m           ^[[31m^^[[39m
integration (node 24)	Run npm run test:integration	2026-08-23T01:36:34.5173552Z     ^[[90m102|^[[39m       result^[[33m.^[[39mdiagnostics^[[33m.^[[39mlength ^[[33m===^[[39m ^[[34m0^[[39m
integration (node 24)	Run npm run test:integration	2026-08-23T01:36:34.5173951Z     ^[[90m103|^[[39m         ^[[33m?^[[39m ^[[32m"Project failed v5 validation."^[[39m
integration (node 24)	Run npm run test:integration	2026-08-23T01:36:34.5174276Z ^[[90m ^[[2m❯^[[22m Engine.load packages/core/src/engine.ts:^[[2m170:29^[[22m^[[39m
integration (node 24)	Run npm run test:integration	2026-08-23T01:36:34.5174758Z ^[[90m ^[[2m❯^[[22m loadTimeMotion packages/core/test/integration/trigger-time.test.ts:^[[2m28:91^[[22m^[[39m
integration (node 24)	Run npm run test:integration	2026-08-23T01:36:34.5175151Z ^[[90m ^[[2m❯^[[22m packages/core/test/integration/trigger-time.test.ts:^[[2m39:42^[[22m^[[39m
integration (node 24)	Run npm run test:integration	2026-08-23T01:36:34.5175160Z 
integration (node 24)	Run npm run test:integration	2026-08-23T01:36:34.5175385Z ^[[31m^[[2m⎯⎯⎯⎯⎯⎯⎯⎯⎯⎯⎯⎯⎯⎯⎯⎯⎯⎯⎯⎯[114/124]⎯^[[22m^[[39m
integration (node 24)	Run npm run test:integration	2026-08-23T01:36:34.5175393Z 
integration (node 24)	Run npm run test:integration	2026-08-23T01:36:34.5176115Z ^[[41m^[[1m FAIL ^[[22m^[[49m packages/core/test/integration/trigger-time.test.ts^[[2m > ^[[22mtime trigger integration T2^[[2m > ^[[22mdoes not emit before the first tick
integration (node 24)	Run npm run test:integration	2026-08-23T01:36:34.5176915Z ^[[31m^[[1mTypeError^[[22m: property-stops-wrapper at motions[0].tracks[0].keyframes.x: The { stops: [...] } wrapper is retired; author the stops array directly as the value.^[[39m
integration (node 24)	Run npm run test:integration	2026-08-23T01:36:34.5177302Z ^[[36m ^[[2m❯^[[22m assertValidProject packages/core/src/engine.ts:^[[2m101:11^[[22m^[[39m
integration (node 24)	Run npm run test:integration	2026-08-23T01:36:34.5177643Z     ^[[90m 99|^[[39m   ^[[35mconst^[[39m result ^[[33m=^[[39m ^[[34mvalidateV5^[[39m(project)^[[33m;^[[39m
integration (node 24)	Run npm run test:integration	2026-08-23T01:36:34.5178119Z     ^[[90m100|^[[39m   ^[[35mif^[[39m (^[[33m!^[[39mresult^[[33m.^[[39mvalid ^[[33m||^[[39m result^[[33m.^[[39mvalue ^[[33m===^[[39m ^[[35mnull^[[39m)
integration (node 24)	Run npm run test:integration	2026-08-23T01:36:34.5178388Z     ^[[90m101|^[[39m     ^[[35mthrow^[[39m ^[[35mnew^[[39m ^[[33mTypeError^[[39m(
integration (node 24)	Run npm run test:integration	2026-08-23T01:36:34.5178548Z     ^[[90m   |^[[39m           ^[[31m^^[[39m
integration (node 24)	Run npm run test:integration	2026-08-23T01:36:34.5178889Z     ^[[90m102|^[[39m       result^[[33m.^[[39mdiagnostics^[[33m.^[[39mlength ^[[33m===^[[39m ^[[34m0^[[39m
integration (node 24)	Run npm run test:integration	2026-08-23T01:36:34.5179260Z     ^[[90m103|^[[39m         ^[[33m?^[[39m ^[[32m"Project failed v5 validation."^[[39m
integration (node 24)	Run npm run test:integration	2026-08-23T01:36:34.5179602Z ^[[90m ^[[2m❯^[[22m Engine.load packages/core/src/engine.ts:^[[2m170:29^[[22m^[[39m
integration (node 24)	Run npm run test:integration	2026-08-23T01:36:34.5180071Z ^[[90m ^[[2m❯^[[22m loadTimeMotion packages/core/test/integration/trigger-time.test.ts:^[[2m28:91^[[22m^[[39m
integration (node 24)	Run npm run test:integration	2026-08-23T01:36:34.5180461Z ^[[90m ^[[2m❯^[[22m packages/core/test/integration/trigger-time.test.ts:^[[2m59:35^[[22m^[[39m
integration (node 24)	Run npm run test:integration	2026-08-23T01:36:34.5180472Z 
integration (node 24)	Run npm run test:integration	2026-08-23T01:36:34.5180691Z ^[[31m^[[2m⎯⎯⎯⎯⎯⎯⎯⎯⎯⎯⎯⎯⎯⎯⎯⎯⎯⎯⎯⎯[115/124]⎯^[[22m^[[39m
integration (node 24)	Run npm run test:integration	2026-08-23T01:36:34.5180699Z 
integration (node 24)	Run npm run test:integration	2026-08-23T01:36:34.5181488Z ^[[41m^[[1m FAIL ^[[22m^[[49m packages/core/test/integration/trigger-time.test.ts^[[2m > ^[[22mtime trigger integration T2^[[2m > ^[[22mrejects external signals without changing progress
integration (node 24)	Run npm run test:integration	2026-08-23T01:36:34.5182266Z ^[[31m^[[1mTypeError^[[22m: property-stops-wrapper at motions[0].tracks[0].keyframes.x: The { stops: [...] } wrapper is retired; author the stops array directly as the value.^[[39m
integration (node 24)	Run npm run test:integration	2026-08-23T01:36:34.5182640Z ^[[36m ^[[2m❯^[[22m assertValidProject packages/core/src/engine.ts:^[[2m101:11^[[22m^[[39m
integration (node 24)	Run npm run test:integration	2026-08-23T01:36:34.5182991Z     ^[[90m 99|^[[39m   ^[[35mconst^[[39m result ^[[33m=^[[39m ^[[34mvalidateV5^[[39m(project)^[[33m;^[[39m
integration (node 24)	Run npm run test:integration	2026-08-23T01:36:34.5183469Z     ^[[90m100|^[[39m   ^[[35mif^[[39m (^[[33m!^[[39mresult^[[33m.^[[39mvalid ^[[33m||^[[39m result^[[33m.^[[39mvalue ^[[33m===^[[39m ^[[35mnull^[[39m)
integration (node 24)	Run npm run test:integration	2026-08-23T01:36:34.5183740Z     ^[[90m101|^[[39m     ^[[35mthrow^[[39m ^[[35mnew^[[39m ^[[33mTypeError^[[39m(
integration (node 24)	Run npm run test:integration	2026-08-23T01:36:34.5183902Z     ^[[90m   |^[[39m           ^[[31m^^[[39m
integration (node 24)	Run npm run test:integration	2026-08-23T01:36:34.5184231Z     ^[[90m102|^[[39m       result^[[33m.^[[39mdiagnostics^[[33m.^[[39mlength ^[[33m===^[[39m ^[[34m0^[[39m
integration (node 24)	Run npm run test:integration	2026-08-23T01:36:34.5184510Z     ^[[90m103|^[[39m         ^[[33m?^[[39m ^[[32m"Project failed v5 validation."^[[39m
integration (node 24)	Run npm run test:integration	2026-08-23T01:36:34.5184841Z ^[[90m ^[[2m❯^[[22m Engine.load packages/core/src/engine.ts:^[[2m170:29^[[22m^[[39m
integration (node 24)	Run npm run test:integration	2026-08-23T01:36:34.5185307Z ^[[90m ^[[2m❯^[[22m loadTimeMotion packages/core/test/integration/trigger-time.test.ts:^[[2m28:91^[[22m^[[39m
integration (node 24)	Run npm run test:integration	2026-08-23T01:36:34.5185683Z ^[[90m ^[[2m❯^[[22m packages/core/test/integration/trigger-time.test.ts:^[[2m66:35^[[22m^[[39m
integration (node 24)	Run npm run test:integration	2026-08-23T01:36:34.5185829Z 
integration (node 24)	Run npm run test:integration	2026-08-23T01:36:34.5186055Z ^[[31m^[[2m⎯⎯⎯⎯⎯⎯⎯⎯⎯⎯⎯⎯⎯⎯⎯⎯⎯⎯⎯⎯[116/124]⎯^[[22m^[[39m
integration (node 24)	Run npm run test:integration	2026-08-23T01:36:34.5186062Z 
integration (node 24)	Run npm run test:integration	2026-08-23T01:36:34.5187001Z ^[[41m^[[1m FAIL ^[[22m^[[49m packages/core/test/integration/trigger-time.test.ts^[[2m > ^[[22mtime trigger integration T2^[[2m > ^[[22mcoalesces rapid driver ticks to the latest progress
integration (node 24)	Run npm run test:integration	2026-08-23T01:36:34.5187788Z ^[[31m^[[1mTypeError^[[22m: property-stops-wrapper at motions[0].tracks[0].keyframes.x: The { stops: [...] } wrapper is retired; author the stops array directly as the value.^[[39m
integration (node 24)	Run npm run test:integration	2026-08-23T01:36:34.5188162Z ^[[36m ^[[2m❯^[[22m assertValidProject packages/core/src/engine.ts:^[[2m101:11^[[22m^[[39m
integration (node 24)	Run npm run test:integration	2026-08-23T01:36:34.5188513Z     ^[[90m 99|^[[39m   ^[[35mconst^[[39m result ^[[33m=^[[39m ^[[34mvalidateV5^[[39m(project)^[[33m;^[[39m
integration (node 24)	Run npm run test:integration	2026-08-23T01:36:34.5189100Z     ^[[90m100|^[[39m   ^[[35mif^[[39m (^[[33m!^[[39mresult^[[33m.^[[39mvalid ^[[33m||^[[39m result^[[33m.^[[39mvalue ^[[33m===^[[39m ^[[35mnull^[[39m)
integration (node 24)	Run npm run test:integration	2026-08-23T01:36:34.5189370Z     ^[[90m101|^[[39m     ^[[35mthrow^[[39m ^[[35mnew^[[39m ^[[33mTypeError^[[39m(
integration (node 24)	Run npm run test:integration	2026-08-23T01:36:34.5189538Z     ^[[90m   |^[[39m           ^[[31m^^[[39m
integration (node 24)	Run npm run test:integration	2026-08-23T01:36:34.5189878Z     ^[[90m102|^[[39m       result^[[33m.^[[39mdiagnostics^[[33m.^[[39mlength ^[[33m===^[[39m ^[[34m0^[[39m
integration (node 24)	Run npm run test:integration	2026-08-23T01:36:34.5190163Z     ^[[90m103|^[[39m         ^[[33m?^[[39m ^[[32m"Project failed v5 validation."^[[39m
integration (node 24)	Run npm run test:integration	2026-08-23T01:36:34.5190506Z ^[[90m ^[[2m❯^[[22m Engine.load packages/core/src/engine.ts:^[[2m170:29^[[22m^[[39m
integration (node 24)	Run npm run test:integration	2026-08-23T01:36:34.5190977Z ^[[90m ^[[2m❯^[[22m loadTimeMotion packages/core/test/integration/trigger-time.test.ts:^[[2m28:91^[[22m^[[39m
integration (node 24)	Run npm run test:integration	2026-08-23T01:36:34.5191368Z ^[[90m ^[[2m❯^[[22m packages/core/test/integration/trigger-time.test.ts:^[[2m78:42^[[22m^[[39m
integration (node 24)	Run npm run test:integration	2026-08-23T01:36:34.5191379Z 
integration (node 24)	Run npm run test:integration	2026-08-23T01:36:34.5191611Z ^[[31m^[[2m⎯⎯⎯⎯⎯⎯⎯⎯⎯⎯⎯⎯⎯⎯⎯⎯⎯⎯⎯⎯[117/124]⎯^[[22m^[[39m
integration (node 24)	Run npm run test:integration	2026-08-23T01:36:34.5191619Z 
integration (node 24)	Run npm run test:integration	2026-08-23T01:36:34.5192455Z ^[[41m^[[1m FAIL ^[[22m^[[49m packages/core/test/integration/trigger-time.test.ts^[[2m > ^[[22mtime trigger integration T2^[[2m > ^[[22mkeeps manual signals working and preserves range validation
integration (node 24)	Run npm run test:integration	2026-08-23T01:36:34.5193246Z ^[[31m^[[1mTypeError^[[22m: property-stops-wrapper at motions[0].tracks[0].keyframes.x: The { stops: [...] } wrapper is retired; author the stops array directly as the value.^[[39m
integration (node 24)	Run npm run test:integration	2026-08-23T01:36:34.5193628Z ^[[36m ^[[2m❯^[[22m assertValidProject packages/core/src/engine.ts:^[[2m101:11^[[22m^[[39m
integration (node 24)	Run npm run test:integration	2026-08-23T01:36:34.5193968Z     ^[[90m 99|^[[39m   ^[[35mconst^[[39m result ^[[33m=^[[39m ^[[34mvalidateV5^[[39m(project)^[[33m;^[[39m
integration (node 24)	Run npm run test:integration	2026-08-23T01:36:34.5194437Z     ^[[90m100|^[[39m   ^[[35mif^[[39m (^[[33m!^[[39mresult^[[33m.^[[39mvalid ^[[33m||^[[39m result^[[33m.^[[39mvalue ^[[33m===^[[39m ^[[35mnull^[[39m)
integration (node 24)	Run npm run test:integration	2026-08-23T01:36:34.5194690Z     ^[[90m101|^[[39m     ^[[35mthrow^[[39m ^[[35mnew^[[39m ^[[33mTypeError^[[39m(
integration (node 24)	Run npm run test:integration	2026-08-23T01:36:34.5194854Z     ^[[90m   |^[[39m           ^[[31m^^[[39m
integration (node 24)	Run npm run test:integration	2026-08-23T01:36:34.5195193Z     ^[[90m102|^[[39m       result^[[33m.^[[39mdiagnostics^[[33m.^[[39mlength ^[[33m===^[[39m ^[[34m0^[[39m
integration (node 24)	Run npm run test:integration	2026-08-23T01:36:34.5195468Z     ^[[90m103|^[[39m         ^[[33m?^[[39m ^[[32m"Project failed v5 validation."^[[39m
integration (node 24)	Run npm run test:integration	2026-08-23T01:36:34.5195797Z ^[[90m ^[[2m❯^[[22m Engine.load packages/core/src/engine.ts:^[[2m170:29^[[22m^[[39m
integration (node 24)	Run npm run test:integration	2026-08-23T01:36:34.5196196Z ^[[90m ^[[2m❯^[[22m packages/core/test/integration/trigger-time.test.ts:^[[2m113:93^[[22m^[[39m
integration (node 24)	Run npm run test:integration	2026-08-23T01:36:34.5196205Z 
integration (node 24)	Run npm run test:integration	2026-08-23T01:36:34.5196431Z ^[[31m^[[2m⎯⎯⎯⎯⎯⎯⎯⎯⎯⎯⎯⎯⎯⎯⎯⎯⎯⎯⎯⎯[118/124]⎯^[[22m^[[39m
integration (node 24)	Run npm run test:integration	2026-08-23T01:36:34.5196438Z 
integration (node 24)	Run npm run test:integration	2026-08-23T01:36:34.5197335Z ^[[41m^[[1m FAIL ^[[22m^[[49m packages/core/test/integration/trigger-time.test.ts^[[2m > ^[[22mtime trigger integration T2^[[2m > ^[[22misolates a throwing clock consumer while preserving other Motion progress
integration (node 24)	Run npm run test:integration	2026-08-23T01:36:34.5198104Z ^[[31m^[[1mTypeError^[[22m: property-stops-wrapper at motions[1].tracks[0].keyframes.x: The { stops: [...] } wrapper is retired; author the stops array directly as the value.^[[39m
integration (node 24)	Run npm run test:integration	2026-08-23T01:36:34.5198470Z ^[[36m ^[[2m❯^[[22m assertValidProject packages/core/src/engine.ts:^[[2m101:11^[[22m^[[39m
integration (node 24)	Run npm run test:integration	2026-08-23T01:36:34.5198803Z     ^[[90m 99|^[[39m   ^[[35mconst^[[39m result ^[[33m=^[[39m ^[[34mvalidateV5^[[39m(project)^[[33m;^[[39m
integration (node 24)	Run npm run test:integration	2026-08-23T01:36:34.5199504Z     ^[[90m100|^[[39m   ^[[35mif^[[39m (^[[33m!^[[39mresult^[[33m.^[[39mvalid ^[[33m||^[[39m result^[[33m.^[[39mvalue ^[[33m===^[[39m ^[[35mnull^[[39m)
integration (node 24)	Run npm run test:integration	2026-08-23T01:36:34.5199870Z     ^[[90m101|^[[39m     ^[[35mthrow^[[39m ^[[35mnew^[[39m ^[[33mTypeError^[[39m(
integration (node 24)	Run npm run test:integration	2026-08-23T01:36:34.5200032Z     ^[[90m   |^[[39m           ^[[31m^^[[39m
integration (node 24)	Run npm run test:integration	2026-08-23T01:36:34.5200367Z     ^[[90m102|^[[39m       result^[[33m.^[[39mdiagnostics^[[33m.^[[39mlength ^[[33m===^[[39m ^[[34m0^[[39m
integration (node 24)	Run npm run test:integration	2026-08-23T01:36:34.5200636Z     ^[[90m103|^[[39m         ^[[33m?^[[39m ^[[32m"Project failed v5 validation."^[[39m
integration (node 24)	Run npm run test:integration	2026-08-23T01:36:34.5200953Z ^[[90m ^[[2m❯^[[22m Engine.load packages/core/src/engine.ts:^[[2m170:29^[[22m^[[39m
integration (node 24)	Run npm run test:integration	2026-08-23T01:36:34.5201334Z ^[[90m ^[[2m❯^[[22m packages/core/test/integration/trigger-time.test.ts:^[[2m152:8^[[22m^[[39m
integration (node 24)	Run npm run test:integration	2026-08-23T01:36:34.5201343Z 
integration (node 24)	Run npm run test:integration	2026-08-23T01:36:34.5201564Z ^[[31m^[[2m⎯⎯⎯⎯⎯⎯⎯⎯⎯⎯⎯⎯⎯⎯⎯⎯⎯⎯⎯⎯[119/124]⎯^[[22m^[[39m
integration (node 24)	Run npm run test:integration	2026-08-23T01:36:34.5201571Z 
integration (node 24)	Run npm run test:integration	2026-08-23T01:36:34.5202569Z ^[[41m^[[1m FAIL ^[[22m^[[49m packages/core/test/integration/unified-mutation-surface.test.ts^[[2m > ^[[22munified runtime mutation surface (W5)^[[2m > ^[[22mingests authored tracks into the removable store without auto-mounting
integration (node 24)	Run npm run test:integration	2026-08-23T01:36:34.5204034Z ^[[31m^[[1mTypeError^[[22m: property-stops-wrapper at motions[0].tracks[0].keyframes.x: The { stops: [...] } wrapper is retired; author the stops array directly as the value. property-stops-wrapper at freeTracks[0].keyframes.x: The { stops: [...] } wrapper is retired; author the stops array directly as the value.^[[39m
integration (node 24)	Run npm run test:integration	2026-08-23T01:36:34.5204417Z ^[[36m ^[[2m❯^[[22m assertValidProject packages/core/src/engine.ts:^[[2m101:11^[[22m^[[39m
integration (node 24)	Run npm run test:integration	2026-08-23T01:36:34.5204765Z     ^[[90m 99|^[[39m   ^[[35mconst^[[39m result ^[[33m=^[[39m ^[[34mvalidateV5^[[39m(project)^[[33m;^[[39m
integration (node 24)	Run npm run test:integration	2026-08-23T01:36:34.5205241Z     ^[[90m100|^[[39m   ^[[35mif^[[39m (^[[33m!^[[39mresult^[[33m.^[[39mvalid ^[[33m||^[[39m result^[[33m.^[[39mvalue ^[[33m===^[[39m ^[[35mnull^[[39m)
integration (node 24)	Run npm run test:integration	2026-08-23T01:36:34.5205499Z     ^[[90m101|^[[39m     ^[[35mthrow^[[39m ^[[35mnew^[[39m ^[[33mTypeError^[[39m(
integration (node 24)	Run npm run test:integration	2026-08-23T01:36:34.5205672Z     ^[[90m   |^[[39m           ^[[31m^^[[39m
integration (node 24)	Run npm run test:integration	2026-08-23T01:36:34.5206018Z     ^[[90m102|^[[39m       result^[[33m.^[[39mdiagnostics^[[33m.^[[39mlength ^[[33m===^[[39m ^[[34m0^[[39m
integration (node 24)	Run npm run test:integration	2026-08-23T01:36:34.5206300Z     ^[[90m103|^[[39m         ^[[33m?^[[39m ^[[32m"Project failed v5 validation."^[[39m
integration (node 24)	Run npm run test:integration	2026-08-23T01:36:34.5206628Z ^[[90m ^[[2m❯^[[22m Engine.load packages/core/src/engine.ts:^[[2m170:29^[[22m^[[39m
integration (node 24)	Run npm run test:integration	2026-08-23T01:36:34.5207155Z ^[[90m ^[[2m❯^[[22m makeHandle packages/core/test/integration/unified-mutation-surface.test.ts:^[[2m28:6^[[22m^[[39m
integration (node 24)	Run npm run test:integration	2026-08-23T01:36:34.5207611Z ^[[90m ^[[2m❯^[[22m packages/core/test/integration/unified-mutation-surface.test.ts:^[[2m33:20^[[22m^[[39m
integration (node 24)	Run npm run test:integration	2026-08-23T01:36:34.5207621Z 
integration (node 24)	Run npm run test:integration	2026-08-23T01:36:34.5207843Z ^[[31m^[[2m⎯⎯⎯⎯⎯⎯⎯⎯⎯⎯⎯⎯⎯⎯⎯⎯⎯⎯⎯⎯[120/124]⎯^[[22m^[[39m
integration (node 24)	Run npm run test:integration	2026-08-23T01:36:34.5207850Z 
integration (node 24)	Run npm run test:integration	2026-08-23T01:36:34.5208805Z ^[[41m^[[1m FAIL ^[[22m^[[49m packages/core/test/integration/unified-mutation-surface.test.ts^[[2m > ^[[22munified runtime mutation surface (W5)^[[2m > ^[[22mreturns a capability handle and makes stale ABA handles inert
integration (node 24)	Run npm run test:integration	2026-08-23T01:36:34.5209702Z ^[[31m^[[1mTypeError^[[22m: property-stops-wrapper at addTrack(arm).keyframes.x: The { stops: [...] } wrapper is retired; author the stops array directly as the value.^[[39m
integration (node 24)	Run npm run test:integration	2026-08-23T01:36:34.5210212Z ^[[36m ^[[2m❯^[[22m ProjectRuntime.#addTrack packages/core/src/runtime/project-runtime.ts:^[[2m281:13^[[22m^[[39m
integration (node 24)	Run npm run test:integration	2026-08-23T01:36:34.5210572Z     ^[[90m279|^[[39m     const validation = validateTrackDefinition(track, `addTrack(${trac…
integration (node 24)	Run npm run test:integration	2026-08-23T01:36:34.5211064Z     ^[[90m280|^[[39m     ^[[35mif^[[39m (^[[33m!^[[39mvalidation^[[33m.^[[39mvalid ^[[33m||^[[39m ^[[33m!^[[39mvalidation^[[33m.^[[39mvalue)
integration (node 24)	Run npm run test:integration	2026-08-23T01:36:34.5211654Z     ^[[90m281|^[[39m       ^[[35mthrow^[[39m ^[[35mnew^[[39m ^[[33mTypeError^[[39m(^[[34mdescribeDiagnostics^[[39m(validation^[[33m.^[[39mdiagnostics))^[[33m;^[[39m
integration (node 24)	Run npm run test:integration	2026-08-23T01:36:34.5211824Z     ^[[90m   |^[[39m             ^[[31m^^[[39m
integration (node 24)	Run npm run test:integration	2026-08-23T01:36:34.5212181Z     ^[[90m282|^[[39m     ^[[35mconst^[[39m accepted ^[[33m=^[[39m validation^[[33m.^[[39mvalue^[[33m;^[[39m
integration (node 24)	Run npm run test:integration	2026-08-23T01:36:34.5212769Z     ^[[90m283|^[[39m     ^[[35mconst^[[39m token ^[[33m=^[[39m ^[[35mthis^[[39m^[[33m.^[[39m#nextToken^[[33m++^[[39m^[[33m;^[[39m
integration (node 24)	Run npm run test:integration	2026-08-23T01:36:34.5213399Z ^[[90m ^[[2m❯^[[22m ProjectRuntime.addTrack packages/core/src/runtime/project-runtime.ts:^[[2m234:17^[[22m^[[39m
integration (node 24)	Run npm run test:integration	2026-08-23T01:36:34.5213766Z ^[[90m ^[[2m❯^[[22m Object.addTrack packages/core/src/engine.ts:^[[2m80:43^[[22m^[[39m
integration (node 24)	Run npm run test:integration	2026-08-23T01:36:34.5214230Z ^[[90m ^[[2m❯^[[22m packages/core/test/integration/unified-mutation-surface.test.ts:^[[2m53:26^[[22m^[[39m
integration (node 24)	Run npm run test:integration	2026-08-23T01:36:34.5214241Z 
integration (node 24)	Run npm run test:integration	2026-08-23T01:36:34.5214468Z ^[[31m^[[2m⎯⎯⎯⎯⎯⎯⎯⎯⎯⎯⎯⎯⎯⎯⎯⎯⎯⎯⎯⎯[121/124]⎯^[[22m^[[39m
integration (node 24)	Run npm run test:integration	2026-08-23T01:36:34.5214483Z 
integration (node 24)	Run npm run test:integration	2026-08-23T01:36:34.5215495Z ^[[41m^[[1m FAIL ^[[22m^[[49m packages/core/test/integration/unified-mutation-surface.test.ts^[[2m > ^[[22munified runtime mutation surface (W5)^[[2m > ^[[22mreplaces a track non-destructively and preserves subscriber identity
integration (node 24)	Run npm run test:integration	2026-08-23T01:36:34.5216279Z ^[[31m^[[1mTypeError^[[22m: property-stops-wrapper at addTrack(arm).keyframes.x: The { stops: [...] } wrapper is retired; author the stops array directly as the value.^[[39m
integration (node 24)	Run npm run test:integration	2026-08-23T01:36:34.5216804Z ^[[36m ^[[2m❯^[[22m ProjectRuntime.#addTrack packages/core/src/runtime/project-runtime.ts:^[[2m281:13^[[22m^[[39m
integration (node 24)	Run npm run test:integration	2026-08-23T01:36:34.5217159Z     ^[[90m279|^[[39m     const validation = validateTrackDefinition(track, `addTrack(${trac…
integration (node 24)	Run npm run test:integration	2026-08-23T01:36:34.5217620Z     ^[[90m280|^[[39m     ^[[35mif^[[39m (^[[33m!^[[39mvalidation^[[33m.^[[39mvalid ^[[33m||^[[39m ^[[33m!^[[39mvalidation^[[33m.^[[39mvalue)
integration (node 24)	Run npm run test:integration	2026-08-23T01:36:34.5218196Z     ^[[90m281|^[[39m       ^[[35mthrow^[[39m ^[[35mnew^[[39m ^[[33mTypeError^[[39m(^[[34mdescribeDiagnostics^[[39m(validation^[[33m.^[[39mdiagnostics))^[[33m;^[[39m
integration (node 24)	Run npm run test:integration	2026-08-23T01:36:34.5218364Z     ^[[90m   |^[[39m             ^[[31m^^[[39m
integration (node 24)	Run npm run test:integration	2026-08-23T01:36:34.5218713Z     ^[[90m282|^[[39m     ^[[35mconst^[[39m accepted ^[[33m=^[[39m validation^[[33m.^[[39mvalue^[[33m;^[[39m
integration (node 24)	Run npm run test:integration	2026-08-23T01:36:34.5219364Z     ^[[90m283|^[[39m     ^[[35mconst^[[39m token ^[[33m=^[[39m ^[[35mthis^[[39m^[[33m.^[[39m#nextToken^[[33m++^[[39m^[[33m;^[[39m
integration (node 24)	Run npm run test:integration	2026-08-23T01:36:34.5219875Z ^[[90m ^[[2m❯^[[22m ProjectRuntime.addTrack packages/core/src/runtime/project-runtime.ts:^[[2m234:17^[[22m^[[39m
integration (node 24)	Run npm run test:integration	2026-08-23T01:36:34.5220243Z ^[[90m ^[[2m❯^[[22m Object.addTrack packages/core/src/engine.ts:^[[2m80:43^[[22m^[[39m
integration (node 24)	Run npm run test:integration	2026-08-23T01:36:34.5220702Z ^[[90m ^[[2m❯^[[22m packages/core/test/integration/unified-mutation-surface.test.ts:^[[2m64:35^[[22m^[[39m
integration (node 24)	Run npm run test:integration	2026-08-23T01:36:34.5220713Z 
integration (node 24)	Run npm run test:integration	2026-08-23T01:36:34.5220938Z ^[[31m^[[2m⎯⎯⎯⎯⎯⎯⎯⎯⎯⎯⎯⎯⎯⎯⎯⎯⎯⎯⎯⎯[122/124]⎯^[[22m^[[39m
integration (node 24)	Run npm run test:integration	2026-08-23T01:36:34.5220946Z 
integration (node 24)	Run npm run test:integration	2026-08-23T01:36:34.5221954Z ^[[41m^[[1m FAIL ^[[22m^[[49m packages/core/test/integration/unified-mutation-surface.test.ts^[[2m > ^[[22munified runtime mutation surface (W5)^[[2m > ^[[22mreads dependants from the committed graph and rejects source removal
integration (node 24)	Run npm run test:integration	2026-08-23T01:36:34.5222733Z ^[[31m^[[1mTypeError^[[22m: property-stops-wrapper at addTrack(root).keyframes.x: The { stops: [...] } wrapper is retired; author the stops array directly as the value.^[[39m
integration (node 24)	Run npm run test:integration	2026-08-23T01:36:34.5223230Z ^[[36m ^[[2m❯^[[22m ProjectRuntime.#addTrack packages/core/src/runtime/project-runtime.ts:^[[2m281:13^[[22m^[[39m
integration (node 24)	Run npm run test:integration	2026-08-23T01:36:34.5223576Z     ^[[90m279|^[[39m     const validation = validateTrackDefinition(track, `addTrack(${trac…
integration (node 24)	Run npm run test:integration	2026-08-23T01:36:34.5224045Z     ^[[90m280|^[[39m     ^[[35mif^[[39m (^[[33m!^[[39mvalidation^[[33m.^[[39mvalid ^[[33m||^[[39m ^[[33m!^[[39mvalidation^[[33m.^[[39mvalue)
integration (node 24)	Run npm run test:integration	2026-08-23T01:36:34.5224617Z     ^[[90m281|^[[39m       ^[[35mthrow^[[39m ^[[35mnew^[[39m ^[[33mTypeError^[[39m(^[[34mdescribeDiagnostics^[[39m(validation^[[33m.^[[39mdiagnostics))^[[33m;^[[39m
integration (node 24)	Run npm run test:integration	2026-08-23T01:36:34.5224788Z     ^[[90m   |^[[39m             ^[[31m^^[[39m
integration (node 24)	Run npm run test:integration	2026-08-23T01:36:34.5225128Z     ^[[90m282|^[[39m     ^[[35mconst^[[39m accepted ^[[33m=^[[39m validation^[[33m.^[[39mvalue^[[33m;^[[39m
integration (node 24)	Run npm run test:integration	2026-08-23T01:36:34.5225536Z     ^[[90m283|^[[39m     ^[[35mconst^[[39m token ^[[33m=^[[39m ^[[35mthis^[[39m^[[33m.^[[39m#nextToken^[[33m++^[[39m^[[33m;^[[39m
integration (node 24)	Run npm run test:integration	2026-08-23T01:36:34.5226016Z ^[[90m ^[[2m❯^[[22m ProjectRuntime.addTrack packages/core/src/runtime/project-runtime.ts:^[[2m234:17^[[22m^[[39m
integration (node 24)	Run npm run test:integration	2026-08-23T01:36:34.5226558Z ^[[90m ^[[2m❯^[[22m Object.addTrack packages/core/src/engine.ts:^[[2m80:43^[[22m^[[39m
integration (node 24)	Run npm run test:integration	2026-08-23T01:36:34.5227128Z ^[[90m ^[[2m❯^[[22m packages/core/test/integration/unified-mutation-surface.test.ts:^[[2m79:25^[[22m^[[39m
integration (node 24)	Run npm run test:integration	2026-08-23T01:36:34.5227143Z 
integration (node 24)	Run npm run test:integration	2026-08-23T01:36:34.5227363Z ^[[31m^[[2m⎯⎯⎯⎯⎯⎯⎯⎯⎯⎯⎯⎯⎯⎯⎯⎯⎯⎯⎯⎯[123/124]⎯^[[22m^[[39m
integration (node 24)	Run npm run test:integration	2026-08-23T01:36:34.5227371Z 
integration (node 24)	Run npm run test:integration	2026-08-23T01:36:34.5228347Z ^[[41m^[[1m FAIL ^[[22m^[[49m packages/core/test/integration/unified-mutation-surface.test.ts^[[2m > ^[[22munified runtime mutation surface (W5)^[[2m > ^[[22mtreats observation changes as replacement of the observer track
integration (node 24)	Run npm run test:integration	2026-08-23T01:36:34.5229238Z ^[[31m^[[1mTypeError^[[22m: property-stops-wrapper at addTrack(root).keyframes.x: The { stops: [...] } wrapper is retired; author the stops array directly as the value.^[[39m
integration (node 24)	Run npm run test:integration	2026-08-23T01:36:34.5229730Z ^[[36m ^[[2m❯^[[22m ProjectRuntime.#addTrack packages/core/src/runtime/project-runtime.ts:^[[2m281:13^[[22m^[[39m
integration (node 24)	Run npm run test:integration	2026-08-23T01:36:34.5230076Z     ^[[90m279|^[[39m     const validation = validateTrackDefinition(track, `addTrack(${trac…
integration (node 24)	Run npm run test:integration	2026-08-23T01:36:34.5230546Z     ^[[90m280|^[[39m     ^[[35mif^[[39m (^[[33m!^[[39mvalidation^[[33m.^[[39mvalid ^[[33m||^[[39m ^[[33m!^[[39mvalidation^[[33m.^[[39mvalue)
integration (node 24)	Run npm run test:integration	2026-08-23T01:36:34.5231128Z     ^[[90m281|^[[39m       ^[[35mthrow^[[39m ^[[35mnew^[[39m ^[[33mTypeError^[[39m(^[[34mdescribeDiagnostics^[[39m(validation^[[33m.^[[39mdiagnostics))^[[33m;^[[39m
integration (node 24)	Run npm run test:integration	2026-08-23T01:36:34.5231294Z     ^[[90m   |^[[39m             ^[[31m^^[[39m
integration (node 24)	Run npm run test:integration	2026-08-23T01:36:34.5231637Z     ^[[90m282|^[[39m     ^[[35mconst^[[39m accepted ^[[33m=^[[39m validation^[[33m.^[[39mvalue^[[33m;^[[39m
integration (node 24)	Run npm run test:integration	2026-08-23T01:36:34.5232042Z     ^[[90m283|^[[39m     ^[[35mconst^[[39m token ^[[33m=^[[39m ^[[35mthis^[[39m^[[33m.^[[39m#nextToken^[[33m++^[[39m^[[33m;^[[39m
integration (node 24)	Run npm run test:integration	2026-08-23T01:36:34.5232529Z ^[[90m ^[[2m❯^[[22m ProjectRuntime.addTrack packages/core/src/runtime/project-runtime.ts:^[[2m234:17^[[22m^[[39m
integration (node 24)	Run npm run test:integration	2026-08-23T01:36:34.5232878Z ^[[90m ^[[2m❯^[[22m Object.addTrack packages/core/src/engine.ts:^[[2m80:43^[[22m^[[39m
integration (node 24)	Run npm run test:integration	2026-08-23T01:36:34.5233333Z ^[[90m ^[[2m❯^[[22m packages/core/test/integration/unified-mutation-surface.test.ts:^[[2m90:25^[[22m^[[39m
integration (node 24)	Run npm run test:integration	2026-08-23T01:36:34.5233342Z 
integration (node 24)	Run npm run test:integration	2026-08-23T01:36:34.5233577Z ^[[31m^[[2m⎯⎯⎯⎯⎯⎯⎯⎯⎯⎯⎯⎯⎯⎯⎯⎯⎯⎯⎯⎯[124/124]⎯^[[22m^[[39m
integration (node 24)	Run npm run test:integration	2026-08-23T01:36:34.5233584Z 
integration (node 24)	Run npm run test:integration	2026-08-23T01:36:34.5233608Z 
integration (node 24)	Run npm run test:integration	2026-08-23T01:36:34.5234140Z ^[[2m Test Files ^[[22m ^[[1m^[[31m33 failed^[[39m^[[22m^[[2m | ^[[22m^[[1m^[[32m24 passed^[[39m^[[22m^[[90m (57)^[[39m
integration (node 24)	Run npm run test:integration	2026-08-23T01:36:34.5234584Z ^[[2m      Tests ^[[22m ^[[1m^[[31m124 failed^[[39m^[[22m^[[2m | ^[[22m^[[1m^[[32m117 passed^[[39m^[[22m^[[90m (241)^[[39m
integration (node 24)	Run npm run test:integration	2026-08-23T01:36:34.5234773Z ^[[2m   Start at ^[[22m 01:36:29
integration (node 24)	Run npm run test:integration	2026-08-23T01:36:34.5235278Z ^[[2m   Duration ^[[22m 5.33s^[[2m (transform 1.51s, setup 362ms, import 4.28s, tests 1.07s, environment 7ms)^[[22m
integration (node 24)	Run npm run test:integration	2026-08-23T01:36:34.5235285Z 
integration (node 24)	Run npm run test:integration	2026-08-23T01:36:34.5235291Z 
integration (node 24)	Run npm run test:integration	2026-08-23T01:36:34.5256340Z ##[error]TypeError: property-stops-wrapper at addTrack(arm).keyframes.x: The { stops: [...] } wrapper is retired; author the stops array directly as the value.
integration (node 24)	Run npm run test:integration	 ❯ ProjectRuntime.#addTrack packages/core/src/runtime/project-runtime.ts:281:13
integration (node 24)	Run npm run test:integration	 ❯ ProjectRuntime.adopt packages/core/src/runtime/project-runtime.ts:247:25
integration (node 24)	Run npm run test:integration	 ❯ Object.adopt packages/core/src/engine.ts:86:47
integration (node 24)	Run npm run test:integration	 ❯ packages/core/test/integration/adopt-destroy-readopt.test.ts:40:28
integration (node 24)	Run npm run test:integration	
integration (node 24)	Run npm run test:integration	
integration (node 24)	Run npm run test:integration	2026-08-23T01:36:34.5264177Z 
integration (node 24)	Run npm run test:integration	2026-08-23T01:36:34.5267913Z ##[error]TypeError: property-stops-wrapper at addTrack(arm).keyframes.x: The { stops: [...] } wrapper is retired; author the stops array directly as the value.
integration (node 24)	Run npm run test:integration	 ❯ ProjectRuntime.#addTrack packages/core/src/runtime/project-runtime.ts:281:13
integration (node 24)	Run npm run test:integration	 ❯ ProjectRuntime.adopt packages/core/src/runtime/project-runtime.ts:247:25
integration (node 24)	Run npm run test:integration	 ❯ Object.adopt packages/core/src/engine.ts:86:47
integration (node 24)	Run npm run test:integration	 ❯ packages/core/test/integration/adopted-track-immutability.test.ts:33:28
integration (node 24)	Run npm run test:integration	
integration (node 24)	Run npm run test:integration	
integration (node 24)	Run npm run test:integration	2026-08-23T01:36:34.5268468Z 
integration (node 24)	Run npm run test:integration	2026-08-23T01:36:34.5271913Z ##[error]TypeError: property-stops-wrapper at addTrack(arm).keyframes.x: The { stops: [...] } wrapper is retired; author the stops array directly as the value.
integration (node 24)	Run npm run test:integration	 ❯ ProjectRuntime.#addTrack packages/core/src/runtime/project-runtime.ts:281:13
integration (node 24)	Run npm run test:integration	 ❯ ProjectRuntime.adopt packages/core/src/runtime/project-runtime.ts:247:25
integration (node 24)	Run npm run test:integration	 ❯ Object.adopt packages/core/src/engine.ts:86:47
integration (node 24)	Run npm run test:integration	 ❯ packages/core/test/integration/adopted-track-immutability.test.ts:56:28
integration (node 24)	Run npm run test:integration	
integration (node 24)	Run npm run test:integration	
integration (node 24)	Run npm run test:integration	2026-08-23T01:36:34.5272671Z 
integration (node 24)	Run npm run test:integration	2026-08-23T01:36:34.5275646Z ##[error]AssertionError: expected [Function] to not throw an error but 'TypeError: property-stops-wrapper at …' was thrown
integration (node 24)	Run npm run test:integration	
integration (node 24)	Run npm run test:integration	- Expected:
integration (node 24)	Run npm run test:integration	undefined
integration (node 24)	Run npm run test:integration	
integration (node 24)	Run npm run test:integration	+ Received:
integration (node 24)	Run npm run test:integration	"TypeError: property-stops-wrapper at addTrack(broken).keyframes.x: The { stops: [...] } wrapper is retired; author the stops array directly as the value."
integration (node 24)	Run npm run test:integration	
integration (node 24)	Run npm run test:integration	 ❯ packages/core/test/integration/adopted-track-immutability.test.ts:79:91
integration (node 24)	Run npm run test:integration	
integration (node 24)	Run npm run test:integration	
integration (node 24)	Run npm run test:integration	2026-08-23T01:36:34.5276068Z 
integration (node 24)	Run npm run test:integration	2026-08-23T01:36:34.5279485Z ##[error]TypeError: property-stops-wrapper at addTrack(arm).keyframes.x: The { stops: [...] } wrapper is retired; author the stops array directly as the value.
integration (node 24)	Run npm run test:integration	 ❯ ProjectRuntime.#addTrack packages/core/src/runtime/project-runtime.ts:281:13
integration (node 24)	Run npm run test:integration	 ❯ ProjectRuntime.adopt packages/core/src/runtime/project-runtime.ts:247:25
integration (node 24)	Run npm run test:integration	 ❯ Object.adopt packages/core/src/engine.ts:86:47
integration (node 24)	Run npm run test:integration	 ❯ packages/core/test/integration/adopted-track-immutability.test.ts:89:26
integration (node 24)	Run npm run test:integration	
integration (node 24)	Run npm run test:integration	
integration (node 24)	Run npm run test:integration	2026-08-23T01:36:34.5279933Z 
integration (node 24)	Run npm run test:integration	2026-08-23T01:36:34.5282707Z ##[error]AssertionError: expected [Function] to throw error matching /stop-position/ but got 'property-stops-wrapper at addTrack(ba…'
integration (node 24)	Run npm run test:integration	
integration (node 24)	Run npm run test:integration	- Expected:
integration (node 24)	Run npm run test:integration	/stop-position/
integration (node 24)	Run npm run test:integration	
integration (node 24)	Run npm run test:integration	+ Received:
integration (node 24)	Run npm run test:integration	"property-stops-wrapper at addTrack(bad).keyframes.x: The { stops: [...] } wrapper is retired; author the stops array directly as the value."
integration (node 24)	Run npm run test:integration	
integration (node 24)	Run npm run test:integration	 ❯ packages/core/test/integration/adoption.test.ts:79:7
integration (node 24)	Run npm run test:integration	
integration (node 24)	Run npm run test:integration	
integration (node 24)	Run npm run test:integration	2026-08-23T01:36:34.5283141Z 
integration (node 24)	Run npm run test:integration	2026-08-23T01:36:34.5285812Z ##[error]AssertionError: expected [Function] to throw error matching /stop-position/ but got 'property-stops-wrapper at addTrack(ba…'
integration (node 24)	Run npm run test:integration	
integration (node 24)	Run npm run test:integration	- Expected:
integration (node 24)	Run npm run test:integration	/stop-position/
integration (node 24)	Run npm run test:integration	
integration (node 24)	Run npm run test:integration	+ Received:
integration (node 24)	Run npm run test:integration	"property-stops-wrapper at addTrack(bad).keyframes.x: The { stops: [...] } wrapper is retired; author the stops array directly as the value."
integration (node 24)	Run npm run test:integration	
integration (node 24)	Run npm run test:integration	 ❯ packages/core/test/integration/adoption.test.ts:100:7
integration (node 24)	Run npm run test:integration	
integration (node 24)	Run npm run test:integration	
integration (node 24)	Run npm run test:integration	2026-08-23T01:36:34.5286246Z 
integration (node 24)	Run npm run test:integration	2026-08-23T01:36:34.5289937Z ##[error]AssertionError: expected [Function] to throw error matching /stop-position/ but got 'property-stops-wrapper at addTrack(ba…'
integration (node 24)	Run npm run test:integration	
integration (node 24)	Run npm run test:integration	- Expected:
integration (node 24)	Run npm run test:integration	/stop-position/
integration (node 24)	Run npm run test:integration	
integration (node 24)	Run npm run test:integration	+ Received:
integration (node 24)	Run npm run test:integration	"property-stops-wrapper at addTrack(bad).keyframes.x: The { stops: [...] } wrapper is retired; author the stops array directly as the value."
integration (node 24)	Run npm run test:integration	
integration (node 24)	Run npm run test:integration	 ❯ packages/core/test/integration/adoption.test.ts:121:7
integration (node 24)	Run npm run test:integration	
integration (node 24)	Run npm run test:integration	
integration (node 24)	Run npm run test:integration	2026-08-23T01:36:34.5290489Z 
integration (node 24)	Run npm run test:integration	2026-08-23T01:36:34.5292916Z ##[error]AssertionError: expected [ 'keyframes-missing-values-section' ] to deeply equal [ 'stops-shape' ]
integration (node 24)	Run npm run test:integration	
integration (node 24)	Run npm run test:integration	- Expected
integration (node 24)	Run npm run test:integration	+ Received
integration (node 24)	Run npm run test:integration	
integration (node 24)	Run npm run test:integration	  [
integration (node 24)	Run npm run test:integration	-   "stops-shape",
integration (node 24)	Run npm run test:integration	+   "keyframes-missing-values-section",
integration (node 24)	Run npm run test:integration	  ]
integration (node 24)	Run npm run test:integration	
integration (node 24)	Run npm run test:integration	 ❯ packages/core/test/integration/bare-authored-leaf.test.ts:260:41
integration (node 24)	Run npm run test:integration	
integration (node 24)	Run npm run test:integration	
integration (node 24)	Run npm run test:integration	2026-08-23T01:36:34.5293404Z 
integration (node 24)	Run npm run test:integration	2026-08-23T01:36:34.5320138Z ##[error]AssertionError: expected [ …(58) ] to deeply equal []
integration (node 24)	Run npm run test:integration	
integration (node 24)	Run npm run test:integration	- Expected
integration (node 24)	Run npm run test:integration	+ Received
integration (node 24)	Run npm run test:integration	
integration (node 24)	Run npm run test:integration	- []
integration (node 24)	Run npm run test:integration	+ [
integration (node 24)	Run npm run test:integration	+   "packages/core/src/contract/authored-leaf.ts",
integration (node 24)	Run npm run test:integration	+   "packages/core/src/contract/v5.ts",
integration (node 24)	Run npm run test:integration	+   "packages/core/src/contract/validate-v5.ts",
integration (node 24)	Run npm run test:integration	+   "packages/core/test/contract/adapters.test.ts",
integration (node 24)	Run npm run test:integration	+   "packages/core/test/contract/graph-builder-incremental.test.ts",
integration (node 24)	Run npm run test:integration	+   "packages/core/test/contract/gsap-absolute-stops.test.ts",
integration (node 24)	Run npm run test:integration	+   "packages/core/test/contract/gsap-authored-duration.test.ts",
integration (node 24)	Run npm run test:integration	+   "packages/core/test/contract/gsap-equivalence.test.ts",
integration (node 24)	Run npm run test:integration	+   "packages/core/test/contract/gsap-multi-stop.test.ts",
integration (node 24)	Run npm run test:integration	+   "packages/core/test/contract/gsap-one-tween.test.ts",
integration (node 24)	Run npm run test:integration	+   "packages/core/test/contract/gsap-paused-timeline.test.ts",
integration (node 24)	Run npm run test:integration	+   "packages/core/test/contract/gsap-sparse-percent-map.test.ts",
integration (node 24)	Run npm run test:integration	+   "packages/core/test/contract/ports.test.ts",
integration (node 24)	Run npm run test:integration	+   "packages/core/test/contract/s4-validation-owner.test.ts",
integration (node 24)	Run npm run test:integration	+   "packages/core/test/contract/v5-validator.test.ts",
integration (node 24)	Run npm run test:integration	+   "packages/core/test/contract/validation-owner.test.ts",
integration (node 24)	Run npm run test:integration	+   "packages/core/test/integration/adopt-destroy-readopt.test.ts",
integration (node 24)	Run npm run test:integration	+   "packages/core/test/integration/adopted-track-immutability.test.ts",
integration (node 24)	Run npm run test:integration	+   "packages/core/test/integration/adoption.test.ts",
integration (node 24)	Run npm run test:integration	+   "packages/core/test/integration/end-to-end.test.ts",
integration (node 24)	Run npm run test:integration	+   "packages/core/test/integration/engine-headless.test.ts",
integration (node 24)	Run npm run test:integration	+   "packages/core/test/integration/engine-load-validation.test.ts",
integration (node 24)	Run npm run test:integration	+   "packages/core/test/integration/engine-x3-contribution.test.ts",
integration (node 24)	Run npm run test:integration	+   "packages/core/test/integration/handle-adoption.test.ts",
integration (node 24)	Run npm run test:integration	+   "packages/core/test/integration/internal-key-strip.test.ts",
integration (node 24)	Run npm run test:integration	+   "packages/core/test/integration/issue-114-motion-track-regressions.test.ts",
integration (node 24)	Run npm run test:integration	+   "packages/core/test/integration/keyframe-groups.test.ts",
integration (node 24)	Run npm run test:integration	+   "packages/core/test/integration/motion-trigger-types.test.ts",
integration (node 24)	Run npm run test:integration	+   "packages/core/test/integration/mutation-transactionality.test.ts",
integration (node 24)	Run npm run test:integration	+   "packages/core/test/integration/observation-identity.test.ts",
integration (node 24)	Run npm run test:integration	+   "packages/core/test/integration/option-c-track-resolution.test.ts",
integration (node 24)	Run npm run test:integration	+   "packages/core/test/integration/per-plugin-key-ownership.test.ts",
integration (node 24)	Run npm run test:integration	+   "packages/core/test/integration/phase0-red-baseline.test.ts",
integration (node 24)	Run npm run test:integration	+   "packages/core/test/integration/phase2-motion-scheduling.test.ts",
integration (node 24)	Run npm run test:integration	+   "packages/core/test/integration/phase3-trigger-port.test.ts",
integration (node 24)	Run npm run test:integration	+   "packages/core/test/integration/phase4-dynamic-lifecycle.test.ts",
integration (node 24)	Run npm run test:integration	+   "packages/core/test/integration/phase7-walker-demo.test.ts",
integration (node 24)	Run npm run test:integration	+   "packages/core/test/integration/plugin-group-values-section.test.ts",
integration (node 24)	Run npm run test:integration	+   "packages/core/test/integration/plugin-owned-requirements.test.ts",
integration (node 24)	Run npm run test:integration	+   "packages/core/test/integration/replace-motion-track.test.ts",
integration (node 24)	Run npm run test:integration	+   "packages/core/test/integration/replace-track-transactionality.test.ts",
integration (node 24)	Run npm run test:integration	+   "packages/core/test/integration/runtime-motion-lifecycle.test.ts",
integration (node 24)	Run npm run test:integration	+   "packages/core/test/integration/single-input-channel.test.ts",
integration (node 24)	Run npm run test:integration	+   "packages/core/test/integration/t4-runtime-motion-parity.test.ts",
integration (node 24)	Run npm run test:integration	+   "packages/core/test/integration/trigger-scroll.test.ts",
integration (node 24)	Run npm run test:integration	+   "packages/core/test/integration/trigger-time-loop.test.ts",
integration (node 24)	Run npm run test:integration	+   "packages/core/test/integration/trigger-time.test.ts",
integration (node 24)	Run npm run test:integration	+   "packages/core/test/integration/unified-mutation-surface.test.ts",
integration (node 24)	Run npm run test:integration	+   "packages/core/test/unit/domain/plugin-contribution-completeness.test.ts",
integration (node 24)	Run npm run test:integration	+   "packages/core/test/unit/domain/plugin-contribution-contract.test.ts",
integration (node 24)	Run npm run test:integration	+   "packages/core/test/unit/domain/plugin-requirements.test.ts",
integration (node 24)	Run npm run test:integration	+   "packages/core/test/unit/domain/plugins.test.ts",
integration (node 24)	Run npm run test:integration	+   "packages/core/test/unit/domain/s7-plugin-evidence.test.ts",
integration (node 24)	Run npm run test:integration	+   "packages/core/test/unit/graph/incremental-cache.test.ts",
integration (node 24)	Run npm run test:integration	+   "packages/core/test/unit/graph/requirement-edge-construction.test.ts",
integration (node 24)	Run npm run test:integration	+   "packages/core/test/unit/graph/single-input-channel.test.ts",
integration (node 24)	Run npm run test:integration	+   "packages/core/test/unit/runtime/composition-output-shape.test.ts",
integration (node 24)	Run npm run test:integration	+   "packages/react/test/public-hook-render.test.ts",
integration (node 24)	Run npm run test:integration	+ ]
integration (node 24)	Run npm run test:integration	
integration (node 24)	Run npm run test:integration	 ❯ packages/core/test/integration/bare-authored-leaf.test.ts:344:30
integration (node 24)	Run npm run test:integration	
integration (node 24)	Run npm run test:integration	
integration (node 24)	Run npm run test:integration	2026-08-23T01:36:34.5321122Z 
integration (node 24)	Run npm run test:integration	2026-08-23T01:36:34.5323638Z ##[error]TypeError: property-stops-wrapper at motions[0].tracks[0].keyframes.opacity: The { stops: [...] } wrapper is retired; author the stops array directly as the value.
integration (node 24)	Run npm run test:integration	 ❯ assertValidProject packages/core/src/engine.ts:101:11
integration (node 24)	Run npm run test:integration	 ❯ Engine.load packages/core/src/engine.ts:170:29
integration (node 24)	Run npm run test:integration	 ❯ packages/core/test/integration/end-to-end.test.ts:45:8
integration (node 24)	Run npm run test:integration	
integration (node 24)	Run npm run test:integration	
integration (node 24)	Run npm run test:integration	2026-08-23T01:36:34.5324095Z 
integration (node 24)	Run npm run test:integration	2026-08-23T01:36:34.5326514Z ##[error]TypeError: property-stops-wrapper at motions[0].tracks[0].keyframes.opacity: The { stops: [...] } wrapper is retired; author the stops array directly as the value.
integration (node 24)	Run npm run test:integration	 ❯ assertValidProject packages/core/src/engine.ts:101:11
integration (node 24)	Run npm run test:integration	 ❯ Engine.load packages/core/src/engine.ts:170:29
integration (node 24)	Run npm run test:integration	 ❯ packages/core/test/integration/engine-headless.test.ts:38:8
integration (node 24)	Run npm run test:integration	
integration (node 24)	Run npm run test:integration	
integration (node 24)	Run npm run test:integration	2026-08-23T01:36:34.5326975Z 
integration (node 24)	Run npm run test:integration	2026-08-23T01:36:34.5329542Z ##[error]TypeError: property-stops-wrapper at motions[0].tracks[0].keyframes.opacity: The { stops: [...] } wrapper is retired; author the stops array directly as the value.
integration (node 24)	Run npm run test:integration	 ❯ assertValidProject packages/core/src/engine.ts:101:11
integration (node 24)	Run npm run test:integration	 ❯ Engine.load packages/core/src/engine.ts:170:29
integration (node 24)	Run npm run test:integration	 ❯ packages/core/test/integration/engine-headless.test.ts:60:8
integration (node 24)	Run npm run test:integration	
integration (node 24)	Run npm run test:integration	
integration (node 24)	Run npm run test:integration	2026-08-23T01:36:34.5329998Z 
integration (node 24)	Run npm run test:integration	2026-08-23T01:36:34.5332528Z ##[error]TypeError: property-stops-wrapper at motions[0].tracks[0].keyframes.opacity: The { stops: [...] } wrapper is retired; author the stops array directly as the value.
integration (node 24)	Run npm run test:integration	 ❯ assertValidProject packages/core/src/engine.ts:101:11
integration (node 24)	Run npm run test:integration	 ❯ Engine.load packages/core/src/engine.ts:170:29
integration (node 24)	Run npm run test:integration	 ❯ packages/core/test/integration/engine-headless.test.ts:79:8
integration (node 24)	Run npm run test:integration	
integration (node 24)	Run npm run test:integration	
integration (node 24)	Run npm run test:integration	2026-08-23T01:36:34.5333296Z 
integration (node 24)	Run npm run test:integration	2026-08-23T01:36:34.5335751Z ##[error]TypeError: property-stops-wrapper at motions[0].tracks[0].keyframes.opacity: The { stops: [...] } wrapper is retired; author the stops array directly as the value.
integration (node 24)	Run npm run test:integration	 ❯ assertValidProject packages/core/src/engine.ts:101:11
integration (node 24)	Run npm run test:integration	 ❯ Engine.load packages/core/src/engine.ts:170:29
integration (node 24)	Run npm run test:integration	 ❯ packages/core/test/integration/engine-headless.test.ts:94:8
integration (node 24)	Run npm run test:integration	
integration (node 24)	Run npm run test:integration	
integration (node 24)	Run npm run test:integration	2026-08-23T01:36:34.5336212Z 
integration (node 24)	Run npm run test:integration	2026-08-23T01:36:34.5339250Z ##[error]AssertionError: expected [Function] to throw error matching /stop-position/ but got 'property-stops-wrapper at motions[0].…'
integration (node 24)	Run npm run test:integration	
integration (node 24)	Run npm run test:integration	- Expected:
integration (node 24)	Run npm run test:integration	/stop-position/
integration (node 24)	Run npm run test:integration	
integration (node 24)	Run npm run test:integration	+ Received:
integration (node 24)	Run npm run test:integration	"property-stops-wrapper at motions[0].tracks[0].keyframes.opacity: The { stops: [...] } wrapper is retired; author the stops array directly as the value."
integration (node 24)	Run npm run test:integration	
integration (node 24)	Run npm run test:integration	 ❯ packages/core/test/integration/engine-load-validation.test.ts:31:49
integration (node 24)	Run npm run test:integration	
integration (node 24)	Run npm run test:integration	
integration (node 24)	Run npm run test:integration	2026-08-23T01:36:34.5339737Z 
integration (node 24)	Run npm run test:integration	2026-08-23T01:36:34.5343421Z ##[error]AssertionError: expected [Function] to throw error matching /stop-position-order/ but got 'property-stops-wrapper at motions[0].…'
integration (node 24)	Run npm run test:integration	
integration (node 24)	Run npm run test:integration	- Expected:
integration (node 24)	Run npm run test:integration	/stop-position-order/
integration (node 24)	Run npm run test:integration	
integration (node 24)	Run npm run test:integration	+ Received:
integration (node 24)	Run npm run test:integration	"property-stops-wrapper at motions[0].tracks[0].keyframes.opacity: The { stops: [...] } wrapper is retired; author the stops array directly as the value."
integration (node 24)	Run npm run test:integration	
integration (node 24)	Run npm run test:integration	 ❯ packages/core/test/integration/engine-load-validation.test.ts:48:49
integration (node 24)	Run npm run test:integration	
integration (node 24)	Run npm run test:integration	
integration (node 24)	Run npm run test:integration	2026-08-23T01:36:34.5344024Z 
integration (node 24)	Run npm run test:integration	2026-08-23T01:36:34.5347020Z ##[error]AssertionError: expected [Function] to throw error matching /plugin-unknown-key/ but got 'property-stops-wrapper at motions[0].…'
integration (node 24)	Run npm run test:integration	
integration (node 24)	Run npm run test:integration	- Expected:
integration (node 24)	Run npm run test:integration	/plugin-unknown-key/
integration (node 24)	Run npm run test:integration	
integration (node 24)	Run npm run test:integration	+ Received:
integration (node 24)	Run npm run test:integration	"property-stops-wrapper at motions[0].tracks[0].keyframes.unknown: The { stops: [...] } wrapper is retired; author the stops array directly as the value."
integration (node 24)	Run npm run test:integration	
integration (node 24)	Run npm run test:integration	 ❯ packages/core/test/integration/engine-load-validation.test.ts:65:7
integration (node 24)	Run npm run test:integration	
integration (node 24)	Run npm run test:integration	
integration (node 24)	Run npm run test:integration	2026-08-23T01:36:34.5347506Z 
integration (node 24)	Run npm run test:integration	2026-08-23T01:36:34.5350439Z ##[error]TypeError: property-stops-wrapper at motions[0].tracks[0].keyframes.opacity: The { stops: [...] } wrapper is retired; author the stops array directly as the value.
integration (node 24)	Run npm run test:integration	 ❯ assertValidProject packages/core/src/engine.ts:101:11
integration (node 24)	Run npm run test:integration	 ❯ Engine.load packages/core/src/engine.ts:170:29
integration (node 24)	Run npm run test:integration	 ❯ packages/core/test/integration/engine-load-validation.test.ts:74:28
integration (node 24)	Run npm run test:integration	
integration (node 24)	Run npm run test:integration	
integration (node 24)	Run npm run test:integration	2026-08-23T01:36:34.5350956Z 
integration (node 24)	Run npm run test:integration	2026-08-23T01:36:34.5353626Z ##[error]TypeError: property-stops-wrapper at motions[0].tracks[0].keyframes.x: The { stops: [...] } wrapper is retired; author the stops array directly as the value.
integration (node 24)	Run npm run test:integration	 ❯ assertValidProject packages/core/src/engine.ts:101:11
integration (node 24)	Run npm run test:integration	 ❯ Engine.load packages/core/src/engine.ts:170:29
integration (node 24)	Run npm run test:integration	 ❯ packages/core/test/integration/engine-x3-contribution.test.ts:38:83
integration (node 24)	Run npm run test:integration	
integration (node 24)	Run npm run test:integration	
integration (node 24)	Run npm run test:integration	2026-08-23T01:36:34.5354085Z 
integration (node 24)	Run npm run test:integration	2026-08-23T01:36:34.5356526Z ##[error]TypeError: property-stops-wrapper at motions[0].tracks[0].keyframes.x: The { stops: [...] } wrapper is retired; author the stops array directly as the value.
integration (node 24)	Run npm run test:integration	 ❯ assertValidProject packages/core/src/engine.ts:101:11
integration (node 24)	Run npm run test:integration	 ❯ Engine.load packages/core/src/engine.ts:170:29
integration (node 24)	Run npm run test:integration	 ❯ packages/core/test/integration/engine-x3-contribution.test.ts:75:83
integration (node 24)	Run npm run test:integration	
integration (node 24)	Run npm run test:integration	
integration (node 24)	Run npm run test:integration	2026-08-23T01:36:34.5356995Z 
integration (node 24)	Run npm run test:integration	2026-08-23T01:36:34.5360500Z ##[error]AssertionError: expected [Function] to throw error matching /plugin-contribution-stop-order/ but got 'property-stops-wrapper at motions[0].…'
integration (node 24)	Run npm run test:integration	
integration (node 24)	Run npm run test:integration	- Expected:
integration (node 24)	Run npm run test:integration	/plugin-contribution-stop-order/
integration (node 24)	Run npm run test:integration	
integration (node 24)	Run npm run test:integration	+ Received:
integration (node 24)	Run npm run test:integration	"property-stops-wrapper at motions[0].tracks[0].keyframes.x: The { stops: [...] } wrapper is retired; author the stops array directly as the value."
integration (node 24)	Run npm run test:integration	
integration (node 24)	Run npm run test:integration	 ❯ packages/core/test/integration/engine-x3-contribution.test.ts:108:7
integration (node 24)	Run npm run test:integration	
integration (node 24)	Run npm run test:integration	
integration (node 24)	Run npm run test:integration	2026-08-23T01:36:34.5361081Z 
integration (node 24)	Run npm run test:integration	2026-08-23T01:36:34.5365215Z ##[error]AssertionError: expected [Function] to throw error matching /plugin-contribution-ease-collision/ but got 'property-stops-wrapper at motions[0].…'
integration (node 24)	Run npm run test:integration	
integration (node 24)	Run npm run test:integration	- Expected:
integration (node 24)	Run npm run test:integration	/plugin-contribution-ease-collision/
integration (node 24)	Run npm run test:integration	
integration (node 24)	Run npm run test:integration	+ Received:
integration (node 24)	Run npm run test:integration	"property-stops-wrapper at motions[0].tracks[0].keyframes.x: The { stops: [...] } wrapper is retired; author the stops array directly as the value. property-stops-wrapper at motions[0].tracks[0].keyframes.y: The { stops: [...] } wrapper is retired; author the stops array directly as the value."
integration (node 24)	Run npm run test:integration	
integration (node 24)	Run npm run test:integration	 ❯ packages/core/test/integration/engine-x3-contribution.test.ts:133:7
integration (node 24)	Run npm run test:integration	
integration (node 24)	Run npm run test:integration	
integration (node 24)	Run npm run test:integration	2026-08-23T01:36:34.5366128Z 
integration (node 24)	Run npm run test:integration	2026-08-23T01:36:34.5369489Z ##[error]AssertionError: expected [Function] to throw error matching /plugin-contribution-ease-collision/ but got 'property-stops-wrapper at motions[0].…'
integration (node 24)	Run npm run test:integration	
integration (node 24)	Run npm run test:integration	- Expected:
integration (node 24)	Run npm run test:integration	/plugin-contribution-ease-collision/
integration (node 24)	Run npm run test:integration	
integration (node 24)	Run npm run test:integration	+ Received:
integration (node 24)	Run npm run test:integration	"property-stops-wrapper at motions[0].tracks[0].keyframes.x: The { stops: [...] } wrapper is retired; author the stops array directly as the value."
integration (node 24)	Run npm run test:integration	
integration (node 24)	Run npm run test:integration	 ❯ packages/core/test/integration/engine-x3-contribution.test.ts:170:7
integration (node 24)	Run npm run test:integration	
integration (node 24)	Run npm run test:integration	
integration (node 24)	Run npm run test:integration	2026-08-23T01:36:34.5369943Z 
integration (node 24)	Run npm run test:integration	2026-08-23T01:36:34.5372764Z ##[error]AssertionError: expected [Function] to throw error matching /stop-position/ but got 'property-stops-wrapper at addTrack(ba…'
integration (node 24)	Run npm run test:integration	
integration (node 24)	Run npm run test:integration	- Expected:
integration (node 24)	Run npm run test:integration	/stop-position/
integration (node 24)	Run npm run test:integration	
integration (node 24)	Run npm run test:integration	+ Received:
integration (node 24)	Run npm run test:integration	"property-stops-wrapper at addTrack(bad).keyframes.x: The { stops: [...] } wrapper is retired; author the stops array directly as the value."
integration (node 24)	Run npm run test:integration	
integration (node 24)	Run npm run test:integration	 ❯ packages/core/test/integration/handle-adoption.test.ts:57:44
integration (node 24)	Run npm run test:integration	
integration (node 24)	Run npm run test:integration	
integration (node 24)	Run npm run test:integration	2026-08-23T01:36:34.5373238Z 
integration (node 24)	Run npm run test:integration	2026-08-23T01:36:34.5376321Z ##[error]TypeError: property-stops-wrapper at addTrack(leg).keyframes.x: The { stops: [...] } wrapper is retired; author the stops array directly as the value.
integration (node 24)	Run npm run test:integration	 ❯ ProjectRuntime.#addTrack packages/core/src/runtime/project-runtime.ts:281:13
integration (node 24)	Run npm run test:integration	 ❯ ProjectRuntime.adopt packages/core/src/runtime/project-runtime.ts:247:25
integration (node 24)	Run npm run test:integration	 ❯ Object.adopt packages/core/src/engine.ts:86:47
integration (node 24)	Run npm run test:integration	 ❯ packages/core/test/integration/handle-adoption.test.ts:69:28
integration (node 24)	Run npm run test:integration	
integration (node 24)	Run npm run test:integration	
integration (node 24)	Run npm run test:integration	2026-08-23T01:36:34.5376774Z 
integration (node 24)	Run npm run test:integration	2026-08-23T01:36:34.5380044Z ##[error]TypeError: property-stops-wrapper at motions[0].tracks[0].keyframes.x: The { stops: [...] } wrapper is retired; author the stops array directly as the value.
integration (node 24)	Run npm run test:integration	 ❯ assertValidProject packages/core/src/engine.ts:101:11
integration (node 24)	Run npm run test:integration	 ❯ Engine.load packages/core/src/engine.ts:170:29
integration (node 24)	Run npm run test:integration	 ❯ load packages/core/test/integration/internal-key-strip.test.ts:22:6
integration (node 24)	Run npm run test:integration	 ❯ packages/core/test/integration/internal-key-strip.test.ts:42:20
integration (node 24)	Run npm run test:integration	
integration (node 24)	Run npm run test:integration	
integration (node 24)	Run npm run test:integration	2026-08-23T01:36:34.5380530Z 
integration (node 24)	Run npm run test:integration	2026-08-23T01:36:34.5383413Z ##[error]TypeError: property-stops-wrapper at motions[0].tracks[0].keyframes.x: The { stops: [...] } wrapper is retired; author the stops array directly as the value.
integration (node 24)	Run npm run test:integration	 ❯ assertValidProject packages/core/src/engine.ts:101:11
integration (node 24)	Run npm run test:integration	 ❯ Engine.load packages/core/src/engine.ts:170:29
integration (node 24)	Run npm run test:integration	 ❯ load packages/core/test/integration/internal-key-strip.test.ts:22:6
integration (node 24)	Run npm run test:integration	 ❯ packages/core/test/integration/internal-key-strip.test.ts:66:20
integration (node 24)	Run npm run test:integration	
integration (node 24)	Run npm run test:integration	
integration (node 24)	Run npm run test:integration	2026-08-23T01:36:34.5383855Z 
integration (node 24)	Run npm run test:integration	2026-08-23T01:36:34.5386730Z ##[error]TypeError: property-stops-wrapper at motions[0].tracks[0].keyframes.x: The { stops: [...] } wrapper is retired; author the stops array directly as the value.
integration (node 24)	Run npm run test:integration	 ❯ assertValidProject packages/core/src/engine.ts:101:11
integration (node 24)	Run npm run test:integration	 ❯ Engine.load packages/core/src/engine.ts:170:29
integration (node 24)	Run npm run test:integration	 ❯ load packages/core/test/integration/internal-key-strip.test.ts:22:6
integration (node 24)	Run npm run test:integration	 ❯ packages/core/test/integration/internal-key-strip.test.ts:84:20
integration (node 24)	Run npm run test:integration	
integration (node 24)	Run npm run test:integration	
integration (node 24)	Run npm run test:integration	2026-08-23T01:36:34.5387162Z 
integration (node 24)	Run npm run test:integration	2026-08-23T01:36:34.5390466Z ##[error]TypeError: property-stops-wrapper at motions[0].tracks[0].keyframes.x: The { stops: [...] } wrapper is retired; author the stops array directly as the value.
integration (node 24)	Run npm run test:integration	 ❯ assertValidProject packages/core/src/engine.ts:101:11
integration (node 24)	Run npm run test:integration	 ❯ Engine.load packages/core/src/engine.ts:170:29
integration (node 24)	Run npm run test:integration	 ❯ load packages/core/test/integration/issue-114-motion-track-regressions.test.ts:21:91
integration (node 24)	Run npm run test:integration	 ❯ packages/core/test/integration/issue-114-motion-track-regressions.test.ts:41:42
integration (node 24)	Run npm run test:integration	
integration (node 24)	Run npm run test:integration	
integration (node 24)	Run npm run test:integration	2026-08-23T01:36:34.5390957Z 
integration (node 24)	Run npm run test:integration	2026-08-23T01:36:34.5394082Z ##[error]TypeError: property-stops-wrapper at motions[0].tracks[0].keyframes.x: The { stops: [...] } wrapper is retired; author the stops array directly as the value.
integration (node 24)	Run npm run test:integration	 ❯ assertValidProject packages/core/src/engine.ts:101:11
integration (node 24)	Run npm run test:integration	 ❯ Engine.load packages/core/src/engine.ts:170:29
integration (node 24)	Run npm run test:integration	 ❯ load packages/core/test/integration/issue-114-motion-track-regressions.test.ts:21:91
integration (node 24)	Run npm run test:integration	 ❯ packages/core/test/integration/issue-114-motion-track-regressions.test.ts:56:42
integration (node 24)	Run npm run test:integration	
integration (node 24)	Run npm run test:integration	
integration (node 24)	Run npm run test:integration	2026-08-23T01:36:34.5394677Z 
integration (node 24)	Run npm run test:integration	2026-08-23T01:36:34.5400333Z ##[error]TypeError: property-stops-wrapper at motions[0].tracks[0].keyframes.x: The { stops: [...] } wrapper is retired; author the stops array directly as the value. property-stops-wrapper at motions[0].tracks[1].keyframes.x: The { stops: [...] } wrapper is retired; author the stops array directly as the value. property-stops-wrapper at motions[0].tracks[2].keyframes.x: The { stops: [...] } wrapper is retired; author the stops array directly as the value.
integration (node 24)	Run npm run test:integration	 ❯ assertValidProject packages/core/src/engine.ts:101:11
integration (node 24)	Run npm run test:integration	 ❯ Engine.load packages/core/src/engine.ts:170:29
integration (node 24)	Run npm run test:integration	 ❯ load packages/core/test/integration/issue-114-motion-track-regressions.test.ts:21:91
integration (node 24)	Run npm run test:integration	 ❯ packages/core/test/integration/issue-114-motion-track-regressions.test.ts:72:42
integration (node 24)	Run npm run test:integration	
integration (node 24)	Run npm run test:integration	
integration (node 24)	Run npm run test:integration	2026-08-23T01:36:34.5400867Z 
integration (node 24)	Run npm run test:integration	2026-08-23T01:36:34.5404977Z ##[error]TypeError: property-stops-wrapper at motions[0].tracks[0].keyframes.x: The { stops: [...] } wrapper is retired; author the stops array directly as the value. property-stops-wrapper at motions[0].tracks[1].keyframes.x: The { stops: [...] } wrapper is retired; author the stops array directly as the value.
integration (node 24)	Run npm run test:integration	 ❯ assertValidProject packages/core/src/engine.ts:101:11
integration (node 24)	Run npm run test:integration	 ❯ Engine.load packages/core/src/engine.ts:170:29
integration (node 24)	Run npm run test:integration	 ❯ load packages/core/test/integration/issue-114-motion-track-regressions.test.ts:21:91
integration (node 24)	Run npm run test:integration	 ❯ packages/core/test/integration/issue-114-motion-track-regressions.test.ts:86:35
integration (node 24)	Run npm run test:integration	
integration (node 24)	Run npm run test:integration	
integration (node 24)	Run npm run test:integration	2026-08-23T01:36:34.5405848Z 
integration (node 24)	Run npm run test:integration	2026-08-23T01:36:34.5410445Z ##[error]TypeError: property-stops-wrapper at motions[0].tracks[0].keyframes.x: The { stops: [...] } wrapper is retired; author the stops array directly as the value. property-stops-wrapper at motions[0].tracks[1].keyframes.x: The { stops: [...] } wrapper is retired; author the stops array directly as the value.
integration (node 24)	Run npm run test:integration	 ❯ assertValidProject packages/core/src/engine.ts:101:11
integration (node 24)	Run npm run test:integration	 ❯ Engine.load packages/core/src/engine.ts:170:29
integration (node 24)	Run npm run test:integration	 ❯ load packages/core/test/integration/issue-114-motion-track-regressions.test.ts:21:91
integration (node 24)	Run npm run test:integration	 ❯ packages/core/test/integration/issue-114-motion-track-regressions.test.ts:103:35
integration (node 24)	Run npm run test:integration	
integration (node 24)	Run npm run test:integration	
integration (node 24)	Run npm run test:integration	2026-08-23T01:36:34.5410961Z 
integration (node 24)	Run npm run test:integration	2026-08-23T01:36:34.5415032Z ##[error]TypeError: property-stops-wrapper at motions[0].tracks[0].keyframes.fk.values.boneLength: The { stops: [...] } wrapper is retired; author the stops array directly as the value. property-stops-wrapper at motions[0].tracks[0].keyframes.fk.values.boneRotation: The { stops: [...] } wrapper is retired; author the stops array directly as the value.
integration (node 24)	Run npm run test:integration	 ❯ assertValidProject packages/core/src/engine.ts:101:11
integration (node 24)	Run npm run test:integration	 ❯ Engine.load packages/core/src/engine.ts:170:29
integration (node 24)	Run npm run test:integration	 ❯ load packages/core/test/integration/keyframe-groups.test.ts:50:6
integration (node 24)	Run npm run test:integration	 ❯ packages/core/test/integration/keyframe-groups.test.ts:56:20
integration (node 24)	Run npm run test:integration	
integration (node 24)	Run npm run test:integration	
integration (node 24)	Run npm run test:integration	2026-08-23T01:36:34.5415479Z 
integration (node 24)	Run npm run test:integration	2026-08-23T01:36:34.5418457Z ##[error]TypeError: property-stops-wrapper at motions[0].tracks[0].keyframes.fk.values.boneLength: The { stops: [...] } wrapper is retired; author the stops array directly as the value.
integration (node 24)	Run npm run test:integration	 ❯ assertValidProject packages/core/src/engine.ts:101:11
integration (node 24)	Run npm run test:integration	 ❯ Engine.load packages/core/src/engine.ts:170:29
integration (node 24)	Run npm run test:integration	 ❯ load packages/core/test/integration/keyframe-groups.test.ts:50:6
integration (node 24)	Run npm run test:integration	 ❯ packages/core/test/integration/keyframe-groups.test.ts:70:20
integration (node 24)	Run npm run test:integration	
integration (node 24)	Run npm run test:integration	
integration (node 24)	Run npm run test:integration	2026-08-23T01:36:34.5419034Z 
integration (node 24)	Run npm run test:integration	2026-08-23T01:36:34.5421967Z ##[error]TypeError: property-stops-wrapper at motions[0].tracks[0].keyframes.boneLength: The { stops: [...] } wrapper is retired; author the stops array directly as the value.
integration (node 24)	Run npm run test:integration	 ❯ assertValidProject packages/core/src/engine.ts:101:11
integration (node 24)	Run npm run test:integration	 ❯ Engine.load packages/core/src/engine.ts:170:29
integration (node 24)	Run npm run test:integration	 ❯ load packages/core/test/integration/keyframe-groups.test.ts:50:6
integration (node 24)	Run npm run test:integration	 ❯ packages/core/test/integration/keyframe-groups.test.ts:81:18
integration (node 24)	Run npm run test:integration	
integration (node 24)	Run npm run test:integration	
integration (node 24)	Run npm run test:integration	2026-08-23T01:36:34.5422403Z 
integration (node 24)	Run npm run test:integration	2026-08-23T01:36:34.5425342Z ##[error]TypeError: property-stops-wrapper at motions[0].tracks[0].keyframes.x: The { stops: [...] } wrapper is retired; author the stops array directly as the value.
integration (node 24)	Run npm run test:integration	 ❯ assertValidProject packages/core/src/engine.ts:101:11
integration (node 24)	Run npm run test:integration	 ❯ Engine.load packages/core/src/engine.ts:170:29
integration (node 24)	Run npm run test:integration	 ❯ loadOne packages/core/test/integration/motion-trigger-types.test.ts:64:6
integration (node 24)	Run npm run test:integration	 ❯ packages/core/test/integration/motion-trigger-types.test.ts:104:44
integration (node 24)	Run npm run test:integration	
integration (node 24)	Run npm run test:integration	
integration (node 24)	Run npm run test:integration	2026-08-23T01:36:34.5426144Z 
integration (node 24)	Run npm run test:integration	2026-08-23T01:36:34.5429179Z ##[error]TypeError: property-stops-wrapper at motions[0].tracks[0].keyframes.x: The { stops: [...] } wrapper is retired; author the stops array directly as the value.
integration (node 24)	Run npm run test:integration	 ❯ assertValidProject packages/core/src/engine.ts:101:11
integration (node 24)	Run npm run test:integration	 ❯ Engine.load packages/core/src/engine.ts:170:29
integration (node 24)	Run npm run test:integration	 ❯ loadOne packages/core/test/integration/motion-trigger-types.test.ts:64:6
integration (node 24)	Run npm run test:integration	 ❯ packages/core/test/integration/motion-trigger-types.test.ts:123:42
integration (node 24)	Run npm run test:integration	
integration (node 24)	Run npm run test:integration	
integration (node 24)	Run npm run test:integration	2026-08-23T01:36:34.5429613Z 
integration (node 24)	Run npm run test:integration	2026-08-23T01:36:34.5434908Z ##[error]TypeError: property-stops-wrapper at addTrack(root).keyframes.transform.values.x: The { stops: [...] } wrapper is retired; author the stops array directly as the value. property-stops-wrapper at addTrack(root).keyframes.transform.values.y: The { stops: [...] } wrapper is retired; author the stops array directly as the value. property-stops-wrapper at addTrack(root).keyframes.transform.values.rotation: The { stops: [...] } wrapper is retired; author the stops array directly as the value.
integration (node 24)	Run npm run test:integration	 ❯ ProjectRuntime.#addTrack packages/core/src/runtime/project-runtime.ts:281:13
integration (node 24)	Run npm run test:integration	 ❯ ProjectRuntime.adopt packages/core/src/runtime/project-runtime.ts:247:25
integration (node 24)	Run npm run test:integration	 ❯ Object.adopt packages/core/src/engine.ts:86:47
integration (node 24)	Run npm run test:integration	 ❯ packages/core/test/integration/mutation-transactionality.test.ts:79:25
integration (node 24)	Run npm run test:integration	
integration (node 24)	Run npm run test:integration	
integration (node 24)	Run npm run test:integration	2026-08-23T01:36:34.5435370Z 
integration (node 24)	Run npm run test:integration	2026-08-23T01:36:34.5438452Z ##[error]AssertionError: expected [Function] to throw error matching /observation-unknown-source/ but got 'property-stops-wrapper at addTrack(ch…'
integration (node 24)	Run npm run test:integration	
integration (node 24)	Run npm run test:integration	- Expected:
integration (node 24)	Run npm run test:integration	/observation-unknown-source/
integration (node 24)	Run npm run test:integration	
integration (node 24)	Run npm run test:integration	+ Received:
integration (node 24)	Run npm run test:integration	"property-stops-wrapper at addTrack(child).keyframes.x: The { stops: [...] } wrapper is retired; author the stops array directly as the value."
integration (node 24)	Run npm run test:integration	
integration (node 24)	Run npm run test:integration	 ❯ packages/core/test/integration/mutation-transactionality.test.ts:118:48
integration (node 24)	Run npm run test:integration	
integration (node 24)	Run npm run test:integration	
integration (node 24)	Run npm run test:integration	2026-08-23T01:36:34.5438893Z 
integration (node 24)	Run npm run test:integration	2026-08-23T01:36:34.5442530Z ##[error]AssertionError: expected [Function] to throw error matching /observation-self-reference/ but got 'property-stops-wrapper at addTrack(se…'
integration (node 24)	Run npm run test:integration	
integration (node 24)	Run npm run test:integration	- Expected:
integration (node 24)	Run npm run test:integration	/observation-self-reference/
integration (node 24)	Run npm run test:integration	
integration (node 24)	Run npm run test:integration	+ Received:
integration (node 24)	Run npm run test:integration	"property-stops-wrapper at addTrack(self).keyframes.x: The { stops: [...] } wrapper is retired; author the stops array directly as the value."
integration (node 24)	Run npm run test:integration	
integration (node 24)	Run npm run test:integration	 ❯ packages/core/test/integration/mutation-transactionality.test.ts:140:48
integration (node 24)	Run npm run test:integration	
integration (node 24)	Run npm run test:integration	
integration (node 24)	Run npm run test:integration	2026-08-23T01:36:34.5443039Z 
integration (node 24)	Run npm run test:integration	2026-08-23T01:36:34.5447348Z ##[error]TypeError: property-stops-wrapper at motions[0].tracks[0].keyframes.x: The { stops: [...] } wrapper is retired; author the stops array directly as the value. property-stops-wrapper at motions[0].tracks[1].keyframes.x: The { stops: [...] } wrapper is retired; author the stops array directly as the value.
integration (node 24)	Run npm run test:integration	 ❯ assertValidProject packages/core/src/engine.ts:101:11
integration (node 24)	Run npm run test:integration	 ❯ Engine.load packages/core/src/engine.ts:170:29
integration (node 24)	Run npm run test:integration	 ❯ makeHandle packages/core/test/integration/observation-identity.test.ts:49:6
integration (node 24)	Run npm run test:integration	 ❯ packages/core/test/integration/observation-identity.test.ts:66:20
integration (node 24)	Run npm run test:integration	
integration (node 24)	Run npm run test:integration	
integration (node 24)	Run npm run test:integration	2026-08-23T01:36:34.5447859Z 
integration (node 24)	Run npm run test:integration	2026-08-23T01:36:34.5452044Z ##[error]TypeError: property-stops-wrapper at motions[0].tracks[0].keyframes.x: The { stops: [...] } wrapper is retired; author the stops array directly as the value. property-stops-wrapper at motions[0].tracks[1].keyframes.x: The { stops: [...] } wrapper is retired; author the stops array directly as the value.
integration (node 24)	Run npm run test:integration	 ❯ assertValidProject packages/core/src/engine.ts:101:11
integration (node 24)	Run npm run test:integration	 ❯ Engine.load packages/core/src/engine.ts:170:29
integration (node 24)	Run npm run test:integration	 ❯ makeHandle packages/core/test/integration/observation-identity.test.ts:49:6
integration (node 24)	Run npm run test:integration	 ❯ packages/core/test/integration/observation-identity.test.ts:75:20
integration (node 24)	Run npm run test:integration	
integration (node 24)	Run npm run test:integration	
integration (node 24)	Run npm run test:integration	2026-08-23T01:36:34.5452503Z 
integration (node 24)	Run npm run test:integration	2026-08-23T01:36:34.5457158Z ##[error]TypeError: property-stops-wrapper at motions[0].tracks[0].keyframes.x: The { stops: [...] } wrapper is retired; author the stops array directly as the value. property-stops-wrapper at motions[0].tracks[1].keyframes.x: The { stops: [...] } wrapper is retired; author the stops array directly as the value. property-stops-wrapper at freeTracks[0].keyframes.x: The { stops: [...] } wrapper is retired; author the stops array directly as the value.
integration (node 24)	Run npm run test:integration	 ❯ assertValidProject packages/core/src/engine.ts:101:11
integration (node 24)	Run npm run test:integration	 ❯ Engine.load packages/core/src/engine.ts:170:29
integration (node 24)	Run npm run test:integration	 ❯ makeHandle packages/core/test/integration/observation-identity.test.ts:49:6
integration (node 24)	Run npm run test:integration	 ❯ packages/core/test/integration/observation-identity.test.ts:89:20
integration (node 24)	Run npm run test:integration	
integration (node 24)	Run npm run test:integration	
integration (node 24)	Run npm run test:integration	2026-08-23T01:36:34.5457928Z 
integration (node 24)	Run npm run test:integration	2026-08-23T01:36:34.5462060Z ##[error]TypeError: property-stops-wrapper at motions[0].tracks[0].keyframes.x: The { stops: [...] } wrapper is retired; author the stops array directly as the value. property-stops-wrapper at motions[0].tracks[1].keyframes.x: The { stops: [...] } wrapper is retired; author the stops array directly as the value.
integration (node 24)	Run npm run test:integration	 ❯ assertValidProject packages/core/src/engine.ts:101:11
integration (node 24)	Run npm run test:integration	 ❯ Engine.load packages/core/src/engine.ts:170:29
integration (node 24)	Run npm run test:integration	 ❯ makeHandle packages/core/test/integration/observation-identity.test.ts:49:6
integration (node 24)	Run npm run test:integration	 ❯ packages/core/test/integration/observation-identity.test.ts:95:20
integration (node 24)	Run npm run test:integration	
integration (node 24)	Run npm run test:integration	
integration (node 24)	Run npm run test:integration	2026-08-23T01:36:34.5462540Z 
integration (node 24)	Run npm run test:integration	2026-08-23T01:36:34.5466409Z ##[error]TypeError: property-stops-wrapper at motions[0].tracks[0].keyframes.x: The { stops: [...] } wrapper is retired; author the stops array directly as the value. property-stops-wrapper at motions[0].tracks[1].keyframes.x: The { stops: [...] } wrapper is retired; author the stops array directly as the value.
integration (node 24)	Run npm run test:integration	 ❯ assertValidProject packages/core/src/engine.ts:101:11
integration (node 24)	Run npm run test:integration	 ❯ Engine.load packages/core/src/engine.ts:170:29
integration (node 24)	Run npm run test:integration	 ❯ makeHandle packages/core/test/integration/observation-identity.test.ts:49:6
integration (node 24)	Run npm run test:integration	 ❯ packages/core/test/integration/observation-identity.test.ts:103:20
integration (node 24)	Run npm run test:integration	
integration (node 24)	Run npm run test:integration	
integration (node 24)	Run npm run test:integration	2026-08-23T01:36:34.5466857Z 
integration (node 24)	Run npm run test:integration	2026-08-23T01:36:34.5470006Z ##[error]TypeError: property-stops-wrapper at motions[0].tracks[0].keyframes.x: The { stops: [...] } wrapper is retired; author the stops array directly as the value.
integration (node 24)	Run npm run test:integration	 ❯ assertValidProject packages/core/src/engine.ts:101:11
integration (node 24)	Run npm run test:integration	 ❯ Engine.load packages/core/src/engine.ts:170:29
integration (node 24)	Run npm run test:integration	 ❯ load packages/core/test/integration/option-c-track-resolution.test.ts:30:6
integration (node 24)	Run npm run test:integration	 ❯ packages/core/test/integration/option-c-track-resolution.test.ts:60:42
integration (node 24)	Run npm run test:integration	
integration (node 24)	Run npm run test:integration	
integration (node 24)	Run npm run test:integration	2026-08-23T01:36:34.5470465Z 
integration (node 24)	Run npm run test:integration	2026-08-23T01:36:34.5475190Z ##[error]TypeError: property-stops-wrapper at motions[0].tracks[0].keyframes.x: The { stops: [...] } wrapper is retired; author the stops array directly as the value. property-stops-wrapper at motions[0].tracks[1].keyframes.x: The { stops: [...] } wrapper is retired; author the stops array directly as the value. property-stops-wrapper at motions[0].tracks[2].keyframes.x: The { stops: [...] } wrapper is retired; author the stops array directly as the value.
integration (node 24)	Run npm run test:integration	 ❯ assertValidProject packages/core/src/engine.ts:101:11
integration (node 24)	Run npm run test:integration	 ❯ Engine.load packages/core/src/engine.ts:170:29
integration (node 24)	Run npm run test:integration	 ❯ load packages/core/test/integration/option-c-track-resolution.test.ts:30:6
integration (node 24)	Run npm run test:integration	 ❯ packages/core/test/integration/option-c-track-resolution.test.ts:73:42
integration (node 24)	Run npm run test:integration	
integration (node 24)	Run npm run test:integration	
integration (node 24)	Run npm run test:integration	2026-08-23T01:36:34.5475639Z 
integration (node 24)	Run npm run test:integration	2026-08-23T01:36:34.5479723Z ##[error]TypeError: property-stops-wrapper at motions[0].tracks[0].keyframes.x: The { stops: [...] } wrapper is retired; author the stops array directly as the value. property-stops-wrapper at motions[0].tracks[1].keyframes.x: The { stops: [...] } wrapper is retired; author the stops array directly as the value.
integration (node 24)	Run npm run test:integration	 ❯ assertValidProject packages/core/src/engine.ts:101:11
integration (node 24)	Run npm run test:integration	 ❯ Engine.load packages/core/src/engine.ts:170:29
integration (node 24)	Run npm run test:integration	 ❯ load packages/core/test/integration/option-c-track-resolution.test.ts:30:6
integration (node 24)	Run npm run test:integration	 ❯ packages/core/test/integration/option-c-track-resolution.test.ts:88:35
integration (node 24)	Run npm run test:integration	
integration (node 24)	Run npm run test:integration	
integration (node 24)	Run npm run test:integration	2026-08-23T01:36:34.5480202Z 
integration (node 24)	Run npm run test:integration	2026-08-23T01:36:34.5484051Z ##[error]TypeError: property-stops-wrapper at motions[0].tracks[0].keyframes.x: The { stops: [...] } wrapper is retired; author the stops array directly as the value. property-stops-wrapper at motions[0].tracks[1].keyframes.x: The { stops: [...] } wrapper is retired; author the stops array directly as the value.
integration (node 24)	Run npm run test:integration	 ❯ assertValidProject packages/core/src/engine.ts:101:11
integration (node 24)	Run npm run test:integration	 ❯ Engine.load packages/core/src/engine.ts:170:29
integration (node 24)	Run npm run test:integration	 ❯ load packages/core/test/integration/option-c-track-resolution.test.ts:30:6
integration (node 24)	Run npm run test:integration	 ❯ packages/core/test/integration/option-c-track-resolution.test.ts:104:24
integration (node 24)	Run npm run test:integration	
integration (node 24)	Run npm run test:integration	
integration (node 24)	Run npm run test:integration	2026-08-23T01:36:34.5484777Z 
integration (node 24)	Run npm run test:integration	2026-08-23T01:36:34.5487768Z ##[error]TypeError: property-stops-wrapper at motions[0].tracks[0].keyframes.x: The { stops: [...] } wrapper is retired; author the stops array directly as the value.
integration (node 24)	Run npm run test:integration	 ❯ assertValidProject packages/core/src/engine.ts:101:11
integration (node 24)	Run npm run test:integration	 ❯ Engine.load packages/core/src/engine.ts:170:29
integration (node 24)	Run npm run test:integration	 ❯ load packages/core/test/integration/option-c-track-resolution.test.ts:30:6
integration (node 24)	Run npm run test:integration	 ❯ packages/core/test/integration/option-c-track-resolution.test.ts:113:35
integration (node 24)	Run npm run test:integration	
integration (node 24)	Run npm run test:integration	
integration (node 24)	Run npm run test:integration	2026-08-23T01:36:34.5488208Z 
integration (node 24)	Run npm run test:integration	2026-08-23T01:36:34.5495461Z ##[error]TypeError: property-stops-wrapper at motions[0].tracks[0].keyframes.transform.values.x: The { stops: [...] } wrapper is retired; author the stops array directly as the value. property-stops-wrapper at motions[0].tracks[0].keyframes.transform.values.y: The { stops: [...] } wrapper is retired; author the stops array directly as the value. property-stops-wrapper at motions[0].tracks[0].keyframes.transform.values.rotation: The { stops: [...] } wrapper is retired; author the stops array directly as the value. property-stops-wrapper at motions[0].tracks[1].keyframes.fk.values.length: The { stops: [...] } wrapper is retired; author the stops array directly as the value. property-stops-wrapper at motions[0].tracks[1].keyframes.fk.values.rotation: The { stops: [...] } wrapper is retired; author the stops array directly as the value.
integration (node 24)	Run npm run test:integration	 ❯ assertValidProject packages/core/src/engine.ts:101:11
integration (node 24)	Run npm run test:integration	 ❯ Engine.load packages/core/src/engine.ts:170:29
integration (node 24)	Run npm run test:integration	 ❯ load packages/core/test/integration/per-plugin-key-ownership.test.ts:76:6
integration (node 24)	Run npm run test:integration	 ❯ packages/core/test/integration/per-plugin-key-ownership.test.ts:95:20
integration (node 24)	Run npm run test:integration	
integration (node 24)	Run npm run test:integration	
integration (node 24)	Run npm run test:integration	2026-08-23T01:36:34.5495936Z 
integration (node 24)	Run npm run test:integration	2026-08-23T01:36:34.5503078Z ##[error]AssertionError: expected [Function] to throw error matching /plugin-ambiguous-key/ but got 'property-stops-wrapper at motions[0].…'
integration (node 24)	Run npm run test:integration	
integration (node 24)	Run npm run test:integration	- Expected:
integration (node 24)	Run npm run test:integration	/plugin-ambiguous-key/
integration (node 24)	Run npm run test:integration	
integration (node 24)	Run npm run test:integration	+ Received:
integration (node 24)	Run npm run test:integration	"property-stops-wrapper at motions[0].tracks[0].keyframes.transform.values.x: The { stops: [...] } wrapper is retired; author the stops array directly as the value. property-stops-wrapper at motions[0].tracks[0].keyframes.transform.values.y: The { stops: [...] } wrapper is retired; author the stops array directly as the value. property-stops-wrapper at motions[0].tracks[0].keyframes.transform.values.rotation: The { stops: [...] } wrapper is retired; author the stops array directly as the value. property-stops-wrapper at motions[0].tracks[1].keyframes.fk.values.length: The { stops: [...] } wrapper is retired; author the stops array directly as the value. property-stops-wrapper at motions[0].tracks[1].keyframes.rotation: The { stops: [...] } wrapper is retired; author the stops array directly as the value."
integration (node 24)	Run npm run test:integration	
integration (node 24)	Run npm run test:integration	 ❯ packages/core/test/integration/per-plugin-key-ownership.test.ts:123:58
integration (node 24)	Run npm run test:integration	
integration (node 24)	Run npm run test:integration	
integration (node 24)	Run npm run test:integration	2026-08-23T01:36:34.5503562Z 
integration (node 24)	Run npm run test:integration	2026-08-23T01:36:34.5510800Z ##[error]TypeError: property-stops-wrapper at motions[0].tracks[0].keyframes.transform.values.x: The { stops: [...] } wrapper is retired; author the stops array directly as the value. property-stops-wrapper at motions[0].tracks[0].keyframes.transform.values.y: The { stops: [...] } wrapper is retired; author the stops array directly as the value. property-stops-wrapper at motions[0].tracks[0].keyframes.transform.values.rotation: The { stops: [...] } wrapper is retired; author the stops array directly as the value. property-stops-wrapper at motions[0].tracks[1].keyframes.fk.values.length: The { stops: [...] } wrapper is retired; author the stops array directly as the value. property-stops-wrapper at motions[0].tracks[1].keyframes.fk.values.rotation: The { stops: [...] } wrapper is retired; author the stops array directly as the value.
integration (node 24)	Run npm run test:integration	 ❯ assertValidProject packages/core/src/engine.ts:101:11
integration (node 24)	Run npm run test:integration	 ❯ Engine.load packages/core/src/engine.ts:170:29
integration (node 24)	Run npm run test:integration	 ❯ load packages/core/test/integration/per-plugin-key-ownership.test.ts:76:6
integration (node 24)	Run npm run test:integration	 ❯ packages/core/test/integration/per-plugin-key-ownership.test.ts:128:20
integration (node 24)	Run npm run test:integration	
integration (node 24)	Run npm run test:integration	
integration (node 24)	Run npm run test:integration	2026-08-23T01:36:34.5511434Z 
integration (node 24)	Run npm run test:integration	2026-08-23T01:36:34.5513900Z ##[error]TypeError: property-stops-wrapper at motions[0].tracks[0].keyframes.angle: The { stops: [...] } wrapper is retired; author the stops array directly as the value.
integration (node 24)	Run npm run test:integration	 ❯ assertValidProject packages/core/src/engine.ts:101:11
integration (node 24)	Run npm run test:integration	 ❯ Engine.load packages/core/src/engine.ts:170:29
integration (node 24)	Run npm run test:integration	 ❯ packages/core/test/integration/phase0-red-baseline.test.ts:40:8
integration (node 24)	Run npm run test:integration	
integration (node 24)	Run npm run test:integration	
integration (node 24)	Run npm run test:integration	2026-08-23T01:36:34.5514453Z 
integration (node 24)	Run npm run test:integration	2026-08-23T01:36:34.5517737Z ##[error]TypeError: property-stops-wrapper at motions[0].tracks[0].keyframes.x: The { stops: [...] } wrapper is retired; author the stops array directly as the value. property-stops-wrapper at motions[0].tracks[1].keyframes.y: The { stops: [...] } wrapper is retired; author the stops array directly as the value.
integration (node 24)	Run npm run test:integration	 ❯ assertValidProject packages/core/src/engine.ts:101:11
integration (node 24)	Run npm run test:integration	 ❯ Engine.load packages/core/src/engine.ts:170:29
integration (node 24)	Run npm run test:integration	 ❯ packages/core/test/integration/phase0-red-baseline.test.ts:98:8
integration (node 24)	Run npm run test:integration	
integration (node 24)	Run npm run test:integration	
integration (node 24)	Run npm run test:integration	2026-08-23T01:36:34.5518171Z 
integration (node 24)	Run npm run test:integration	2026-08-23T01:36:34.5521325Z ##[error]TypeError: property-stops-wrapper at addTrack(cursor).keyframes.opacity: The { stops: [...] } wrapper is retired; author the stops array directly as the value.
integration (node 24)	Run npm run test:integration	 ❯ ProjectRuntime.#addTrack packages/core/src/runtime/project-runtime.ts:281:13
integration (node 24)	Run npm run test:integration	 ❯ ProjectRuntime.adopt packages/core/src/runtime/project-runtime.ts:247:25
integration (node 24)	Run npm run test:integration	 ❯ packages/core/test/integration/phase0-red-baseline.test.ts:142:31
integration (node 24)	Run npm run test:integration	
integration (node 24)	Run npm run test:integration	
integration (node 24)	Run npm run test:integration	2026-08-23T01:36:34.5521808Z 
integration (node 24)	Run npm run test:integration	2026-08-23T01:36:34.5524248Z ##[error]TypeError: property-stops-wrapper at motions[0].tracks[0].keyframes.x: The { stops: [...] } wrapper is retired; author the stops array directly as the value.
integration (node 24)	Run npm run test:integration	 ❯ assertValidProject packages/core/src/engine.ts:101:11
integration (node 24)	Run npm run test:integration	 ❯ Engine.load packages/core/src/engine.ts:170:29
integration (node 24)	Run npm run test:integration	 ❯ packages/core/test/integration/phase0-red-baseline.test.ts:199:8
integration (node 24)	Run npm run test:integration	
integration (node 24)	Run npm run test:integration	
integration (node 24)	Run npm run test:integration	2026-08-23T01:36:34.5524673Z 
integration (node 24)	Run npm run test:integration	2026-08-23T01:36:34.5527063Z ##[error]TypeError: property-stops-wrapper at motions[0].tracks[0].keyframes.x: The { stops: [...] } wrapper is retired; author the stops array directly as the value.
integration (node 24)	Run npm run test:integration	 ❯ assertValidProject packages/core/src/engine.ts:101:11
integration (node 24)	Run npm run test:integration	 ❯ Engine.load packages/core/src/engine.ts:170:29
integration (node 24)	Run npm run test:integration	 ❯ packages/core/test/integration/phase0-red-baseline.test.ts:245:8
integration (node 24)	Run npm run test:integration	
integration (node 24)	Run npm run test:integration	
integration (node 24)	Run npm run test:integration	2026-08-23T01:36:34.5527527Z 
integration (node 24)	Run npm run test:integration	2026-08-23T01:36:34.5530099Z ##[error]TypeError: property-stops-wrapper at motions[0].tracks[0].keyframes.x: The { stops: [...] } wrapper is retired; author the stops array directly as the value.
integration (node 24)	Run npm run test:integration	 ❯ assertValidProject packages/core/src/engine.ts:101:11
integration (node 24)	Run npm run test:integration	 ❯ Engine.load packages/core/src/engine.ts:170:29
integration (node 24)	Run npm run test:integration	 ❯ packages/core/test/integration/phase2-motion-scheduling.test.ts:45:8
integration (node 24)	Run npm run test:integration	
integration (node 24)	Run npm run test:integration	
integration (node 24)	Run npm run test:integration	2026-08-23T01:36:34.5530536Z 
integration (node 24)	Run npm run test:integration	2026-08-23T01:36:34.5532961Z ##[error]TypeError: property-stops-wrapper at motions[0].tracks[0].keyframes.x: The { stops: [...] } wrapper is retired; author the stops array directly as the value.
integration (node 24)	Run npm run test:integration	 ❯ assertValidProject packages/core/src/engine.ts:101:11
integration (node 24)	Run npm run test:integration	 ❯ Engine.load packages/core/src/engine.ts:170:29
integration (node 24)	Run npm run test:integration	 ❯ packages/core/test/integration/phase2-motion-scheduling.test.ts:78:8
integration (node 24)	Run npm run test:integration	
integration (node 24)	Run npm run test:integration	
integration (node 24)	Run npm run test:integration	2026-08-23T01:36:34.5533373Z 
integration (node 24)	Run npm run test:integration	2026-08-23T01:36:34.5535821Z ##[error]TypeError: property-stops-wrapper at motions[0].tracks[0].keyframes.x: The { stops: [...] } wrapper is retired; author the stops array directly as the value.
integration (node 24)	Run npm run test:integration	 ❯ assertValidProject packages/core/src/engine.ts:101:11
integration (node 24)	Run npm run test:integration	 ❯ Engine.load packages/core/src/engine.ts:170:29
integration (node 24)	Run npm run test:integration	 ❯ packages/core/test/integration/phase2-motion-scheduling.test.ts:168:8
integration (node 24)	Run npm run test:integration	
integration (node 24)	Run npm run test:integration	
integration (node 24)	Run npm run test:integration	2026-08-23T01:36:34.5536246Z 
integration (node 24)	Run npm run test:integration	2026-08-23T01:36:34.5538680Z ##[error]TypeError: property-stops-wrapper at motions[0].tracks[0].keyframes.x: The { stops: [...] } wrapper is retired; author the stops array directly as the value.
integration (node 24)	Run npm run test:integration	 ❯ assertValidProject packages/core/src/engine.ts:101:11
integration (node 24)	Run npm run test:integration	 ❯ Engine.load packages/core/src/engine.ts:170:29
integration (node 24)	Run npm run test:integration	 ❯ packages/core/test/integration/phase3-trigger-port.test.ts:109:8
integration (node 24)	Run npm run test:integration	
integration (node 24)	Run npm run test:integration	
integration (node 24)	Run npm run test:integration	2026-08-23T01:36:34.5539336Z 
integration (node 24)	Run npm run test:integration	2026-08-23T01:36:34.5541767Z ##[error]TypeError: property-stops-wrapper at motions[0].tracks[0].keyframes.x: The { stops: [...] } wrapper is retired; author the stops array directly as the value.
integration (node 24)	Run npm run test:integration	 ❯ assertValidProject packages/core/src/engine.ts:101:11
integration (node 24)	Run npm run test:integration	 ❯ Engine.load packages/core/src/engine.ts:170:29
integration (node 24)	Run npm run test:integration	 ❯ packages/core/test/integration/phase3-trigger-port.test.ts:136:8
integration (node 24)	Run npm run test:integration	
integration (node 24)	Run npm run test:integration	
integration (node 24)	Run npm run test:integration	2026-08-23T01:36:34.5542490Z 
integration (node 24)	Run npm run test:integration	2026-08-23T01:36:34.5545467Z ##[error]AssertionError: expected [Function] to throw error matching /stop-position|monoton/ but got 'property-stops-wrapper at addTrack(ba…'
integration (node 24)	Run npm run test:integration	
integration (node 24)	Run npm run test:integration	- Expected:
integration (node 24)	Run npm run test:integration	/stop-position|monoton/
integration (node 24)	Run npm run test:integration	
integration (node 24)	Run npm run test:integration	+ Received:
integration (node 24)	Run npm run test:integration	"property-stops-wrapper at addTrack(bad).keyframes.x: The { stops: [...] } wrapper is retired; author the stops array directly as the value."
integration (node 24)	Run npm run test:integration	
integration (node 24)	Run npm run test:integration	 ❯ packages/core/test/integration/phase4-dynamic-lifecycle.test.ts:172:47
integration (node 24)	Run npm run test:integration	
integration (node 24)	Run npm run test:integration	
integration (node 24)	Run npm run test:integration	2026-08-23T01:36:34.5545903Z 
integration (node 24)	Run npm run test:integration	2026-08-23T01:36:34.5554597Z ##[error]TypeError: property-stops-wrapper at motions[0].tracks[0].keyframes.transform.values.x: The { stops: [...] } wrapper is retired; author the stops array directly as the value. property-stops-wrapper at motions[0].tracks[0].keyframes.transform.values.y: The { stops: [...] } wrapper is retired; author the stops array directly as the value. property-stops-wrapper at motions[0].tracks[0].keyframes.transform.values.rotation: The { stops: [...] } wrapper is retired; author the stops array directly as the value. property-stops-wrapper at motions[0].tracks[1].keyframes.fk.values.length: The { stops: [...] } wrapper is retired; author the stops array directly as the value. property-stops-wrapper at motions[0].tracks[1].keyframes.fk.values.rotation: The { stops: [...] } wrapper is retired; author the stops array directly as the value. property-stops-wrapper at motions[0].tracks[2].keyframes.fk.values.length: The { stops: [...] } wrapper is retired; author the stops array directly as the value. property-stops-wrapper at motions[0].tracks[2].keyframes.fk.values.rotation: The { stops: [...] } wrapper is retired; author the stops array directly as the value.
integration (node 24)	Run npm run test:integration	 ❯ assertValidProject packages/core/src/engine.ts:101:11
integration (node 24)	Run npm run test:integration	 ❯ Engine.load packages/core/src/engine.ts:170:29
integration (node 24)	Run npm run test:integration	 ❯ packages/core/test/integration/phase7-walker-demo.test.ts:145:27
integration (node 24)	Run npm run test:integration	
integration (node 24)	Run npm run test:integration	
integration (node 24)	Run npm run test:integration	2026-08-23T01:36:34.5555084Z 
integration (node 24)	Run npm run test:integration	2026-08-23T01:36:34.5563834Z ##[error]TypeError: property-stops-wrapper at motions[0].tracks[0].keyframes.transform.values.x: The { stops: [...] } wrapper is retired; author the stops array directly as the value. property-stops-wrapper at motions[0].tracks[0].keyframes.transform.values.y: The { stops: [...] } wrapper is retired; author the stops array directly as the value. property-stops-wrapper at motions[0].tracks[0].keyframes.transform.values.rotation: The { stops: [...] } wrapper is retired; author the stops array directly as the value. property-stops-wrapper at motions[0].tracks[1].keyframes.fk.values.length: The { stops: [...] } wrapper is retired; author the stops array directly as the value. property-stops-wrapper at motions[0].tracks[1].keyframes.fk.values.rotation: The { stops: [...] } wrapper is retired; author the stops array directly as the value. property-stops-wrapper at motions[0].tracks[2].keyframes.fk.values.length: The { stops: [...] } wrapper is retired; author the stops array directly as the value. property-stops-wrapper at motions[0].tracks[2].keyframes.fk.values.rotation: The { stops: [...] } wrapper is retired; author the stops array directly as the value.
integration (node 24)	Run npm run test:integration	 ❯ assertValidProject packages/core/src/engine.ts:101:11
integration (node 24)	Run npm run test:integration	 ❯ Engine.load packages/core/src/engine.ts:170:29
integration (node 24)	Run npm run test:integration	 ❯ packages/core/test/integration/phase7-walker-demo.test.ts:164:27
integration (node 24)	Run npm run test:integration	
integration (node 24)	Run npm run test:integration	
integration (node 24)	Run npm run test:integration	2026-08-23T01:36:34.5564335Z 
integration (node 24)	Run npm run test:integration	2026-08-23T01:36:34.5572937Z ##[error]TypeError: property-stops-wrapper at motions[0].tracks[0].keyframes.transform.values.x: The { stops: [...] } wrapper is retired; author the stops array directly as the value. property-stops-wrapper at motions[0].tracks[0].keyframes.transform.values.y: The { stops: [...] } wrapper is retired; author the stops array directly as the value. property-stops-wrapper at motions[0].tracks[0].keyframes.transform.values.rotation: The { stops: [...] } wrapper is retired; author the stops array directly as the value. property-stops-wrapper at motions[0].tracks[1].keyframes.fk.values.length: The { stops: [...] } wrapper is retired; author the stops array directly as the value. property-stops-wrapper at motions[0].tracks[1].keyframes.fk.values.rotation: The { stops: [...] } wrapper is retired; author the stops array directly as the value. property-stops-wrapper at motions[0].tracks[2].keyframes.fk.values.length: The { stops: [...] } wrapper is retired; author the stops array directly as the value. property-stops-wrapper at motions[0].tracks[2].keyframes.fk.values.rotation: The { stops: [...] } wrapper is retired; author the stops array directly as the value.
integration (node 24)	Run npm run test:integration	 ❯ assertValidProject packages/core/src/engine.ts:101:11
integration (node 24)	Run npm run test:integration	 ❯ Engine.load packages/core/src/engine.ts:170:29
integration (node 24)	Run npm run test:integration	 ❯ packages/core/test/integration/phase7-walker-demo.test.ts:199:27
integration (node 24)	Run npm run test:integration	
integration (node 24)	Run npm run test:integration	
integration (node 24)	Run npm run test:integration	2026-08-23T01:36:34.5573701Z 
integration (node 24)	Run npm run test:integration	2026-08-23T01:36:34.5582416Z ##[error]TypeError: property-stops-wrapper at motions[0].tracks[0].keyframes.transform.values.x: The { stops: [...] } wrapper is retired; author the stops array directly as the value. property-stops-wrapper at motions[0].tracks[0].keyframes.transform.values.y: The { stops: [...] } wrapper is retired; author the stops array directly as the value. property-stops-wrapper at motions[0].tracks[0].keyframes.transform.values.rotation: The { stops: [...] } wrapper is retired; author the stops array directly as the value. property-stops-wrapper at motions[0].tracks[1].keyframes.fk.values.length: The { stops: [...] } wrapper is retired; author the stops array directly as the value. property-stops-wrapper at motions[0].tracks[1].keyframes.fk.values.rotation: The { stops: [...] } wrapper is retired; author the stops array directly as the value. property-stops-wrapper at motions[0].tracks[2].keyframes.fk.values.length: The { stops: [...] } wrapper is retired; author the stops array directly as the value. property-stops-wrapper at motions[0].tracks[2].keyframes.fk.values.rotation: The { stops: [...] } wrapper is retired; author the stops array directly as the value.
integration (node 24)	Run npm run test:integration	 ❯ assertValidProject packages/core/src/engine.ts:101:11
integration (node 24)	Run npm run test:integration	 ❯ Engine.load packages/core/src/engine.ts:170:29
integration (node 24)	Run npm run test:integration	 ❯ packages/core/test/integration/phase7-walker-demo.test.ts:219:8
integration (node 24)	Run npm run test:integration	
integration (node 24)	Run npm run test:integration	
integration (node 24)	Run npm run test:integration	2026-08-23T01:36:34.5583008Z 
integration (node 24)	Run npm run test:integration	2026-08-23T01:36:34.5592190Z ##[error]TypeError: property-stops-wrapper at motions[0].tracks[0].keyframes.transform.values.x: The { stops: [...] } wrapper is retired; author the stops array directly as the value. property-stops-wrapper at motions[0].tracks[0].keyframes.transform.values.y: The { stops: [...] } wrapper is retired; author the stops array directly as the value. property-stops-wrapper at motions[0].tracks[0].keyframes.transform.values.rotation: The { stops: [...] } wrapper is retired; author the stops array directly as the value. property-stops-wrapper at motions[0].tracks[1].keyframes.fk.values.length: The { stops: [...] } wrapper is retired; author the stops array directly as the value. property-stops-wrapper at motions[0].tracks[1].keyframes.fk.values.rotation: The { stops: [...] } wrapper is retired; author the stops array directly as the value. property-stops-wrapper at motions[0].tracks[2].keyframes.fk.values.length: The { stops: [...] } wrapper is retired; author the stops array directly as the value. property-stops-wrapper at motions[0].tracks[2].keyframes.fk.values.rotation: The { stops: [...] } wrapper is retired; author the stops array directly as the value.
integration (node 24)	Run npm run test:integration	 ❯ assertValidProject packages/core/src/engine.ts:101:11
integration (node 24)	Run npm run test:integration	 ❯ Engine.load packages/core/src/engine.ts:170:29
integration (node 24)	Run npm run test:integration	 ❯ packages/core/test/integration/phase7-walker-demo.test.ts:243:8
integration (node 24)	Run npm run test:integration	
integration (node 24)	Run npm run test:integration	
integration (node 24)	Run npm run test:integration	2026-08-23T01:36:34.5592807Z 
integration (node 24)	Run npm run test:integration	2026-08-23T01:36:34.5669803Z ##[error]TypeError: property-stops-wrapper at motions[0].tracks[0].keyframes.transform.values.x: The { stops: [...] } wrapper is retired; author the stops array directly as the value. property-stops-wrapper at motions[0].tracks[0].keyframes.transform.values.y: The { stops: [...] } wrapper is retired; author the stops array directly as the value. property-stops-wrapper at motions[0].tracks[0].keyframes.transform.values.rotation: The { stops: [...] } wrapper is retired; author the stops array directly as the value. property-stops-wrapper at motions[0].tracks[1].keyframes.fk.values.length: The { stops: [...] } wrapper is retired; author the stops array directly as the value. property-stops-wrapper at motions[0].tracks[1].keyframes.fk.values.rotation: The { stops: [...] } wrapper is retired; author the stops array directly as the value. property-stops-wrapper at motions[0].tracks[2].keyframes.fk.values.length: The { stops: [...] } wrapper is retired; author the stops array directly as the value. property-stops-wrapper at motions[0].tracks[2].keyframes.fk.values.rotation: The { stops: [...] } wrapper is retired; author the stops array directly as the value.
integration (node 24)	Run npm run test:integration	 ❯ assertValidProject packages/core/src/engine.ts:101:11
integration (node 24)	Run npm run test:integration	 ❯ Engine.load packages/core/src/engine.ts:170:29
integration (node 24)	Run npm run test:integration	 ❯ packages/core/test/integration/phase7-walker-demo.test.ts:269:8
integration (node 24)	Run npm run test:integration	
integration (node 24)	Run npm run test:integration	
integration (node 24)	Run npm run test:integration	2026-08-23T01:36:34.5670942Z 
integration (node 24)	Run npm run test:integration	2026-08-23T01:36:34.5680112Z ##[error]TypeError: property-stops-wrapper at motions[0].tracks[0].keyframes.transform.values.x: The { stops: [...] } wrapper is retired; author the stops array directly as the value. property-stops-wrapper at motions[0].tracks[0].keyframes.transform.values.y: The { stops: [...] } wrapper is retired; author the stops array directly as the value. property-stops-wrapper at motions[0].tracks[0].keyframes.transform.values.rotation: The { stops: [...] } wrapper is retired; author the stops array directly as the value. property-stops-wrapper at motions[0].tracks[1].keyframes.fk.values.length: The { stops: [...] } wrapper is retired; author the stops array directly as the value. property-stops-wrapper at motions[0].tracks[1].keyframes.fk.values.rotation: The { stops: [...] } wrapper is retired; author the stops array directly as the value. property-stops-wrapper at motions[0].tracks[2].keyframes.fk.values.length: The { stops: [...] } wrapper is retired; author the stops array directly as the value. property-stops-wrapper at motions[0].tracks[2].keyframes.fk.values.rotation: The { stops: [...] } wrapper is retired; author the stops array directly as the value.
integration (node 24)	Run npm run test:integration	 ❯ assertValidProject packages/core/src/engine.ts:101:11
integration (node 24)	Run npm run test:integration	 ❯ Engine.load packages/core/src/engine.ts:170:29
integration (node 24)	Run npm run test:integration	 ❯ packages/core/test/integration/phase7-walker-demo.test.ts:305:8
integration (node 24)	Run npm run test:integration	
integration (node 24)	Run npm run test:integration	
integration (node 24)	Run npm run test:integration	2026-08-23T01:36:34.5680666Z 
integration (node 24)	Run npm run test:integration	2026-08-23T01:36:34.5689558Z ##[error]TypeError: property-stops-wrapper at motions[0].tracks[0].keyframes.transform.values.x: The { stops: [...] } wrapper is retired; author the stops array directly as the value. property-stops-wrapper at motions[0].tracks[0].keyframes.transform.values.y: The { stops: [...] } wrapper is retired; author the stops array directly as the value. property-stops-wrapper at motions[0].tracks[0].keyframes.transform.values.rotation: The { stops: [...] } wrapper is retired; author the stops array directly as the value. property-stops-wrapper at motions[0].tracks[1].keyframes.fk.values.length: The { stops: [...] } wrapper is retired; author the stops array directly as the value. property-stops-wrapper at motions[0].tracks[1].keyframes.fk.values.rotation: The { stops: [...] } wrapper is retired; author the stops array directly as the value. property-stops-wrapper at motions[0].tracks[2].keyframes.fk.values.length: The { stops: [...] } wrapper is retired; author the stops array directly as the value. property-stops-wrapper at motions[0].tracks[2].keyframes.fk.values.rotation: The { stops: [...] } wrapper is retired; author the stops array directly as the value.
integration (node 24)	Run npm run test:integration	 ❯ assertValidProject packages/core/src/engine.ts:101:11
integration (node 24)	Run npm run test:integration	 ❯ Engine.load packages/core/src/engine.ts:170:29
integration (node 24)	Run npm run test:integration	 ❯ packages/core/test/integration/phase7-walker-demo.test.ts:330:8
integration (node 24)	Run npm run test:integration	
integration (node 24)	Run npm run test:integration	
integration (node 24)	Run npm run test:integration	2026-08-23T01:36:34.5690352Z 
integration (node 24)	Run npm run test:integration	2026-08-23T01:36:34.5698884Z ##[error]TypeError: property-stops-wrapper at motions[0].tracks[0].keyframes.transform.values.x: The { stops: [...] } wrapper is retired; author the stops array directly as the value. property-stops-wrapper at motions[0].tracks[0].keyframes.transform.values.y: The { stops: [...] } wrapper is retired; author the stops array directly as the value. property-stops-wrapper at motions[0].tracks[0].keyframes.transform.values.rotation: The { stops: [...] } wrapper is retired; author the stops array directly as the value. property-stops-wrapper at motions[0].tracks[1].keyframes.fk.values.length: The { stops: [...] } wrapper is retired; author the stops array directly as the value. property-stops-wrapper at motions[0].tracks[1].keyframes.fk.values.rotation: The { stops: [...] } wrapper is retired; author the stops array directly as the value. property-stops-wrapper at motions[0].tracks[2].keyframes.fk.values.length: The { stops: [...] } wrapper is retired; author the stops array directly as the value. property-stops-wrapper at motions[0].tracks[2].keyframes.fk.values.rotation: The { stops: [...] } wrapper is retired; author the stops array directly as the value.
integration (node 24)	Run npm run test:integration	 ❯ assertValidProject packages/core/src/engine.ts:101:11
integration (node 24)	Run npm run test:integration	 ❯ Engine.load packages/core/src/engine.ts:170:29
integration (node 24)	Run npm run test:integration	 ❯ packages/core/test/integration/phase7-walker-demo.test.ts:351:8
integration (node 24)	Run npm run test:integration	
integration (node 24)	Run npm run test:integration	
integration (node 24)	Run npm run test:integration	2026-08-23T01:36:34.5699471Z 
integration (node 24)	Run npm run test:integration	2026-08-23T01:36:34.5707949Z ##[error]TypeError: property-stops-wrapper at motions[0].tracks[0].keyframes.transform.values.x: The { stops: [...] } wrapper is retired; author the stops array directly as the value. property-stops-wrapper at motions[0].tracks[0].keyframes.transform.values.y: The { stops: [...] } wrapper is retired; author the stops array directly as the value. property-stops-wrapper at motions[0].tracks[0].keyframes.transform.values.rotation: The { stops: [...] } wrapper is retired; author the stops array directly as the value. property-stops-wrapper at motions[0].tracks[1].keyframes.fk.values.length: The { stops: [...] } wrapper is retired; author the stops array directly as the value. property-stops-wrapper at motions[0].tracks[1].keyframes.fk.values.rotation: The { stops: [...] } wrapper is retired; author the stops array directly as the value. property-stops-wrapper at motions[0].tracks[2].keyframes.fk.values.length: The { stops: [...] } wrapper is retired; author the stops array directly as the value. property-stops-wrapper at motions[0].tracks[2].keyframes.fk.values.rotation: The { stops: [...] } wrapper is retired; author the stops array directly as the value.
integration (node 24)	Run npm run test:integration	 ❯ assertValidProject packages/core/src/engine.ts:101:11
integration (node 24)	Run npm run test:integration	 ❯ Engine.load packages/core/src/engine.ts:170:29
integration (node 24)	Run npm run test:integration	 ❯ packages/core/test/integration/phase7-walker-demo.test.ts:387:8
integration (node 24)	Run npm run test:integration	
integration (node 24)	Run npm run test:integration	
integration (node 24)	Run npm run test:integration	2026-08-23T01:36:34.5708417Z 
integration (node 24)	Run npm run test:integration	2026-08-23T01:36:34.5711878Z ##[error]TypeError: property-stops-wrapper at motions[0].tracks[1].keyframes.fk.values.length: The { stops: [...] } wrapper is retired; author the stops array directly as the value.
integration (node 24)	Run npm run test:integration	 ❯ assertValidProject packages/core/src/engine.ts:101:11
integration (node 24)	Run npm run test:integration	 ❯ Engine.load packages/core/src/engine.ts:170:29
integration (node 24)	Run npm run test:integration	 ❯ load packages/core/test/integration/plugin-group-values-section.test.ts:133:6
integration (node 24)	Run npm run test:integration	 ❯ packages/core/test/integration/plugin-group-values-section.test.ts:147:20
integration (node 24)	Run npm run test:integration	
integration (node 24)	Run npm run test:integration	
integration (node 24)	Run npm run test:integration	2026-08-23T01:36:34.5712343Z 
integration (node 24)	Run npm run test:integration	2026-08-23T01:36:34.5715892Z ##[error]AssertionError: expected [ { …(4) } ] to deep equally contain ObjectContaining{…}
integration (node 24)	Run npm run test:integration	
integration (node 24)	Run npm run test:integration	- Expected:
integration (node 24)	Run npm run test:integration	ObjectContaining {
integration (node 24)	Run npm run test:integration	  "path": "keyframes.fk.values.length.stops[0].p",
integration (node 24)	Run npm run test:integration	  "ruleId": "stop-position-range",
integration (node 24)	Run npm run test:integration	}
integration (node 24)	Run npm run test:integration	
integration (node 24)	Run npm run test:integration	+ Received:
integration (node 24)	Run npm run test:integration	[
integration (node 24)	Run npm run test:integration	  {
integration (node 24)	Run npm run test:integration	    "message": "The { stops: [...] } wrapper is retired; author the stops array directly as the value.",
integration (node 24)	Run npm run test:integration	    "path": "keyframes.fk.values.length",
integration (node 24)	Run npm run test:integration	    "ruleId": "property-stops-wrapper",
integration (node 24)	Run npm run test:integration	    "severity": "error",
integration (node 24)	Run npm run test:integration	  },
integration (node 24)	Run npm run test:integration	]
integration (node 24)	Run npm run test:integration	
integration (node 24)	Run npm run test:integration	 ❯ packages/core/test/integration/plugin-group-values-section.test.ts:214:32
integration (node 24)	Run npm run test:integration	
integration (node 24)	Run npm run test:integration	
integration (node 24)	Run npm run test:integration	2026-08-23T01:36:34.5716641Z 
integration (node 24)	Run npm run test:integration	2026-08-23T01:36:34.5718435Z ##[error]AssertionError: expected [ 'property-stops-wrapper' ] to deeply equal []
integration (node 24)	Run npm run test:integration	
integration (node 24)	Run npm run test:integration	- Expected
integration (node 24)	Run npm run test:integration	+ Received
integration (node 24)	Run npm run test:integration	
integration (node 24)	Run npm run test:integration	- []
integration (node 24)	Run npm run test:integration	+ [
integration (node 24)	Run npm run test:integration	+   "property-stops-wrapper",
integration (node 24)	Run npm run test:integration	+ ]
integration (node 24)	Run npm run test:integration	
integration (node 24)	Run npm run test:integration	 ❯ packages/core/test/integration/plugin-group-values-section.test.ts:228:31
integration (node 24)	Run npm run test:integration	
integration (node 24)	Run npm run test:integration	
integration (node 24)	Run npm run test:integration	2026-08-23T01:36:34.5718876Z 
integration (node 24)	Run npm run test:integration	2026-08-23T01:36:34.5728524Z ##[error]TypeError: property-stops-wrapper at motions[0].tracks[0].keyframes.transform.values.x: The { stops: [...] } wrapper is retired; author the stops array directly as the value. property-stops-wrapper at motions[0].tracks[0].keyframes.transform.values.y: The { stops: [...] } wrapper is retired; author the stops array directly as the value. property-stops-wrapper at motions[0].tracks[0].keyframes.transform.values.rotation: The { stops: [...] } wrapper is retired; author the stops array directly as the value. property-stops-wrapper at motions[0].tracks[1].keyframes.fk.values.length: The { stops: [...] } wrapper is retired; author the stops array directly as the value. property-stops-wrapper at motions[0].tracks[1].keyframes.fk.values.rotation: The { stops: [...] } wrapper is retired; author the stops array directly as the value. property-stops-wrapper at motions[0].tracks[2].keyframes.fk.values.length: The { stops: [...] } wrapper is retired; author the stops array directly as the value. property-stops-wrapper at motions[0].tracks[2].keyframes.fk.values.rotation: The { stops: [...] } wrapper is retired; author the stops array directly as the value.
integration (node 24)	Run npm run test:integration	 ❯ assertValidProject packages/core/src/engine.ts:101:11
integration (node 24)	Run npm run test:integration	 ❯ Engine.load packages/core/src/engine.ts:170:29
integration (node 24)	Run npm run test:integration	 ❯ load packages/core/test/integration/plugin-group-values-section.test.ts:133:6
integration (node 24)	Run npm run test:integration	 ❯ packages/core/test/integration/plugin-group-values-section.test.ts:278:20
integration (node 24)	Run npm run test:integration	
integration (node 24)	Run npm run test:integration	
integration (node 24)	Run npm run test:integration	2026-08-23T01:36:34.5729161Z 
integration (node 24)	Run npm run test:integration	2026-08-23T01:36:34.5736300Z ##[error]TypeError: property-stops-wrapper at motions[0].tracks[0].keyframes.transform.values.x: The { stops: [...] } wrapper is retired; author the stops array directly as the value. property-stops-wrapper at motions[0].tracks[0].keyframes.transform.values.y: The { stops: [...] } wrapper is retired; author the stops array directly as the value. property-stops-wrapper at motions[0].tracks[0].keyframes.transform.values.rotation: The { stops: [...] } wrapper is retired; author the stops array directly as the value. property-stops-wrapper at motions[0].tracks[1].keyframes.fk.values.length: The { stops: [...] } wrapper is retired; author the stops array directly as the value. property-stops-wrapper at motions[0].tracks[1].keyframes.fk.values.rotation: The { stops: [...] } wrapper is retired; author the stops array directly as the value.
integration (node 24)	Run npm run test:integration	 ❯ assertValidProject packages/core/src/engine.ts:101:11
integration (node 24)	Run npm run test:integration	 ❯ Engine.load packages/core/src/engine.ts:170:29
integration (node 24)	Run npm run test:integration	 ❯ load packages/core/test/integration/plugin-owned-requirements.test.ts:98:6
integration (node 24)	Run npm run test:integration	 ❯ packages/core/test/integration/plugin-owned-requirements.test.ts:103:20
integration (node 24)	Run npm run test:integration	
integration (node 24)	Run npm run test:integration	
integration (node 24)	Run npm run test:integration	2026-08-23T01:36:34.5736768Z 
integration (node 24)	Run npm run test:integration	2026-08-23T01:36:34.5744087Z ##[error]TypeError: property-stops-wrapper at motions[0].tracks[0].keyframes.transform.values.x: The { stops: [...] } wrapper is retired; author the stops array directly as the value. property-stops-wrapper at motions[0].tracks[0].keyframes.transform.values.y: The { stops: [...] } wrapper is retired; author the stops array directly as the value. property-stops-wrapper at motions[0].tracks[0].keyframes.transform.values.rotation: The { stops: [...] } wrapper is retired; author the stops array directly as the value. property-stops-wrapper at motions[0].tracks[1].keyframes.fk.values.length: The { stops: [...] } wrapper is retired; author the stops array directly as the value. property-stops-wrapper at motions[0].tracks[1].keyframes.fk.values.rotation: The { stops: [...] } wrapper is retired; author the stops array directly as the value.
integration (node 24)	Run npm run test:integration	 ❯ assertValidProject packages/core/src/engine.ts:101:11
integration (node 24)	Run npm run test:integration	 ❯ Engine.load packages/core/src/engine.ts:170:29
integration (node 24)	Run npm run test:integration	 ❯ load packages/core/test/integration/plugin-owned-requirements.test.ts:98:6
integration (node 24)	Run npm run test:integration	 ❯ packages/core/test/integration/plugin-owned-requirements.test.ts:125:20
integration (node 24)	Run npm run test:integration	
integration (node 24)	Run npm run test:integration	
integration (node 24)	Run npm run test:integration	2026-08-23T01:36:34.5744853Z 
integration (node 24)	Run npm run test:integration	2026-08-23T01:36:34.5752383Z ##[error]AssertionError: expected [Function] to throw error matching /observation-unknown-source/ but got 'property-stops-wrapper at motions[0].…'
integration (node 24)	Run npm run test:integration	
integration (node 24)	Run npm run test:integration	- Expected:
integration (node 24)	Run npm run test:integration	/observation-unknown-source/
integration (node 24)	Run npm run test:integration	
integration (node 24)	Run npm run test:integration	+ Received:
integration (node 24)	Run npm run test:integration	"property-stops-wrapper at motions[0].tracks[0].keyframes.transform.values.x: The { stops: [...] } wrapper is retired; author the stops array directly as the value. property-stops-wrapper at motions[0].tracks[0].keyframes.transform.values.y: The { stops: [...] } wrapper is retired; author the stops array directly as the value. property-stops-wrapper at motions[0].tracks[0].keyframes.transform.values.rotation: The { stops: [...] } wrapper is retired; author the stops array directly as the value. property-stops-wrapper at motions[0].tracks[1].keyframes.fk.values.length: The { stops: [...] } wrapper is retired; author the stops array directly as the value. property-stops-wrapper at motions[0].tracks[1].keyframes.fk.values.rotation: The { stops: [...] } wrapper is retired; author the stops array directly as the value."
integration (node 24)	Run npm run test:integration	
integration (node 24)	Run npm run test:integration	 ❯ packages/core/test/integration/plugin-owned-requirements.test.ts:146:54
integration (node 24)	Run npm run test:integration	
integration (node 24)	Run npm run test:integration	
integration (node 24)	Run npm run test:integration	2026-08-23T01:36:34.5752895Z 
integration (node 24)	Run npm run test:integration	2026-08-23T01:36:34.5759341Z ##[error]TypeError: property-stops-wrapper at motions[0].tracks[0].keyframes.transform.values.x: The { stops: [...] } wrapper is retired; author the stops array directly as the value. property-stops-wrapper at motions[0].tracks[0].keyframes.transform.values.y: The { stops: [...] } wrapper is retired; author the stops array directly as the value. property-stops-wrapper at motions[0].tracks[0].keyframes.transform.values.rotation: The { stops: [...] } wrapper is retired; author the stops array directly as the value. property-stops-wrapper at motions[0].tracks[1].keyframes.reach.values.weight: The { stops: [...] } wrapper is retired; author the stops array directly as the value.
integration (node 24)	Run npm run test:integration	 ❯ assertValidProject packages/core/src/engine.ts:101:11
integration (node 24)	Run npm run test:integration	 ❯ Engine.load packages/core/src/engine.ts:170:29
integration (node 24)	Run npm run test:integration	 ❯ load packages/core/test/integration/plugin-owned-requirements.test.ts:98:6
integration (node 24)	Run npm run test:integration	 ❯ packages/core/test/integration/plugin-owned-requirements.test.ts:162:20
integration (node 24)	Run npm run test:integration	
integration (node 24)	Run npm run test:integration	
integration (node 24)	Run npm run test:integration	2026-08-23T01:36:34.5759825Z 
integration (node 24)	Run npm run test:integration	2026-08-23T01:36:34.5767010Z ##[error]TypeError: property-stops-wrapper at motions[0].tracks[0].keyframes.transform.values.x: The { stops: [...] } wrapper is retired; author the stops array directly as the value. property-stops-wrapper at motions[0].tracks[0].keyframes.transform.values.y: The { stops: [...] } wrapper is retired; author the stops array directly as the value. property-stops-wrapper at motions[0].tracks[0].keyframes.transform.values.rotation: The { stops: [...] } wrapper is retired; author the stops array directly as the value. property-stops-wrapper at motions[0].tracks[1].keyframes.fk.values.length: The { stops: [...] } wrapper is retired; author the stops array directly as the value. property-stops-wrapper at motions[0].tracks[1].keyframes.fk.values.rotation: The { stops: [...] } wrapper is retired; author the stops array directly as the value.
integration (node 24)	Run npm run test:integration	 ❯ assertValidProject packages/core/src/engine.ts:101:11
integration (node 24)	Run npm run test:integration	 ❯ Engine.load packages/core/src/engine.ts:170:29
integration (node 24)	Run npm run test:integration	 ❯ load packages/core/test/integration/plugin-owned-requirements.test.ts:98:6
integration (node 24)	Run npm run test:integration	 ❯ packages/core/test/integration/plugin-owned-requirements.test.ts:192:20
integration (node 24)	Run npm run test:integration	
integration (node 24)	Run npm run test:integration	
integration (node 24)	Run npm run test:integration	2026-08-23T01:36:34.5767470Z 
integration (node 24)	Run npm run test:integration	2026-08-23T01:36:34.5774876Z ##[error]AssertionError: expected [Function] to throw error matching /plugin-unknown-requirement/ but got 'property-stops-wrapper at motions[0].…'
integration (node 24)	Run npm run test:integration	
integration (node 24)	Run npm run test:integration	- Expected:
integration (node 24)	Run npm run test:integration	/plugin-unknown-requirement/
integration (node 24)	Run npm run test:integration	
integration (node 24)	Run npm run test:integration	+ Received:
integration (node 24)	Run npm run test:integration	"property-stops-wrapper at motions[0].tracks[0].keyframes.transform.values.x: The { stops: [...] } wrapper is retired; author the stops array directly as the value. property-stops-wrapper at motions[0].tracks[0].keyframes.transform.values.y: The { stops: [...] } wrapper is retired; author the stops array directly as the value. property-stops-wrapper at motions[0].tracks[0].keyframes.transform.values.rotation: The { stops: [...] } wrapper is retired; author the stops array directly as the value. property-stops-wrapper at motions[0].tracks[1].keyframes.fk.values.length: The { stops: [...] } wrapper is retired; author the stops array directly as the value. property-stops-wrapper at motions[0].tracks[1].keyframes.fk.values.rotation: The { stops: [...] } wrapper is retired; author the stops array directly as the value."
integration (node 24)	Run npm run test:integration	
integration (node 24)	Run npm run test:integration	 ❯ packages/core/test/integration/plugin-owned-requirements.test.ts:213:49
integration (node 24)	Run npm run test:integration	
integration (node 24)	Run npm run test:integration	
integration (node 24)	Run npm run test:integration	2026-08-23T01:36:34.5775675Z 
integration (node 24)	Run npm run test:integration	2026-08-23T01:36:34.5778127Z ##[error]TypeError: property-stops-wrapper at motions[0].tracks[0].keyframes.x: The { stops: [...] } wrapper is retired; author the stops array directly as the value.
integration (node 24)	Run npm run test:integration	 ❯ assertValidProject packages/core/src/engine.ts:101:11
integration (node 24)	Run npm run test:integration	 ❯ Engine.load packages/core/src/engine.ts:170:29
integration (node 24)	Run npm run test:integration	 ❯ packages/core/test/integration/replace-motion-track.test.ts:27:8
integration (node 24)	Run npm run test:integration	
integration (node 24)	Run npm run test:integration	
integration (node 24)	Run npm run test:integration	2026-08-23T01:36:34.5778586Z 
integration (node 24)	Run npm run test:integration	2026-08-23T01:36:34.5782826Z ##[error]TypeError: property-stops-wrapper at motions[0].tracks[0].keyframes.x: The { stops: [...] } wrapper is retired; author the stops array directly as the value. property-stops-wrapper at motions[0].tracks[1].keyframes.x: The { stops: [...] } wrapper is retired; author the stops array directly as the value. property-stops-wrapper at motions[0].tracks[2].keyframes.x: The { stops: [...] } wrapper is retired; author the stops array directly as the value.
integration (node 24)	Run npm run test:integration	 ❯ assertValidProject packages/core/src/engine.ts:101:11
integration (node 24)	Run npm run test:integration	 ❯ Engine.load packages/core/src/engine.ts:170:29
integration (node 24)	Run npm run test:integration	 ❯ packages/core/test/integration/replace-motion-track.test.ts:64:8
integration (node 24)	Run npm run test:integration	
integration (node 24)	Run npm run test:integration	
integration (node 24)	Run npm run test:integration	2026-08-23T01:36:34.5783279Z 
integration (node 24)	Run npm run test:integration	2026-08-23T01:36:34.5786588Z ##[error]TypeError: property-stops-wrapper at motions[0].tracks[0].keyframes.x: The { stops: [...] } wrapper is retired; author the stops array directly as the value. property-stops-wrapper at motions[0].tracks[1].keyframes.x: The { stops: [...] } wrapper is retired; author the stops array directly as the value.
integration (node 24)	Run npm run test:integration	 ❯ assertValidProject packages/core/src/engine.ts:101:11
integration (node 24)	Run npm run test:integration	 ❯ Engine.load packages/core/src/engine.ts:170:29
integration (node 24)	Run npm run test:integration	 ❯ packages/core/test/integration/replace-motion-track.test.ts:91:8
integration (node 24)	Run npm run test:integration	
integration (node 24)	Run npm run test:integration	
integration (node 24)	Run npm run test:integration	2026-08-23T01:36:34.5787042Z 
integration (node 24)	Run npm run test:integration	2026-08-23T01:36:34.5790481Z ##[error]TypeError: property-stops-wrapper at motions[0].tracks[0].keyframes.x: The { stops: [...] } wrapper is retired; author the stops array directly as the value.
integration (node 24)	Run npm run test:integration	 ❯ assertValidProject packages/core/src/engine.ts:101:11
integration (node 24)	Run npm run test:integration	 ❯ Engine.load packages/core/src/engine.ts:170:29
integration (node 24)	Run npm run test:integration	 ❯ load packages/core/test/integration/replace-track-transactionality.test.ts:68:6
integration (node 24)	Run npm run test:integration	 ❯ packages/core/test/integration/replace-track-transactionality.test.ts:96:20
integration (node 24)	Run npm run test:integration	
integration (node 24)	Run npm run test:integration	
integration (node 24)	Run npm run test:integration	2026-08-23T01:36:34.5790955Z 
integration (node 24)	Run npm run test:integration	2026-08-23T01:36:34.5794065Z ##[error]TypeError: property-stops-wrapper at motions[0].tracks[0].keyframes.x: The { stops: [...] } wrapper is retired; author the stops array directly as the value.
integration (node 24)	Run npm run test:integration	 ❯ assertValidProject packages/core/src/engine.ts:101:11
integration (node 24)	Run npm run test:integration	 ❯ Engine.load packages/core/src/engine.ts:170:29
integration (node 24)	Run npm run test:integration	 ❯ load packages/core/test/integration/replace-track-transactionality.test.ts:68:6
integration (node 24)	Run npm run test:integration	 ❯ packages/core/test/integration/replace-track-transactionality.test.ts:113:20
integration (node 24)	Run npm run test:integration	
integration (node 24)	Run npm run test:integration	
integration (node 24)	Run npm run test:integration	2026-08-23T01:36:34.5794518Z 
integration (node 24)	Run npm run test:integration	2026-08-23T01:36:34.5797562Z ##[error]TypeError: property-stops-wrapper at motions[0].tracks[0].keyframes.x: The { stops: [...] } wrapper is retired; author the stops array directly as the value.
integration (node 24)	Run npm run test:integration	 ❯ assertValidProject packages/core/src/engine.ts:101:11
integration (node 24)	Run npm run test:integration	 ❯ Engine.load packages/core/src/engine.ts:170:29
integration (node 24)	Run npm run test:integration	 ❯ load packages/core/test/integration/replace-track-transactionality.test.ts:68:6
integration (node 24)	Run npm run test:integration	 ❯ packages/core/test/integration/replace-track-transactionality.test.ts:125:20
integration (node 24)	Run npm run test:integration	
integration (node 24)	Run npm run test:integration	
integration (node 24)	Run npm run test:integration	2026-08-23T01:36:34.5797993Z 
integration (node 24)	Run npm run test:integration	2026-08-23T01:36:34.5801220Z ##[error]TypeError: property-stops-wrapper at motions[0].tracks[0].keyframes.x: The { stops: [...] } wrapper is retired; author the stops array directly as the value.
integration (node 24)	Run npm run test:integration	 ❯ assertValidProject packages/core/src/engine.ts:101:11
integration (node 24)	Run npm run test:integration	 ❯ Engine.load packages/core/src/engine.ts:170:29
integration (node 24)	Run npm run test:integration	 ❯ load packages/core/test/integration/replace-track-transactionality.test.ts:68:6
integration (node 24)	Run npm run test:integration	 ❯ packages/core/test/integration/replace-track-transactionality.test.ts:143:20
integration (node 24)	Run npm run test:integration	
integration (node 24)	Run npm run test:integration	
integration (node 24)	Run npm run test:integration	2026-08-23T01:36:34.5801959Z 
integration (node 24)	Run npm run test:integration	2026-08-23T01:36:34.5805109Z ##[error]TypeError: property-stops-wrapper at addTrack(arm).keyframes.x: The { stops: [...] } wrapper is retired; author the stops array directly as the value.
integration (node 24)	Run npm run test:integration	 ❯ ProjectRuntime.#addTrack packages/core/src/runtime/project-runtime.ts:281:13
integration (node 24)	Run npm run test:integration	 ❯ ProjectRuntime.adopt packages/core/src/runtime/project-runtime.ts:247:25
integration (node 24)	Run npm run test:integration	 ❯ Object.adopt packages/core/src/engine.ts:86:47
integration (node 24)	Run npm run test:integration	 ❯ packages/core/test/integration/runtime-motion-lifecycle.test.ts:42:28
integration (node 24)	Run npm run test:integration	
integration (node 24)	Run npm run test:integration	
integration (node 24)	Run npm run test:integration	2026-08-23T01:36:34.5805541Z 
integration (node 24)	Run npm run test:integration	2026-08-23T01:36:34.5808613Z ##[error]TypeError: property-stops-wrapper at addTrack(arm).keyframes.x: The { stops: [...] } wrapper is retired; author the stops array directly as the value.
integration (node 24)	Run npm run test:integration	 ❯ ProjectRuntime.#addTrack packages/core/src/runtime/project-runtime.ts:281:13
integration (node 24)	Run npm run test:integration	 ❯ ProjectRuntime.adopt packages/core/src/runtime/project-runtime.ts:247:25
integration (node 24)	Run npm run test:integration	 ❯ Object.adopt packages/core/src/engine.ts:86:47
integration (node 24)	Run npm run test:integration	 ❯ packages/core/test/integration/runtime-motion-lifecycle.test.ts:58:28
integration (node 24)	Run npm run test:integration	
integration (node 24)	Run npm run test:integration	
integration (node 24)	Run npm run test:integration	2026-08-23T01:36:34.5809190Z 
integration (node 24)	Run npm run test:integration	2026-08-23T01:36:34.5812297Z ##[error]TypeError: property-stops-wrapper at addTrack(arm).keyframes.x: The { stops: [...] } wrapper is retired; author the stops array directly as the value.
integration (node 24)	Run npm run test:integration	 ❯ ProjectRuntime.#addTrack packages/core/src/runtime/project-runtime.ts:281:13
integration (node 24)	Run npm run test:integration	 ❯ ProjectRuntime.adopt packages/core/src/runtime/project-runtime.ts:247:25
integration (node 24)	Run npm run test:integration	 ❯ Object.adopt packages/core/src/engine.ts:86:47
integration (node 24)	Run npm run test:integration	 ❯ packages/core/test/integration/runtime-motion-lifecycle.test.ts:74:25
integration (node 24)	Run npm run test:integration	
integration (node 24)	Run npm run test:integration	
integration (node 24)	Run npm run test:integration	2026-08-23T01:36:34.5812743Z 
integration (node 24)	Run npm run test:integration	2026-08-23T01:36:34.5819928Z ##[error]TypeError: property-stops-wrapper at motions[0].tracks[0].keyframes.transform.values.x: The { stops: [...] } wrapper is retired; author the stops array directly as the value. property-stops-wrapper at motions[0].tracks[0].keyframes.transform.values.y: The { stops: [...] } wrapper is retired; author the stops array directly as the value. property-stops-wrapper at motions[0].tracks[0].keyframes.transform.values.rotation: The { stops: [...] } wrapper is retired; author the stops array directly as the value. property-stops-wrapper at motions[0].tracks[1].keyframes.fk.values.length: The { stops: [...] } wrapper is retired; author the stops array directly as the value. property-stops-wrapper at motions[0].tracks[1].keyframes.fk.values.rotation: The { stops: [...] } wrapper is retired; author the stops array directly as the value.
integration (node 24)	Run npm run test:integration	 ❯ assertValidProject packages/core/src/engine.ts:101:11
integration (node 24)	Run npm run test:integration	 ❯ Engine.load packages/core/src/engine.ts:170:29
integration (node 24)	Run npm run test:integration	 ❯ load packages/core/test/integration/single-input-channel.test.ts:45:6
integration (node 24)	Run npm run test:integration	 ❯ packages/core/test/integration/single-input-channel.test.ts:52:20
integration (node 24)	Run npm run test:integration	
integration (node 24)	Run npm run test:integration	
integration (node 24)	Run npm run test:integration	2026-08-23T01:36:34.5820416Z 
integration (node 24)	Run npm run test:integration	2026-08-23T01:36:34.5823414Z ##[error]TypeError: property-stops-wrapper at motions[0].tracks[0].keyframes.x: The { stops: [...] } wrapper is retired; author the stops array directly as the value.
integration (node 24)	Run npm run test:integration	 ❯ assertValidProject packages/core/src/engine.ts:101:11
integration (node 24)	Run npm run test:integration	 ❯ Engine.load packages/core/src/engine.ts:170:29
integration (node 24)	Run npm run test:integration	 ❯ load packages/core/test/integration/t4-runtime-motion-parity.test.ts:153:6
integration (node 24)	Run npm run test:integration	 ❯ packages/core/test/integration/t4-runtime-motion-parity.test.ts:175:22
integration (node 24)	Run npm run test:integration	
integration (node 24)	Run npm run test:integration	
integration (node 24)	Run npm run test:integration	2026-08-23T01:36:34.5823855Z 
integration (node 24)	Run npm run test:integration	2026-08-23T01:36:34.5827026Z ##[error]TypeError: property-stops-wrapper at addTrack(arm).keyframes.x: The { stops: [...] } wrapper is retired; author the stops array directly as the value.
integration (node 24)	Run npm run test:integration	 ❯ ProjectRuntime.#addTrack packages/core/src/runtime/project-runtime.ts:281:13
integration (node 24)	Run npm run test:integration	 ❯ ProjectRuntime.addTrack packages/core/src/runtime/project-runtime.ts:234:17
integration (node 24)	Run npm run test:integration	 ❯ Object.addTrack packages/core/src/engine.ts:80:43
integration (node 24)	Run npm run test:integration	 ❯ packages/core/test/integration/t4-runtime-motion-parity.test.ts:360:12
integration (node 24)	Run npm run test:integration	
integration (node 24)	Run npm run test:integration	
integration (node 24)	Run npm run test:integration	2026-08-23T01:36:34.5827466Z 
integration (node 24)	Run npm run test:integration	2026-08-23T01:36:34.5830916Z ##[error]TypeError: property-stops-wrapper at addTrack(arm).keyframes.x: The { stops: [...] } wrapper is retired; author the stops array directly as the value.
integration (node 24)	Run npm run test:integration	 ❯ ProjectRuntime.#addTrack packages/core/src/runtime/project-runtime.ts:281:13
integration (node 24)	Run npm run test:integration	 ❯ ProjectRuntime.addTrack packages/core/src/runtime/project-runtime.ts:234:17
integration (node 24)	Run npm run test:integration	 ❯ Object.addTrack packages/core/src/engine.ts:80:43
integration (node 24)	Run npm run test:integration	 ❯ packages/core/test/integration/t4-runtime-motion-parity.test.ts:397:12
integration (node 24)	Run npm run test:integration	
integration (node 24)	Run npm run test:integration	
integration (node 24)	Run npm run test:integration	2026-08-23T01:36:34.5831675Z 
integration (node 24)	Run npm run test:integration	2026-08-23T01:36:34.5834535Z ##[error]TypeError: property-stops-wrapper at motions[0].tracks[0].keyframes.x: The { stops: [...] } wrapper is retired; author the stops array directly as the value.
integration (node 24)	Run npm run test:integration	 ❯ assertValidProject packages/core/src/engine.ts:101:11
integration (node 24)	Run npm run test:integration	 ❯ Engine.load packages/core/src/engine.ts:170:29
integration (node 24)	Run npm run test:integration	 ❯ load packages/core/test/integration/trigger-scroll.test.ts:65:6
integration (node 24)	Run npm run test:integration	 ❯ packages/core/test/integration/trigger-scroll.test.ts:76:35
integration (node 24)	Run npm run test:integration	
integration (node 24)	Run npm run test:integration	
integration (node 24)	Run npm run test:integration	2026-08-23T01:36:34.5834964Z 
integration (node 24)	Run npm run test:integration	2026-08-23T01:36:34.5837743Z ##[error]TypeError: property-stops-wrapper at motions[0].tracks[0].keyframes.x: The { stops: [...] } wrapper is retired; author the stops array directly as the value.
integration (node 24)	Run npm run test:integration	 ❯ assertValidProject packages/core/src/engine.ts:101:11
integration (node 24)	Run npm run test:integration	 ❯ Engine.load packages/core/src/engine.ts:170:29
integration (node 24)	Run npm run test:integration	 ❯ load packages/core/test/integration/trigger-scroll.test.ts:65:6
integration (node 24)	Run npm run test:integration	 ❯ packages/core/test/integration/trigger-scroll.test.ts:99:24
integration (node 24)	Run npm run test:integration	
integration (node 24)	Run npm run test:integration	
integration (node 24)	Run npm run test:integration	2026-08-23T01:36:34.5838196Z 
integration (node 24)	Run npm run test:integration	2026-08-23T01:36:34.5842214Z ##[error]AssertionError: expected [Function] to throw error matching /trigger-driver-unavailable/ but got 'property-stops-wrapper at motions[0].…'
integration (node 24)	Run npm run test:integration	
integration (node 24)	Run npm run test:integration	- Expected:
integration (node 24)	Run npm run test:integration	/trigger-driver-unavailable/
integration (node 24)	Run npm run test:integration	
integration (node 24)	Run npm run test:integration	+ Received:
integration (node 24)	Run npm run test:integration	"property-stops-wrapper at motions[0].tracks[0].keyframes.x: The { stops: [...] } wrapper is retired; author the stops array directly as the value. property-stops-wrapper at motions[1].tracks[0].keyframes.x: The { stops: [...] } wrapper is retired; author the stops array directly as the value."
integration (node 24)	Run npm run test:integration	
integration (node 24)	Run npm run test:integration	 ❯ packages/core/test/integration/trigger-scroll.test.ts:133:7
integration (node 24)	Run npm run test:integration	
integration (node 24)	Run npm run test:integration	
integration (node 24)	Run npm run test:integration	2026-08-23T01:36:34.5842669Z 
integration (node 24)	Run npm run test:integration	2026-08-23T01:36:34.5845526Z ##[error]TypeError: property-stops-wrapper at motions[0].tracks[0].keyframes.x: The { stops: [...] } wrapper is retired; author the stops array directly as the value.
integration (node 24)	Run npm run test:integration	 ❯ assertValidProject packages/core/src/engine.ts:101:11
integration (node 24)	Run npm run test:integration	 ❯ Engine.load packages/core/src/engine.ts:170:29
integration (node 24)	Run npm run test:integration	 ❯ load packages/core/test/integration/trigger-scroll.test.ts:65:6
integration (node 24)	Run npm run test:integration	 ❯ packages/core/test/integration/trigger-scroll.test.ts:141:42
integration (node 24)	Run npm run test:integration	
integration (node 24)	Run npm run test:integration	
integration (node 24)	Run npm run test:integration	2026-08-23T01:36:34.5845968Z 
integration (node 24)	Run npm run test:integration	2026-08-23T01:36:34.5848738Z ##[error]TypeError: property-stops-wrapper at motions[0].tracks[0].keyframes.x: The { stops: [...] } wrapper is retired; author the stops array directly as the value.
integration (node 24)	Run npm run test:integration	 ❯ assertValidProject packages/core/src/engine.ts:101:11
integration (node 24)	Run npm run test:integration	 ❯ Engine.load packages/core/src/engine.ts:170:29
integration (node 24)	Run npm run test:integration	 ❯ load packages/core/test/integration/trigger-scroll.test.ts:65:6
integration (node 24)	Run npm run test:integration	 ❯ packages/core/test/integration/trigger-scroll.test.ts:163:24
integration (node 24)	Run npm run test:integration	
integration (node 24)	Run npm run test:integration	
integration (node 24)	Run npm run test:integration	2026-08-23T01:36:34.5849264Z 
integration (node 24)	Run npm run test:integration	2026-08-23T01:36:34.5850725Z ##[error]AssertionError: expected false to be true // Object.is equality
integration (node 24)	Run npm run test:integration	
integration (node 24)	Run npm run test:integration	- Expected
integration (node 24)	Run npm run test:integration	+ Received
integration (node 24)	Run npm run test:integration	
integration (node 24)	Run npm run test:integration	- true
integration (node 24)	Run npm run test:integration	+ false
integration (node 24)	Run npm run test:integration	
integration (node 24)	Run npm run test:integration	 ❯ packages/core/test/integration/trigger-time-loop.test.ts:98:26
integration (node 24)	Run npm run test:integration	
integration (node 24)	Run npm run test:integration	
integration (node 24)	Run npm run test:integration	2026-08-23T01:36:34.5851163Z 
integration (node 24)	Run npm run test:integration	2026-08-23T01:36:34.5854060Z ##[error]TypeError: property-stops-wrapper at motions[0].tracks[0].keyframes.x: The { stops: [...] } wrapper is retired; author the stops array directly as the value.
integration (node 24)	Run npm run test:integration	 ❯ assertValidProject packages/core/src/engine.ts:101:11
integration (node 24)	Run npm run test:integration	 ❯ Engine.load packages/core/src/engine.ts:170:29
integration (node 24)	Run npm run test:integration	 ❯ load packages/core/test/integration/trigger-time-loop.test.ts:52:91
integration (node 24)	Run npm run test:integration	 ❯ packages/core/test/integration/trigger-time-loop.test.ts:103:52
integration (node 24)	Run npm run test:integration	
integration (node 24)	Run npm run test:integration	
integration (node 24)	Run npm run test:integration	2026-08-23T01:36:34.5854495Z 
integration (node 24)	Run npm run test:integration	2026-08-23T01:36:34.5857311Z ##[error]TypeError: property-stops-wrapper at motions[0].tracks[0].keyframes.x: The { stops: [...] } wrapper is retired; author the stops array directly as the value.
integration (node 24)	Run npm run test:integration	 ❯ assertValidProject packages/core/src/engine.ts:101:11
integration (node 24)	Run npm run test:integration	 ❯ Engine.load packages/core/src/engine.ts:170:29
integration (node 24)	Run npm run test:integration	 ❯ load packages/core/test/integration/trigger-time-loop.test.ts:52:91
integration (node 24)	Run npm run test:integration	 ❯ packages/core/test/integration/trigger-time-loop.test.ts:123:22
integration (node 24)	Run npm run test:integration	
integration (node 24)	Run npm run test:integration	
integration (node 24)	Run npm run test:integration	2026-08-23T01:36:34.5857918Z 
integration (node 24)	Run npm run test:integration	2026-08-23T01:36:34.5861753Z ##[error]TypeError: property-stops-wrapper at motions[0].tracks[0].keyframes.x: The { stops: [...] } wrapper is retired; author the stops array directly as the value. property-stops-wrapper at motions[0].tracks[1].keyframes.x: The { stops: [...] } wrapper is retired; author the stops array directly as the value.
integration (node 24)	Run npm run test:integration	 ❯ assertValidProject packages/core/src/engine.ts:101:11
integration (node 24)	Run npm run test:integration	 ❯ Engine.load packages/core/src/engine.ts:170:29
integration (node 24)	Run npm run test:integration	 ❯ load packages/core/test/integration/trigger-time-loop.test.ts:52:91
integration (node 24)	Run npm run test:integration	 ❯ packages/core/test/integration/trigger-time-loop.test.ts:150:41
integration (node 24)	Run npm run test:integration	
integration (node 24)	Run npm run test:integration	
integration (node 24)	Run npm run test:integration	2026-08-23T01:36:34.5862322Z 
integration (node 24)	Run npm run test:integration	2026-08-23T01:36:34.5864710Z ##[error]TypeError: property-stops-wrapper at motions[0].tracks[0].keyframes.x: The { stops: [...] } wrapper is retired; author the stops array directly as the value.
integration (node 24)	Run npm run test:integration	 ❯ assertValidProject packages/core/src/engine.ts:101:11
integration (node 24)	Run npm run test:integration	 ❯ Engine.load packages/core/src/engine.ts:170:29
integration (node 24)	Run npm run test:integration	 ❯ packages/core/test/integration/trigger-time-loop.test.ts:179:93
integration (node 24)	Run npm run test:integration	
integration (node 24)	Run npm run test:integration	
integration (node 24)	Run npm run test:integration	2026-08-23T01:36:34.5865136Z 
integration (node 24)	Run npm run test:integration	2026-08-23T01:36:34.5867947Z ##[error]TypeError: property-stops-wrapper at motions[0].tracks[0].keyframes.x: The { stops: [...] } wrapper is retired; author the stops array directly as the value.
integration (node 24)	Run npm run test:integration	 ❯ assertValidProject packages/core/src/engine.ts:101:11
integration (node 24)	Run npm run test:integration	 ❯ Engine.load packages/core/src/engine.ts:170:29
integration (node 24)	Run npm run test:integration	 ❯ load packages/core/test/integration/trigger-time-loop.test.ts:52:91
integration (node 24)	Run npm run test:integration	 ❯ packages/core/test/integration/trigger-time-loop.test.ts:196:21
integration (node 24)	Run npm run test:integration	
integration (node 24)	Run npm run test:integration	
integration (node 24)	Run npm run test:integration	2026-08-23T01:36:34.5868378Z 
integration (node 24)	Run npm run test:integration	2026-08-23T01:36:34.5871307Z ##[error]TypeError: property-stops-wrapper at motions[0].tracks[0].keyframes.x: The { stops: [...] } wrapper is retired; author the stops array directly as the value.
integration (node 24)	Run npm run test:integration	 ❯ assertValidProject packages/core/src/engine.ts:101:11
integration (node 24)	Run npm run test:integration	 ❯ Engine.load packages/core/src/engine.ts:170:29
integration (node 24)	Run npm run test:integration	 ❯ load packages/core/test/integration/trigger-time-loop.test.ts:52:91
integration (node 24)	Run npm run test:integration	 ❯ packages/core/test/integration/trigger-time-loop.test.ts:213:41
integration (node 24)	Run npm run test:integration	
integration (node 24)	Run npm run test:integration	
integration (node 24)	Run npm run test:integration	2026-08-23T01:36:34.5871751Z 
integration (node 24)	Run npm run test:integration	2026-08-23T01:36:34.5875467Z ##[error]TypeError: property-stops-wrapper at motions[0].tracks[0].keyframes.x: The { stops: [...] } wrapper is retired; author the stops array directly as the value. property-stops-wrapper at motions[1].tracks[0].keyframes.x: The { stops: [...] } wrapper is retired; author the stops array directly as the value.
integration (node 24)	Run npm run test:integration	 ❯ assertValidProject packages/core/src/engine.ts:101:11
integration (node 24)	Run npm run test:integration	 ❯ Engine.load packages/core/src/engine.ts:170:29
integration (node 24)	Run npm run test:integration	 ❯ load packages/core/test/integration/trigger-time-loop.test.ts:52:91
integration (node 24)	Run npm run test:integration	 ❯ packages/core/test/integration/trigger-time-loop.test.ts:227:48
integration (node 24)	Run npm run test:integration	
integration (node 24)	Run npm run test:integration	
integration (node 24)	Run npm run test:integration	2026-08-23T01:36:34.5875916Z 
integration (node 24)	Run npm run test:integration	2026-08-23T01:36:34.5878752Z ##[error]TypeError: property-stops-wrapper at motions[0].tracks[0].keyframes.x: The { stops: [...] } wrapper is retired; author the stops array directly as the value.
integration (node 24)	Run npm run test:integration	 ❯ assertValidProject packages/core/src/engine.ts:101:11
integration (node 24)	Run npm run test:integration	 ❯ Engine.load packages/core/src/engine.ts:170:29
integration (node 24)	Run npm run test:integration	 ❯ loadTimeMotion packages/core/test/integration/trigger-time.test.ts:28:91
integration (node 24)	Run npm run test:integration	 ❯ packages/core/test/integration/trigger-time.test.ts:39:42
integration (node 24)	Run npm run test:integration	
integration (node 24)	Run npm run test:integration	
integration (node 24)	Run npm run test:integration	2026-08-23T01:36:34.5879284Z 
integration (node 24)	Run npm run test:integration	2026-08-23T01:36:34.5882096Z ##[error]TypeError: property-stops-wrapper at motions[0].tracks[0].keyframes.x: The { stops: [...] } wrapper is retired; author the stops array directly as the value.
integration (node 24)	Run npm run test:integration	 ❯ assertValidProject packages/core/src/engine.ts:101:11
integration (node 24)	Run npm run test:integration	 ❯ Engine.load packages/core/src/engine.ts:170:29
integration (node 24)	Run npm run test:integration	 ❯ loadTimeMotion packages/core/test/integration/trigger-time.test.ts:28:91
integration (node 24)	Run npm run test:integration	 ❯ packages/core/test/integration/trigger-time.test.ts:59:35
integration (node 24)	Run npm run test:integration	
integration (node 24)	Run npm run test:integration	
integration (node 24)	Run npm run test:integration	2026-08-23T01:36:34.5882538Z 
integration (node 24)	Run npm run test:integration	2026-08-23T01:36:34.5885353Z ##[error]TypeError: property-stops-wrapper at motions[0].tracks[0].keyframes.x: The { stops: [...] } wrapper is retired; author the stops array directly as the value.
integration (node 24)	Run npm run test:integration	 ❯ assertValidProject packages/core/src/engine.ts:101:11
integration (node 24)	Run npm run test:integration	 ❯ Engine.load packages/core/src/engine.ts:170:29
integration (node 24)	Run npm run test:integration	 ❯ loadTimeMotion packages/core/test/integration/trigger-time.test.ts:28:91
integration (node 24)	Run npm run test:integration	 ❯ packages/core/test/integration/trigger-time.test.ts:66:35
integration (node 24)	Run npm run test:integration	
integration (node 24)	Run npm run test:integration	
integration (node 24)	Run npm run test:integration	2026-08-23T01:36:34.5885782Z 
integration (node 24)	Run npm run test:integration	2026-08-23T01:36:34.5888574Z ##[error]TypeError: property-stops-wrapper at motions[0].tracks[0].keyframes.x: The { stops: [...] } wrapper is retired; author the stops array directly as the value.
integration (node 24)	Run npm run test:integration	 ❯ assertValidProject packages/core/src/engine.ts:101:11
integration (node 24)	Run npm run test:integration	 ❯ Engine.load packages/core/src/engine.ts:170:29
integration (node 24)	Run npm run test:integration	 ❯ loadTimeMotion packages/core/test/integration/trigger-time.test.ts:28:91
integration (node 24)	Run npm run test:integration	 ❯ packages/core/test/integration/trigger-time.test.ts:78:42
integration (node 24)	Run npm run test:integration	
integration (node 24)	Run npm run test:integration	
integration (node 24)	Run npm run test:integration	2026-08-23T01:36:34.5889492Z 
integration (node 24)	Run npm run test:integration	2026-08-23T01:36:34.5891834Z ##[error]TypeError: property-stops-wrapper at motions[0].tracks[0].keyframes.x: The { stops: [...] } wrapper is retired; author the stops array directly as the value.
integration (node 24)	Run npm run test:integration	 ❯ assertValidProject packages/core/src/engine.ts:101:11
integration (node 24)	Run npm run test:integration	 ❯ Engine.load packages/core/src/engine.ts:170:29
integration (node 24)	Run npm run test:integration	 ❯ packages/core/test/integration/trigger-time.test.ts:113:93
integration (node 24)	Run npm run test:integration	
integration (node 24)	Run npm run test:integration	
integration (node 24)	Run npm run test:integration	2026-08-23T01:36:34.5892262Z 
integration (node 24)	Run npm run test:integration	2026-08-23T01:36:34.5894580Z ##[error]TypeError: property-stops-wrapper at motions[1].tracks[0].keyframes.x: The { stops: [...] } wrapper is retired; author the stops array directly as the value.
integration (node 24)	Run npm run test:integration	 ❯ assertValidProject packages/core/src/engine.ts:101:11
integration (node 24)	Run npm run test:integration	 ❯ Engine.load packages/core/src/engine.ts:170:29
integration (node 24)	Run npm run test:integration	 ❯ packages/core/test/integration/trigger-time.test.ts:152:8
integration (node 24)	Run npm run test:integration	
integration (node 24)	Run npm run test:integration	
integration (node 24)	Run npm run test:integration	2026-08-23T01:36:34.5895011Z 
integration (node 24)	Run npm run test:integration	2026-08-23T01:36:34.5898861Z ##[error]TypeError: property-stops-wrapper at motions[0].tracks[0].keyframes.x: The { stops: [...] } wrapper is retired; author the stops array directly as the value. property-stops-wrapper at freeTracks[0].keyframes.x: The { stops: [...] } wrapper is retired; author the stops array directly as the value.
integration (node 24)	Run npm run test:integration	 ❯ assertValidProject packages/core/src/engine.ts:101:11
integration (node 24)	Run npm run test:integration	 ❯ Engine.load packages/core/src/engine.ts:170:29
integration (node 24)	Run npm run test:integration	 ❯ makeHandle packages/core/test/integration/unified-mutation-surface.test.ts:28:6
integration (node 24)	Run npm run test:integration	 ❯ packages/core/test/integration/unified-mutation-surface.test.ts:33:20
integration (node 24)	Run npm run test:integration	
integration (node 24)	Run npm run test:integration	
integration (node 24)	Run npm run test:integration	2026-08-23T01:36:34.5899403Z 
integration (node 24)	Run npm run test:integration	2026-08-23T01:36:34.5902565Z ##[error]TypeError: property-stops-wrapper at addTrack(arm).keyframes.x: The { stops: [...] } wrapper is retired; author the stops array directly as the value.
integration (node 24)	Run npm run test:integration	 ❯ ProjectRuntime.#addTrack packages/core/src/runtime/project-runtime.ts:281:13
integration (node 24)	Run npm run test:integration	 ❯ ProjectRuntime.addTrack packages/core/src/runtime/project-runtime.ts:234:17
integration (node 24)	Run npm run test:integration	 ❯ Object.addTrack packages/core/src/engine.ts:80:43
integration (node 24)	Run npm run test:integration	 ❯ packages/core/test/integration/unified-mutation-surface.test.ts:53:26
integration (node 24)	Run npm run test:integration	
integration (node 24)	Run npm run test:integration	
integration (node 24)	Run npm run test:integration	2026-08-23T01:36:34.5903010Z 
integration (node 24)	Run npm run test:integration	2026-08-23T01:36:34.5906158Z ##[error]TypeError: property-stops-wrapper at addTrack(arm).keyframes.x: The { stops: [...] } wrapper is retired; author the stops array directly as the value.
integration (node 24)	Run npm run test:integration	 ❯ ProjectRuntime.#addTrack packages/core/src/runtime/project-runtime.ts:281:13
integration (node 24)	Run npm run test:integration	 ❯ ProjectRuntime.addTrack packages/core/src/runtime/project-runtime.ts:234:17
integration (node 24)	Run npm run test:integration	 ❯ Object.addTrack packages/core/src/engine.ts:80:43
integration (node 24)	Run npm run test:integration	 ❯ packages/core/test/integration/unified-mutation-surface.test.ts:64:35
integration (node 24)	Run npm run test:integration	
integration (node 24)	Run npm run test:integration	
integration (node 24)	Run npm run test:integration	2026-08-23T01:36:34.5906613Z 
integration (node 24)	Run npm run test:integration	2026-08-23T01:36:34.5909992Z ##[error]TypeError: property-stops-wrapper at addTrack(root).keyframes.x: The { stops: [...] } wrapper is retired; author the stops array directly as the value.
integration (node 24)	Run npm run test:integration	 ❯ ProjectRuntime.#addTrack packages/core/src/runtime/project-runtime.ts:281:13
integration (node 24)	Run npm run test:integration	 ❯ ProjectRuntime.addTrack packages/core/src/runtime/project-runtime.ts:234:17
integration (node 24)	Run npm run test:integration	 ❯ Object.addTrack packages/core/src/engine.ts:80:43
integration (node 24)	Run npm run test:integration	 ❯ packages/core/test/integration/unified-mutation-surface.test.ts:79:25
integration (node 24)	Run npm run test:integration	
integration (node 24)	Run npm run test:integration	
integration (node 24)	Run npm run test:integration	2026-08-23T01:36:34.5910467Z 
integration (node 24)	Run npm run test:integration	2026-08-23T01:36:34.5913614Z ##[error]TypeError: property-stops-wrapper at addTrack(root).keyframes.x: The { stops: [...] } wrapper is retired; author the stops array directly as the value.
integration (node 24)	Run npm run test:integration	 ❯ ProjectRuntime.#addTrack packages/core/src/runtime/project-runtime.ts:281:13
integration (node 24)	Run npm run test:integration	 ❯ ProjectRuntime.addTrack packages/core/src/runtime/project-runtime.ts:234:17
integration (node 24)	Run npm run test:integration	 ❯ Object.addTrack packages/core/src/engine.ts:80:43
integration (node 24)	Run npm run test:integration	 ❯ packages/core/test/integration/unified-mutation-surface.test.ts:90:25
integration (node 24)	Run npm run test:integration	
integration (node 24)	Run npm run test:integration	
integration (node 24)	Run npm run test:integration	2026-08-23T01:36:34.5916454Z ##[error]Process completed with exit code 1.
quality (node 24)	Run npm run typecheck	﻿2026-08-23T01:36:29.9633010Z ##[group]Run npm run typecheck
quality (node 24)	Run npm run typecheck	2026-08-23T01:36:29.9633355Z ^[[36;1mnpm run typecheck^[[0m
quality (node 24)	Run npm run typecheck	2026-08-23T01:36:29.9657315Z shell: /usr/bin/bash -e {0}
quality (node 24)	Run npm run typecheck	2026-08-23T01:36:29.9657623Z env:
quality (node 24)	Run npm run typecheck	2026-08-23T01:36:29.9657838Z   NODE_VERSION: 24
quality (node 24)	Run npm run typecheck	2026-08-23T01:36:29.9658058Z ##[endgroup]
quality (node 24)	Run npm run typecheck	2026-08-23T01:36:30.0650080Z 
quality (node 24)	Run npm run typecheck	2026-08-23T01:36:30.0651085Z > motion5@0.0.0 typecheck
quality (node 24)	Run npm run typecheck	2026-08-23T01:36:30.0651800Z > tsc --noEmit -p tsconfig.json
quality (node 24)	Run npm run typecheck	2026-08-23T01:36:30.0652116Z 
quality (node 24)	Run npm run typecheck	2026-08-23T01:36:33.1177648Z ##[error]packages/core/test/contract/graph-builder-incremental.test.ts(20,17): error TS2353: Object literal may only specify known properties, and 'stops' does not exist in type 'readonly AuthoredStop[] | AuthoredPluginGroup'.
quality (node 24)	Run npm run typecheck	2026-08-23T01:36:33.1192362Z ##[error]packages/core/test/contract/graph-builder-incremental.test.ts(35,13): error TS2353: Object literal may only specify known properties, and 'stops' does not exist in type 'readonly AuthoredStop[] | AuthoredPluginGroup'.
quality (node 24)	Run npm run typecheck	2026-08-23T01:36:33.1198983Z ##[error]packages/core/test/contract/graph-builder-incremental.test.ts(68,11): error TS2353: Object literal may only specify known properties, and 'stops' does not exist in type 'readonly AuthoredStop[] | AuthoredPluginGroup'.
quality (node 24)	Run npm run typecheck	2026-08-23T01:36:33.1204380Z ##[error]packages/core/test/integration/adopt-destroy-readopt.test.ts(40,34): error TS2345: Argument of type '{ id: string; keyframes: { x: { stops: { p: number; v: number; }[]; }; }; }' is not assignable to parameter of type 'TrackDefinition'.
quality (node 24)	Run npm run typecheck	2026-08-23T01:36:33.1207058Z   Types of property 'keyframes' are incompatible.
quality (node 24)	Run npm run typecheck	2026-08-23T01:36:33.1208273Z     Type '{ x: { stops: { p: number; v: number; }[]; }; }' is not assignable to type 'Readonly<Record<string, AuthoredKeyframe>>'.
quality (node 24)	Run npm run typecheck	2026-08-23T01:36:33.1209385Z       Property 'x' is incompatible with index signature.
quality (node 24)	Run npm run typecheck	2026-08-23T01:36:33.1210301Z         Type '{ stops: { p: number; v: number; }[]; }' is not assignable to type 'AuthoredKeyframe'.
quality (node 24)	Run npm run typecheck	2026-08-23T01:36:33.1213591Z ##[error]packages/core/test/integration/adopt-destroy-readopt.test.ts(62,36): error TS2345: Argument of type '{ id: string; keyframes: { x: { stops: { p: number; v: number; }[]; }; }; }' is not assignable to parameter of type 'TrackDefinition'.
quality (node 24)	Run npm run typecheck	2026-08-23T01:36:33.1216351Z   Types of property 'keyframes' are incompatible.
quality (node 24)	Run npm run typecheck	2026-08-23T01:36:33.1217466Z     Type '{ x: { stops: { p: number; v: number; }[]; }; }' is not assignable to type 'Readonly<Record<string, AuthoredKeyframe>>'.
quality (node 24)	Run npm run typecheck	2026-08-23T01:36:33.1218543Z       Property 'x' is incompatible with index signature.
quality (node 24)	Run npm run typecheck	2026-08-23T01:36:33.1219470Z         Type '{ stops: { p: number; v: number; }[]; }' is not assignable to type 'AuthoredKeyframe'.
quality (node 24)	Run npm run typecheck	2026-08-23T01:36:33.1221977Z ##[error]packages/core/test/integration/adopted-track-immutability.test.ts(30,20): error TS2322: Type '{ stops: { p: number; v: number; }[]; }' is not assignable to type 'AuthoredKeyframe'.
quality (node 24)	Run npm run typecheck	2026-08-23T01:36:33.1225731Z ##[error]packages/core/test/integration/adopted-track-immutability.test.ts(42,38): error TS2339: Property 'stops' does not exist on type 'AuthoredProperty'.
quality (node 24)	Run npm run typecheck	2026-08-23T01:36:33.1227864Z   Property 'stops' does not exist on type 'string'.
quality (node 24)	Run npm run typecheck	2026-08-23T01:36:33.1229899Z ##[error]packages/core/test/integration/adopted-track-immutability.test.ts(43,38): error TS2339: Property 'stops' does not exist on type 'AuthoredProperty'.
quality (node 24)	Run npm run typecheck	2026-08-23T01:36:33.1232157Z   Property 'stops' does not exist on type 'string'.
quality (node 24)	Run npm run typecheck	2026-08-23T01:36:33.1234672Z ##[error]packages/core/test/integration/adopted-track-immutability.test.ts(54,20): error TS2322: Type '{ stops: { p: number; v: number; }[]; }' is not assignable to type 'AuthoredKeyframe'.
quality (node 24)	Run npm run typecheck	2026-08-23T01:36:33.1238254Z ##[error]packages/core/test/integration/adopted-track-immutability.test.ts(60,15): error TS2339: Property 'stops' does not exist on type 'AuthoredProperty'.
quality (node 24)	Run npm run typecheck	2026-08-23T01:36:33.1240388Z   Property 'stops' does not exist on type 'string'.
quality (node 24)	Run npm run typecheck	2026-08-23T01:36:33.1242248Z ##[error]packages/core/test/integration/adopted-track-immutability.test.ts(79,60): error TS2322: Type '{ stops: { p: number; v: number; }[]; }' is not assignable to type 'AuthoredKeyframe'.
quality (node 24)	Run npm run typecheck	2026-08-23T01:36:33.1245235Z ##[error]packages/core/test/integration/adopted-track-immutability.test.ts(87,63): error TS2322: Type '{ stops: { p: number; v: number; }[]; }' is not assignable to type 'AuthoredKeyframe'.
quality (node 24)	Run npm run typecheck	2026-08-23T01:36:33.1247683Z ##[error]packages/core/test/integration/adoption.test.ts(78,52): error TS2353: Object literal may only specify known properties, and 'stops' does not exist in type 'readonly AuthoredStop[] | AuthoredPluginGroup'.
quality (node 24)	Run npm run typecheck	2026-08-23T01:36:33.1249956Z ##[error]packages/core/test/integration/adoption.test.ts(91,15): error TS2353: Object literal may only specify known properties, and 'stops' does not exist in type 'readonly AuthoredStop[] | AuthoredPluginGroup'.
quality (node 24)	Run npm run typecheck	2026-08-23T01:36:33.1252244Z ##[error]packages/core/test/integration/adoption.test.ts(112,15): error TS2353: Object literal may only specify known properties, and 'stops' does not exist in type 'readonly AuthoredStop[] | AuthoredPluginGroup'.
quality (node 24)	Run npm run typecheck	2026-08-23T01:36:33.1255020Z ##[error]packages/core/test/integration/end-to-end.test.ts(21,15): error TS2353: Object literal may only specify known properties, and 'stops' does not exist in type 'readonly AuthoredStop[] | AuthoredPluginGroup'.
quality (node 24)	Run npm run typecheck	2026-08-23T01:36:33.1257407Z ##[error]packages/core/test/integration/engine-headless.test.ts(19,15): error TS2353: Object literal may only specify known properties, and 'stops' does not exist in type 'readonly AuthoredStop[] | AuthoredPluginGroup'.
quality (node 24)	Run npm run typecheck	2026-08-23T01:36:33.1260068Z ##[error]packages/core/test/integration/engine-x3-contribution.test.ts(34,70): error TS2322: Type 'Mock<() => { keyframes: { derived: { stops: { p: number; v: number; }[]; }; }; tweenVars: { overwrite: string; }; }>' is not assignable to type 'PluginContributor | undefined'.
quality (node 24)	Run npm run typecheck	2026-08-23T01:36:33.1261967Z   Type 'Mock<() => { keyframes: { derived: { stops: { p: number; v: number; }[]; }; }; tweenVars: { overwrite: string; }; }>' is not assignable to type 'PluginContributor'.
quality (node 24)	Run npm run typecheck	2026-08-23T01:36:33.1263050Z     Call signature return types '{ keyframes: { derived: { stops: { p: number; v: number; }[]; }; }; tweenVars: { overwrite: string; }; }' and 'Contribution | undefined' are incompatible.
quality (node 24)	Run npm run typecheck	2026-08-23T01:36:33.1264013Z       The types of 'keyframes' are incompatible between these types.
quality (node 24)	Run npm run typecheck	2026-08-23T01:36:33.1264691Z         Type '{ derived: { stops: { p: number; v: number; }[]; }; }' is not assignable to type 'Readonly<Record<string, AuthoredProperty>>'.
quality (node 24)	Run npm run typecheck	2026-08-23T01:36:33.1265319Z           Property 'derived' is incompatible with index signature.
quality (node 24)	Run npm run typecheck	2026-08-23T01:36:33.1265863Z             Type '{ stops: { p: number; v: number; }[]; }' is not assignable to type 'AuthoredProperty'.
quality (node 24)	Run npm run typecheck	2026-08-23T01:36:33.1267442Z ##[error]packages/core/test/integration/engine-x3-contribution.test.ts(62,7): error TS2322: Type 'Mock<() => { keyframes: { derived: { stops: { p: number; v: number; }[]; }; }; }>' is not assignable to type 'PluginContributor | undefined'.
quality (node 24)	Run npm run typecheck	2026-08-23T01:36:33.1268976Z   Type 'Mock<() => { keyframes: { derived: { stops: { p: number; v: number; }[]; }; }; }>' is not assignable to type 'PluginContributor'.
quality (node 24)	Run npm run typecheck	2026-08-23T01:36:33.1269831Z     Call signature return types '{ keyframes: { derived: { stops: { p: number; v: number; }[]; }; }; }' and 'Contribution | undefined' are incompatible.
quality (node 24)	Run npm run typecheck	2026-08-23T01:36:33.1270513Z       The types of 'keyframes' are incompatible between these types.
quality (node 24)	Run npm run typecheck	2026-08-23T01:36:33.1271171Z         Type '{ derived: { stops: { p: number; v: number; }[]; }; }' is not assignable to type 'Readonly<Record<string, AuthoredProperty>>'.
quality (node 24)	Run npm run typecheck	2026-08-23T01:36:33.1271800Z           Property 'derived' is incompatible with index signature.
quality (node 24)	Run npm run typecheck	2026-08-23T01:36:33.1272365Z             Type '{ stops: { p: number; v: number; }[]; }' is not assignable to type 'AuthoredProperty'.
quality (node 24)	Run npm run typecheck	2026-08-23T01:36:33.1274112Z ##[error]packages/core/test/integration/engine-x3-contribution.test.ts(69,7): error TS2322: Type 'Mock<() => { keyframes: { derived: { stops: { p: number; v: number; }[]; }; }; }>' is not assignable to type 'PluginContributor | undefined'.
quality (node 24)	Run npm run typecheck	2026-08-23T01:36:33.1275874Z   Type 'Mock<() => { keyframes: { derived: { stops: { p: number; v: number; }[]; }; }; }>' is not assignable to type 'PluginContributor'.
quality (node 24)	Run npm run typecheck	2026-08-23T01:36:33.1276867Z     Call signature return types '{ keyframes: { derived: { stops: { p: number; v: number; }[]; }; }; }' and 'Contribution | undefined' are incompatible.
quality (node 24)	Run npm run typecheck	2026-08-23T01:36:33.1277554Z       The types of 'keyframes' are incompatible between these types.
quality (node 24)	Run npm run typecheck	2026-08-23T01:36:33.1278206Z         Type '{ derived: { stops: { p: number; v: number; }[]; }; }' is not assignable to type 'Readonly<Record<string, AuthoredProperty>>'.
quality (node 24)	Run npm run typecheck	2026-08-23T01:36:33.1278828Z           Property 'derived' is incompatible with index signature.
quality (node 24)	Run npm run typecheck	2026-08-23T01:36:33.1279359Z             Type '{ stops: { p: number; v: number; }[]; }' is not assignable to type 'AuthoredProperty'.
quality (node 24)	Run npm run typecheck	2026-08-23T01:36:33.1280807Z ##[error]packages/core/test/integration/engine-x3-contribution.test.ts(89,7): error TS2322: Type '() => { keyframes: { derived: { stops: { p: number; v: number; }[]; }; }; }' is not assignable to type 'PluginContributor'.
quality (node 24)	Run npm run typecheck	2026-08-23T01:36:33.1282343Z   Call signature return types '{ keyframes: { derived: { stops: { p: number; v: number; }[]; }; }; }' and 'Contribution | undefined' are incompatible.
quality (node 24)	Run npm run typecheck	2026-08-23T01:36:33.1283007Z     The types of 'keyframes' are incompatible between these types.
quality (node 24)	Run npm run typecheck	2026-08-23T01:36:33.1283650Z       Type '{ derived: { stops: { p: number; v: number; }[]; }; }' is not assignable to type 'Readonly<Record<string, AuthoredProperty>>'.
quality (node 24)	Run npm run typecheck	2026-08-23T01:36:33.1284461Z         Property 'derived' is incompatible with index signature.
quality (node 24)	Run npm run typecheck	2026-08-23T01:36:33.1284995Z           Type '{ stops: { p: number; v: number; }[]; }' is not assignable to type 'AuthoredProperty'.
quality (node 24)	Run npm run typecheck	2026-08-23T01:36:33.1286907Z ##[error]packages/core/test/integration/engine-x3-contribution.test.ts(142,7): error TS2322: Type '() => { keyframes: { derived: { stops: ({ p: number; v: number; ease?: undefined; } | { p: number; v: number; ease: string; })[]; }; }; }' is not assignable to type 'PluginContributor'.
quality (node 24)	Run npm run typecheck	2026-08-23T01:36:33.1288817Z   Call signature return types '{ keyframes: { derived: { stops: ({ p: number; v: number; ease?: undefined; } | { p: number; v: number; ease: string; })[]; }; }; }' and 'Contribution | undefined' are incompatible.
quality (node 24)	Run npm run typecheck	2026-08-23T01:36:33.1289648Z     The types of 'keyframes' are incompatible between these types.
quality (node 24)	Run npm run typecheck	2026-08-23T01:36:33.1290480Z       Type '{ derived: { stops: ({ p: number; v: number; ease?: undefined; } | { p: number; v: number; ease: string; })[]; }; }' is not assignable to type 'Readonly<Record<string, AuthoredProperty>>'.
quality (node 24)	Run npm run typecheck	2026-08-23T01:36:33.1291238Z         Property 'derived' is incompatible with index signature.
quality (node 24)	Run npm run typecheck	2026-08-23T01:36:33.1291949Z           Type '{ stops: ({ p: number; v: number; ease?: undefined; } | { p: number; v: number; ease: string; })[]; }' is not assignable to type 'AuthoredProperty'.
quality (node 24)	Run npm run typecheck	2026-08-23T01:36:33.1293655Z ##[error]packages/core/test/integration/handle-adoption.test.ts(57,31): error TS2345: Argument of type '{ id: string; keyframes: { x: { stops: { p: number; v: number; }[]; }; }; }' is not assignable to parameter of type 'TrackDefinition'.
quality (node 24)	Run npm run typecheck	2026-08-23T01:36:33.1295138Z   Types of property 'keyframes' are incompatible.
quality (node 24)	Run npm run typecheck	2026-08-23T01:36:33.1295738Z     Type '{ x: { stops: { p: number; v: number; }[]; }; }' is not assignable to type 'Readonly<Record<string, AuthoredKeyframe>>'.
quality (node 24)	Run npm run typecheck	2026-08-23T01:36:33.1296313Z       Property 'x' is incompatible with index signature.
quality (node 24)	Run npm run typecheck	2026-08-23T01:36:33.1296841Z         Type '{ stops: { p: number; v: number; }[]; }' is not assignable to type 'AuthoredKeyframe'.
quality (node 24)	Run npm run typecheck	2026-08-23T01:36:33.1298419Z ##[error]packages/core/test/integration/handle-adoption.test.ts(74,13): error TS2353: Object literal may only specify known properties, and 'stops' does not exist in type 'readonly AuthoredStop[] | AuthoredPluginGroup'.
quality (node 24)	Run npm run typecheck	2026-08-23T01:36:33.1300499Z ##[error]packages/core/test/integration/internal-key-strip.test.ts(28,44): error TS2322: Type '{ stops: { p: number; v: number; }[]; }' is not assignable to type 'AuthoredKeyframe'.
quality (node 24)	Run npm run typecheck	2026-08-23T01:36:33.1302618Z ##[error]packages/core/test/integration/issue-114-motion-track-regressions.test.ts(16,78): error TS2322: Type '{ stops: { p: number; v: number; }[]; }' is not assignable to type 'AuthoredKeyframe'.
quality (node 24)	Run npm run typecheck	2026-08-23T01:36:33.1305495Z ##[error]packages/core/test/integration/keyframe-groups.test.ts(56,35): error TS2322: Type '{ values: { boneLength: { stops: { p: number; v: number; }[]; }; boneRotation: { stops: { p: number; v: number; }[]; }; }; }' is not assignable to type 'AuthoredKeyframe'.
quality (node 24)	Run npm run typecheck	2026-08-23T01:36:33.1306855Z   Types of property 'values' are incompatible.
quality (node 24)	Run npm run typecheck	2026-08-23T01:36:33.1307801Z     Type '{ boneLength: { stops: { p: number; v: number; }[]; }; boneRotation: { stops: { p: number; v: number; }[]; }; }' is not assignable to type 'Readonly<Record<string, AuthoredProperty>> | (() => ArrayIterator<AuthoredStop>) | undefined'.
quality (node 24)	Run npm run typecheck	2026-08-23T01:36:33.1309056Z       Type '{ boneLength: { stops: { p: number; v: number; }[]; }; boneRotation: { stops: { p: number; v: number; }[]; }; }' is not assignable to type 'Readonly<Record<string, AuthoredProperty>>'.
quality (node 24)	Run npm run typecheck	2026-08-23T01:36:33.1309826Z         Property 'boneLength' is incompatible with index signature.
quality (node 24)	Run npm run typecheck	2026-08-23T01:36:33.1310363Z           Type '{ stops: { p: number; v: number; }[]; }' is not assignable to type 'AuthoredProperty'.
quality (node 24)	Run npm run typecheck	2026-08-23T01:36:33.1311827Z ##[error]packages/core/test/integration/keyframe-groups.test.ts(70,35): error TS2322: Type '{ values: { boneLength: { stops: { p: number; v: number; }[]; }; }; }' is not assignable to type 'AuthoredKeyframe'.
quality (node 24)	Run npm run typecheck	2026-08-23T01:36:33.1313032Z   Types of property 'values' are incompatible.
quality (node 24)	Run npm run typecheck	2026-08-23T01:36:33.1313938Z     Type '{ boneLength: { stops: { p: number; v: number; }[]; }; }' is not assignable to type 'Readonly<Record<string, AuthoredProperty>> | (() => ArrayIterator<AuthoredStop>) | undefined'.
quality (node 24)	Run npm run typecheck	2026-08-23T01:36:33.1314819Z       Types of property 'boneLength' are incompatible.
quality (node 24)	Run npm run typecheck	2026-08-23T01:36:33.1315360Z         Type '{ stops: { p: number; v: number; }[]; }' is not assignable to type 'AuthoredProperty | undefined'.
quality (node 24)	Run npm run typecheck	2026-08-23T01:36:33.1316609Z ##[error]packages/core/test/integration/keyframe-groups.test.ts(81,33): error TS2322: Type '{ stops: { p: number; v: number; }[]; }' is not assignable to type 'AuthoredKeyframe'.
quality (node 24)	Run npm run typecheck	2026-08-23T01:36:33.1318628Z ##[error]packages/core/test/integration/keyframe-groups.test.ts(83,36): error TS2322: Type '{ values: { boneLength: { stops: { p: number; v: number; }[]; }; }; }' is not assignable to type 'AuthoredKeyframe'.
quality (node 24)	Run npm run typecheck	2026-08-23T01:36:33.1319806Z   Types of property 'values' are incompatible.
quality (node 24)	Run npm run typecheck	2026-08-23T01:36:33.1320579Z     Type '{ boneLength: { stops: { p: number; v: number; }[]; }; }' is not assignable to type 'Readonly<Record<string, AuthoredProperty>> | (() => ArrayIterator<AuthoredStop>) | undefined'.
quality (node 24)	Run npm run typecheck	2026-08-23T01:36:33.1321547Z       Type '{ boneLength: { stops: { p: number; v: number; }[]; }; }' is not assignable to type 'Readonly<Record<string, AuthoredProperty>>'.
quality (node 24)	Run npm run typecheck	2026-08-23T01:36:33.1322186Z         Property 'boneLength' is incompatible with index signature.
quality (node 24)	Run npm run typecheck	2026-08-23T01:36:33.1322734Z           Type '{ stops: { p: number; v: number; }[]; }' is not assignable to type 'AuthoredProperty'.
quality (node 24)	Run npm run typecheck	2026-08-23T01:36:33.1324397Z ##[error]packages/core/test/integration/motion-trigger-types.test.ts(50,34): error TS2322: Type '{ id: string; keyframes: { x: { stops: { p: number; v: number; }[]; }; }; }' is not assignable to type 'TrackDefinition'.
quality (node 24)	Run npm run typecheck	2026-08-23T01:36:33.1325676Z   Types of property 'keyframes' are incompatible.
quality (node 24)	Run npm run typecheck	2026-08-23T01:36:33.1326266Z     Type '{ x: { stops: { p: number; v: number; }[]; }; }' is not assignable to type 'Readonly<Record<string, AuthoredKeyframe>>'.
quality (node 24)	Run npm run typecheck	2026-08-23T01:36:33.1326842Z       Property 'x' is incompatible with index signature.
quality (node 24)	Run npm run typecheck	2026-08-23T01:36:33.1327345Z         Type '{ stops: { p: number; v: number; }[]; }' is not assignable to type 'AuthoredKeyframe'.
quality (node 24)	Run npm run typecheck	2026-08-23T01:36:33.1329209Z ##[error]packages/core/test/integration/mutation-transactionality.test.ts(49,5): error TS2322: Type '{ values: { x: { stops: { p: number; v: number; }[]; }; y: { stops: { p: number; v: number; }[]; }; rotation: { stops: { p: number; v: number; }[]; }; }; }' is not assignable to type 'AuthoredKeyframe'.
quality (node 24)	Run npm run typecheck	2026-08-23T01:36:33.1330838Z   Types of property 'values' are incompatible.
quality (node 24)	Run npm run typecheck	2026-08-23T01:36:33.1331839Z     Type '{ x: { stops: { p: number; v: number; }[]; }; y: { stops: { p: number; v: number; }[]; }; rotation: { stops: { p: number; v: number; }[]; }; }' is not assignable to type 'Readonly<Record<string, AuthoredProperty>> | (() => ArrayIterator<AuthoredStop>) | undefined'.
quality (node 24)	Run npm run typecheck	2026-08-23T01:36:33.1332726Z       Types of property 'x' are incompatible.
quality (node 24)	Run npm run typecheck	2026-08-23T01:36:33.1333251Z         Type '{ stops: { p: number; v: number; }[]; }' is not assignable to type 'AuthoredProperty | undefined'.
quality (node 24)	Run npm run typecheck	2026-08-23T01:36:33.1335328Z ##[error]packages/core/test/integration/mutation-transactionality.test.ts(61,5): error TS2322: Type '{ values: { length: { stops: { p: number; v: number; }[]; }; rotation: { stops: { p: number; v: number; }[]; }; }; requires: { base: string; }; }' is not assignable to type 'AuthoredKeyframe'.
quality (node 24)	Run npm run typecheck	2026-08-23T01:36:33.1336781Z   Types of property 'values' are incompatible.
quality (node 24)	Run npm run typecheck	2026-08-23T01:36:33.1337705Z     Type '{ length: { stops: { p: number; v: number; }[]; }; rotation: { stops: { p: number; v: number; }[]; }; }' is not assignable to type 'Readonly<Record<string, AuthoredProperty>> | (() => ArrayIterator<AuthoredStop>) | undefined'.
quality (node 24)	Run npm run typecheck	2026-08-23T01:36:33.1338588Z       Types of property 'length' are incompatible.
quality (node 24)	Run npm run typecheck	2026-08-23T01:36:33.1339122Z         Type '{ stops: { p: number; v: number; }[]; }' is not assignable to type 'AuthoredProperty | undefined'.
quality (node 24)	Run npm run typecheck	2026-08-23T01:36:33.1340431Z ##[error]packages/core/test/integration/mutation-transactionality.test.ts(114,20): error TS2322: Type '{ stops: { p: number; v: number; }[]; }' is not assignable to type 'AuthoredKeyframe'.
quality (node 24)	Run npm run typecheck	2026-08-23T01:36:33.1342362Z ##[error]packages/core/test/integration/mutation-transactionality.test.ts(120,66): error TS2322: Type '{ stops: { p: number; v: number; }[]; }' is not assignable to type 'AuthoredKeyframe'.
quality (node 24)	Run npm run typecheck	2026-08-23T01:36:33.1344428Z ##[error]packages/core/test/integration/mutation-transactionality.test.ts(136,20): error TS2322: Type '{ stops: { p: number; v: number; }[]; }' is not assignable to type 'AuthoredKeyframe'.
quality (node 24)	Run npm run typecheck	2026-08-23T01:36:33.1346352Z ##[error]packages/core/test/integration/mutation-transactionality.test.ts(141,65): error TS2322: Type '{ stops: { p: number; v: number; }[]; }' is not assignable to type 'AuthoredKeyframe'.
quality (node 24)	Run npm run typecheck	2026-08-23T01:36:33.1348586Z ##[error]packages/core/test/integration/observation-identity.test.ts(35,9): error TS2353: Object literal may only specify known properties, and 'stops' does not exist in type 'readonly AuthoredStop[] | AuthoredPluginGroup'.
quality (node 24)	Run npm run typecheck	2026-08-23T01:36:33.1350664Z ##[error]packages/core/test/integration/option-c-track-resolution.test.ts(17,78): error TS2322: Type '{ stops: { p: number; v: number; }[]; }' is not assignable to type 'AuthoredKeyframe'.
quality (node 24)	Run npm run typecheck	2026-08-23T01:36:33.1353139Z ##[error]packages/core/test/integration/per-plugin-key-ownership.test.ts(38,5): error TS2322: Type '{ values: { length: { stops: { p: number; v: number; }[]; }; rotation: { stops: { p: number; v: number; }[]; }; }; requires: { base: string; }; }' is not assignable to type 'AuthoredKeyframe'.
quality (node 24)	Run npm run typecheck	2026-08-23T01:36:33.1354780Z   Types of property 'values' are incompatible.
quality (node 24)	Run npm run typecheck	2026-08-23T01:36:33.1355688Z     Type '{ length: { stops: { p: number; v: number; }[]; }; rotation: { stops: { p: number; v: number; }[]; }; }' is not assignable to type 'Readonly<Record<string, AuthoredProperty>> | (() => ArrayIterator<AuthoredStop>) | undefined'.
quality (node 24)	Run npm run typecheck	2026-08-23T01:36:33.1356520Z       Types of property 'length' are incompatible.
quality (node 24)	Run npm run typecheck	2026-08-23T01:36:33.1357066Z         Type '{ stops: { p: number; v: number; }[]; }' is not assignable to type 'AuthoredProperty | undefined'.
quality (node 24)	Run npm run typecheck	2026-08-23T01:36:33.1358979Z ##[error]packages/core/test/integration/per-plugin-key-ownership.test.ts(53,15): error TS2322: Type '{ values: { x: { stops: { p: number; v: number; }[]; }; y: { stops: { p: number; v: number; }[]; }; rotation: { stops: { p: number; v: number; }[]; }; }; }' is not assignable to type 'AuthoredKeyframe'.
quality (node 24)	Run npm run typecheck	2026-08-23T01:36:33.1360581Z   Types of property 'values' are incompatible.
quality (node 24)	Run npm run typecheck	2026-08-23T01:36:33.1361574Z     Type '{ x: { stops: { p: number; v: number; }[]; }; y: { stops: { p: number; v: number; }[]; }; rotation: { stops: { p: number; v: number; }[]; }; }' is not assignable to type 'Readonly<Record<string, AuthoredProperty>> | (() => ArrayIterator<AuthoredStop>) | undefined'.
quality (node 24)	Run npm run typecheck	2026-08-23T01:36:33.1362465Z       Types of property 'x' are incompatible.
quality (node 24)	Run npm run typecheck	2026-08-23T01:36:33.1362976Z         Type '{ stops: { p: number; v: number; }[]; }' is not assignable to type 'AuthoredProperty | undefined'.
quality (node 24)	Run npm run typecheck	2026-08-23T01:36:33.1364756Z ##[error]packages/core/test/integration/per-plugin-key-ownership.test.ts(116,9): error TS2322: Type '{ values: { length: { stops: { p: number; v: number; }[]; }; }; requires: { base: string; }; }' is not assignable to type 'AuthoredKeyframe'.
quality (node 24)	Run npm run typecheck	2026-08-23T01:36:33.1366077Z   Types of property 'values' are incompatible.
quality (node 24)	Run npm run typecheck	2026-08-23T01:36:33.1366835Z     Type '{ length: { stops: { p: number; v: number; }[]; }; }' is not assignable to type 'Readonly<Record<string, AuthoredProperty>> | (() => ArrayIterator<AuthoredStop>) | undefined'.
quality (node 24)	Run npm run typecheck	2026-08-23T01:36:33.1367547Z       Types of property 'length' are incompatible.
quality (node 24)	Run npm run typecheck	2026-08-23T01:36:33.1368075Z         Type '{ stops: { p: number; v: number; }[]; }' is not assignable to type 'AuthoredProperty | undefined'.
quality (node 24)	Run npm run typecheck	2026-08-23T01:36:33.1369432Z ##[error]packages/core/test/integration/per-plugin-key-ownership.test.ts(117,9): error TS2322: Type '{ stops: { p: number; v: number; }[]; }' is not assignable to type 'AuthoredKeyframe'.
quality (node 24)	Run npm run typecheck	2026-08-23T01:36:33.1371699Z ##[error]packages/core/test/integration/phase0-red-baseline.test.ts(24,19): error TS2353: Object literal may only specify known properties, and 'stops' does not exist in type 'readonly AuthoredStop[] | AuthoredPluginGroup'.
quality (node 24)	Run npm run typecheck	2026-08-23T01:36:33.1374188Z ##[error]packages/core/test/integration/phase0-red-baseline.test.ts(71,19): error TS2353: Object literal may only specify known properties, and 'stops' does not exist in type 'readonly AuthoredStop[] | AuthoredPluginGroup'.
quality (node 24)	Run npm run typecheck	2026-08-23T01:36:33.1376548Z ##[error]packages/core/test/integration/phase0-red-baseline.test.ts(82,19): error TS2353: Object literal may only specify known properties, and 'stops' does not exist in type 'readonly AuthoredStop[] | AuthoredPluginGroup'.
quality (node 24)	Run npm run typecheck	2026-08-23T01:36:33.1378871Z ##[error]packages/core/test/integration/phase0-red-baseline.test.ts(147,15): error TS2353: Object literal may only specify known properties, and 'stops' does not exist in type 'readonly AuthoredStop[] | AuthoredPluginGroup'.
quality (node 24)	Run npm run typecheck	2026-08-23T01:36:33.1381178Z ##[error]packages/core/test/integration/phase0-red-baseline.test.ts(183,19): error TS2353: Object literal may only specify known properties, and 'stops' does not exist in type 'readonly AuthoredStop[] | AuthoredPluginGroup'.
quality (node 24)	Run npm run typecheck	2026-08-23T01:36:33.1383476Z ##[error]packages/core/test/integration/phase0-red-baseline.test.ts(229,19): error TS2353: Object literal may only specify known properties, and 'stops' does not exist in type 'readonly AuthoredStop[] | AuthoredPluginGroup'.
quality (node 24)	Run npm run typecheck	2026-08-23T01:36:33.1386270Z ##[error]packages/core/test/integration/phase2-motion-scheduling.test.ts(25,17): error TS2353: Object literal may only specify known properties, and 'stops' does not exist in type 'readonly AuthoredStop[] | AuthoredPluginGroup'.
quality (node 24)	Run npm run typecheck	2026-08-23T01:36:33.1388651Z ##[error]packages/core/test/integration/phase3-trigger-port.test.ts(27,17): error TS2353: Object literal may only specify known properties, and 'stops' does not exist in type 'readonly AuthoredStop[] | AuthoredPluginGroup'.
quality (node 24)	Run npm run typecheck	2026-08-23T01:36:33.1391182Z ##[error]packages/core/test/integration/phase4-dynamic-lifecycle.test.ts(164,11): error TS2353: Object literal may only specify known properties, and 'stops' does not exist in type 'readonly AuthoredStop[] | AuthoredPluginGroup'.
quality (node 24)	Run npm run typecheck	2026-08-23T01:36:33.1393944Z ##[error]packages/core/test/integration/phase7-walker-demo.test.ts(37,21): error TS2322: Type '{ values: { x: { stops: { p: number; v: number; }[]; }; y: { stops: { p: number; v: number; }[]; }; rotation: { stops: { p: number; v: number; }[]; }; }; }' is not assignable to type 'AuthoredKeyframe'.
quality (node 24)	Run npm run typecheck	2026-08-23T01:36:33.1395596Z   Types of property 'values' are incompatible.
quality (node 24)	Run npm run typecheck	2026-08-23T01:36:33.1396580Z     Type '{ x: { stops: { p: number; v: number; }[]; }; y: { stops: { p: number; v: number; }[]; }; rotation: { stops: { p: number; v: number; }[]; }; }' is not assignable to type 'Readonly<Record<string, AuthoredProperty>> | (() => ArrayIterator<AuthoredStop>) | undefined'.
quality (node 24)	Run npm run typecheck	2026-08-23T01:36:33.1397464Z       Types of property 'x' are incompatible.
quality (node 24)	Run npm run typecheck	2026-08-23T01:36:33.1398057Z         Object literal may only specify known properties, and 'stops' does not exist in type 'readonly AuthoredStop[]'.
quality (node 24)	Run npm run typecheck	2026-08-23T01:36:33.1400014Z ##[error]packages/core/test/integration/phase7-walker-demo.test.ts(64,21): error TS2322: Type '{ values: { length: { stops: { p: number; v: number; }[]; }; rotation: { stops: { p: number; v: number; }[]; }; }; requires: { base: string; }; }' is not assignable to type 'AuthoredKeyframe'.
quality (node 24)	Run npm run typecheck	2026-08-23T01:36:33.1401459Z   Types of property 'values' are incompatible.
quality (node 24)	Run npm run typecheck	2026-08-23T01:36:33.1402404Z     Type '{ length: { stops: { p: number; v: number; }[]; }; rotation: { stops: { p: number; v: number; }[]; }; }' is not assignable to type 'Readonly<Record<string, AuthoredProperty>> | (() => ArrayIterator<AuthoredStop>) | undefined'.
quality (node 24)	Run npm run typecheck	2026-08-23T01:36:33.1403266Z       Types of property 'length' are incompatible.
quality (node 24)	Run npm run typecheck	2026-08-23T01:36:33.1404021Z         Object literal may only specify known properties, and 'stops' does not exist in type 'readonly AuthoredStop[]'.
quality (node 24)	Run npm run typecheck	2026-08-23T01:36:33.1406049Z ##[error]packages/core/test/integration/phase7-walker-demo.test.ts(86,21): error TS2322: Type '{ values: { length: { stops: { p: number; v: number; }[]; }; rotation: { stops: { p: number; v: number; }[]; }; }; requires: { base: string; }; }' is not assignable to type 'AuthoredKeyframe'.
quality (node 24)	Run npm run typecheck	2026-08-23T01:36:33.1407479Z   Types of property 'values' are incompatible.
quality (node 24)	Run npm run typecheck	2026-08-23T01:36:33.1408375Z     Type '{ length: { stops: { p: number; v: number; }[]; }; rotation: { stops: { p: number; v: number; }[]; }; }' is not assignable to type 'Readonly<Record<string, AuthoredProperty>> | (() => ArrayIterator<AuthoredStop>) | undefined'.
quality (node 24)	Run npm run typecheck	2026-08-23T01:36:33.1409192Z       Types of property 'length' are incompatible.
quality (node 24)	Run npm run typecheck	2026-08-23T01:36:33.1409775Z         Object literal may only specify known properties, and 'stops' does not exist in type 'readonly AuthoredStop[]'.
quality (node 24)	Run npm run typecheck	2026-08-23T01:36:33.1411686Z ##[error]packages/core/test/integration/plugin-owned-requirements.test.ts(60,5): error TS2322: Type '{ values: { length: { stops: { p: number; v: number; }[]; }; rotation: { stops: { p: number; v: number; }[]; }; }; requires: { base: string; }; }' is not assignable to type 'AuthoredKeyframe'.
quality (node 24)	Run npm run typecheck	2026-08-23T01:36:33.1413087Z   Types of property 'values' are incompatible.
quality (node 24)	Run npm run typecheck	2026-08-23T01:36:33.1414138Z     Type '{ length: { stops: { p: number; v: number; }[]; }; rotation: { stops: { p: number; v: number; }[]; }; }' is not assignable to type 'Readonly<Record<string, AuthoredProperty>> | (() => ArrayIterator<AuthoredStop>) | undefined'.
quality (node 24)	Run npm run typecheck	2026-08-23T01:36:33.1414968Z       Types of property 'length' are incompatible.
quality (node 24)	Run npm run typecheck	2026-08-23T01:36:33.1415630Z         Type '{ stops: { p: number; v: number; }[]; }' is not assignable to type 'AuthoredProperty | undefined'.
quality (node 24)	Run npm run typecheck	2026-08-23T01:36:33.1418297Z ##[error]packages/core/test/integration/plugin-owned-requirements.test.ts(75,15): error TS2322: Type '{ values: { x: { stops: { p: number; v: number; }[]; }; y: { stops: { p: number; v: number; }[]; }; rotation: { stops: { p: number; v: number; }[]; }; }; }' is not assignable to type 'AuthoredKeyframe'.
quality (node 24)	Run npm run typecheck	2026-08-23T01:36:33.1419798Z   Types of property 'values' are incompatible.
quality (node 24)	Run npm run typecheck	2026-08-23T01:36:33.1420784Z     Type '{ x: { stops: { p: number; v: number; }[]; }; y: { stops: { p: number; v: number; }[]; }; rotation: { stops: { p: number; v: number; }[]; }; }' is not assignable to type 'Readonly<Record<string, AuthoredProperty>> | (() => ArrayIterator<AuthoredStop>) | undefined'.
quality (node 24)	Run npm run typecheck	2026-08-23T01:36:33.1421892Z       Types of property 'x' are incompatible.
quality (node 24)	Run npm run typecheck	2026-08-23T01:36:33.1422402Z         Type '{ stops: { p: number; v: number; }[]; }' is not assignable to type 'AuthoredProperty | undefined'.
quality (node 24)	Run npm run typecheck	2026-08-23T01:36:33.1424414Z ##[error]packages/core/test/integration/plugin-owned-requirements.test.ts(123,20): error TS2322: Type '{ values: { length: { stops: { p: number; v: number; }[]; }; rotation: { stops: { p: number; v: number; }[]; }; }; }' is not assignable to type 'AuthoredKeyframe'.
quality (node 24)	Run npm run typecheck	2026-08-23T01:36:33.1425799Z   Types of property 'values' are incompatible.
quality (node 24)	Run npm run typecheck	2026-08-23T01:36:33.1426686Z     Type '{ length: { stops: { p: number; v: number; }[]; }; rotation: { stops: { p: number; v: number; }[]; }; }' is not assignable to type 'Readonly<Record<string, AuthoredProperty>> | (() => ArrayIterator<AuthoredStop>) | undefined'.
quality (node 24)	Run npm run typecheck	2026-08-23T01:36:33.1427512Z       Types of property 'length' are incompatible.
quality (node 24)	Run npm run typecheck	2026-08-23T01:36:33.1428043Z         Type '{ stops: { p: number; v: number; }[]; }' is not assignable to type 'AuthoredProperty | undefined'.
quality (node 24)	Run npm run typecheck	2026-08-23T01:36:33.1429920Z ##[error]packages/core/test/integration/plugin-owned-requirements.test.ts(140,9): error TS2322: Type '{ values: { length: { stops: { p: number; v: number; }[]; }; rotation: { stops: { p: number; v: number; }[]; }; }; requires: { base: string; }; }' is not assignable to type 'AuthoredKeyframe'.
quality (node 24)	Run npm run typecheck	2026-08-23T01:36:33.1431326Z   Types of property 'values' are incompatible.
quality (node 24)	Run npm run typecheck	2026-08-23T01:36:33.1432234Z     Type '{ length: { stops: { p: number; v: number; }[]; }; rotation: { stops: { p: number; v: number; }[]; }; }' is not assignable to type 'Readonly<Record<string, AuthoredProperty>> | (() => ArrayIterator<AuthoredStop>) | undefined'.
quality (node 24)	Run npm run typecheck	2026-08-23T01:36:33.1433050Z       Types of property 'length' are incompatible.
quality (node 24)	Run npm run typecheck	2026-08-23T01:36:33.1433573Z         Type '{ stops: { p: number; v: number; }[]; }' is not assignable to type 'AuthoredProperty | undefined'.
quality (node 24)	Run npm run typecheck	2026-08-23T01:36:33.1435586Z ##[error]packages/core/test/integration/plugin-owned-requirements.test.ts(153,9): error TS2322: Type '{ values: { weight: { stops: { p: number; v: number; }[]; }; }; requires: { base: string; destination: string; }; }' is not assignable to type 'AuthoredKeyframe'.
quality (node 24)	Run npm run typecheck	2026-08-23T01:36:33.1436957Z   Types of property 'values' are incompatible.
quality (node 24)	Run npm run typecheck	2026-08-23T01:36:33.1437717Z     Type '{ weight: { stops: { p: number; v: number; }[]; }; }' is not assignable to type 'Readonly<Record<string, AuthoredProperty>> | (() => ArrayIterator<AuthoredStop>) | undefined'.
quality (node 24)	Run npm run typecheck	2026-08-23T01:36:33.1438431Z       Types of property 'weight' are incompatible.
quality (node 24)	Run npm run typecheck	2026-08-23T01:36:33.1438948Z         Type '{ stops: { p: number; v: number; }[]; }' is not assignable to type 'AuthoredProperty | undefined'.
quality (node 24)	Run npm run typecheck	2026-08-23T01:36:33.1440808Z ##[error]packages/core/test/integration/plugin-owned-requirements.test.ts(184,17): error TS2322: Type '{ values: { x: { stops: { p: number; v: number; }[]; }; y: { stops: { p: number; v: number; }[]; }; rotation: { stops: { p: number; v: number; }[]; }; }; }' is not assignable to type 'AuthoredKeyframe'.
quality (node 24)	Run npm run typecheck	2026-08-23T01:36:33.1442207Z   Types of property 'values' are incompatible.
quality (node 24)	Run npm run typecheck	2026-08-23T01:36:33.1443194Z     Type '{ x: { stops: { p: number; v: number; }[]; }; y: { stops: { p: number; v: number; }[]; }; rotation: { stops: { p: number; v: number; }[]; }; }' is not assignable to type 'Readonly<Record<string, AuthoredProperty>> | (() => ArrayIterator<AuthoredStop>) | undefined'.
quality (node 24)	Run npm run typecheck	2026-08-23T01:36:33.1444269Z       Types of property 'x' are incompatible.
quality (node 24)	Run npm run typecheck	2026-08-23T01:36:33.1444797Z         Type '{ stops: { p: number; v: number; }[]; }' is not assignable to type 'AuthoredProperty | undefined'.
quality (node 24)	Run npm run typecheck	2026-08-23T01:36:33.1446675Z ##[error]packages/core/test/integration/plugin-owned-requirements.test.ts(207,9): error TS2322: Type '{ values: { length: { stops: { p: number; v: number; }[]; }; rotation: { stops: { p: number; v: number; }[]; }; }; requires: { debug: string; }; }' is not assignable to type 'AuthoredKeyframe'.
quality (node 24)	Run npm run typecheck	2026-08-23T01:36:33.1448856Z   Types of property 'values' are incompatible.
quality (node 24)	Run npm run typecheck	2026-08-23T01:36:33.1450286Z     Type '{ length: { stops: { p: number; v: number; }[]; }; rotation: { stops: { p: number; v: number; }[]; }; }' is not assignable to type 'Readonly<Record<string, AuthoredProperty>> | (() => ArrayIterator<AuthoredStop>) | undefined'.
quality (node 24)	Run npm run typecheck	2026-08-23T01:36:33.1451395Z       Types of property 'length' are incompatible.
quality (node 24)	Run npm run typecheck	2026-08-23T01:36:33.1451927Z         Type '{ stops: { p: number; v: number; }[]; }' is not assignable to type 'AuthoredProperty | undefined'.
quality (node 24)	Run npm run typecheck	2026-08-23T01:36:33.1453298Z ##[error]packages/core/test/integration/replace-motion-track.test.ts(16,78): error TS2322: Type '{ stops: { p: number; v: number; }[]; }' is not assignable to type 'AuthoredKeyframe'.
quality (node 24)	Run npm run typecheck	2026-08-23T01:36:33.1455632Z ##[error]packages/core/test/integration/replace-track-transactionality.test.ts(32,36): error TS2322: Type '{ stops: { p: number; v: number; }[]; }' is not assignable to type 'AuthoredKeyframe'.
quality (node 24)	Run npm run typecheck	2026-08-23T01:36:33.1457684Z ##[error]packages/core/test/integration/replace-track-transactionality.test.ts(46,16): error TS2322: Type '{ values: { x: { stops: { p: number; v: number; }[]; }; }; }' is not assignable to type 'AuthoredKeyframe'.
quality (node 24)	Run npm run typecheck	2026-08-23T01:36:33.1458931Z   Types of property 'values' are incompatible.
quality (node 24)	Run npm run typecheck	2026-08-23T01:36:33.1459686Z     Type '{ x: { stops: { p: number; v: number; }[]; }; }' is not assignable to type 'Readonly<Record<string, AuthoredProperty>> | (() => ArrayIterator<AuthoredStop>) | undefined'.
quality (node 24)	Run npm run typecheck	2026-08-23T01:36:33.1460357Z       Types of property 'x' are incompatible.
quality (node 24)	Run npm run typecheck	2026-08-23T01:36:33.1460869Z         Type '{ stops: { p: number; v: number; }[]; }' is not assignable to type 'AuthoredProperty | undefined'.
quality (node 24)	Run npm run typecheck	2026-08-23T01:36:33.1462154Z ##[error]packages/core/test/integration/replace-track-transactionality.test.ts(52,16): error TS2322: Type '{ stops: { p: number; v: number; }[]; }' is not assignable to type 'AuthoredKeyframe'.
quality (node 24)	Run npm run typecheck	2026-08-23T01:36:33.1464536Z ##[error]packages/core/test/integration/runtime-motion-lifecycle.test.ts(31,78): error TS2322: Type '{ stops: { p: number; v: number; }[]; }' is not assignable to type 'AuthoredKeyframe'.
quality (node 24)	Run npm run typecheck	2026-08-23T01:36:33.1467107Z ##[error]packages/core/test/integration/single-input-channel.test.ts(23,16): error TS2322: Type '{ values: { x: { stops: { p: number; v: number; }[]; }; y: { stops: { p: number; v: number; }[]; }; rotation: { stops: { p: number; v: number; }[]; }; }; }' is not assignable to type 'AuthoredKeyframe'.
quality (node 24)	Run npm run typecheck	2026-08-23T01:36:33.1468498Z   Types of property 'values' are incompatible.
quality (node 24)	Run npm run typecheck	2026-08-23T01:36:33.1469625Z     Type '{ x: { stops: { p: number; v: number; }[]; }; y: { stops: { p: number; v: number; }[]; }; rotation: { stops: { p: number; v: number; }[]; }; }' is not assignable to type 'Readonly<Record<string, AuthoredProperty>> | (() => ArrayIterator<AuthoredStop>) | undefined'.
quality (node 24)	Run npm run typecheck	2026-08-23T01:36:33.1470515Z       Types of property 'x' are incompatible.
quality (node 24)	Run npm run typecheck	2026-08-23T01:36:33.1471039Z         Type '{ stops: { p: number; v: number; }[]; }' is not assignable to type 'AuthoredProperty | undefined'.
quality (node 24)	Run npm run typecheck	2026-08-23T01:36:33.1472885Z ##[error]packages/core/test/integration/single-input-channel.test.ts(28,5): error TS2322: Type '{ values: { length: { stops: { p: number; v: number; }[]; }; rotation: { stops: { p: number; v: number; }[]; }; }; requires: { base: string; }; }' is not assignable to type 'AuthoredKeyframe'.
quality (node 24)	Run npm run typecheck	2026-08-23T01:36:33.1474643Z   Types of property 'values' are incompatible.
quality (node 24)	Run npm run typecheck	2026-08-23T01:36:33.1475550Z     Type '{ length: { stops: { p: number; v: number; }[]; }; rotation: { stops: { p: number; v: number; }[]; }; }' is not assignable to type 'Readonly<Record<string, AuthoredProperty>> | (() => ArrayIterator<AuthoredStop>) | undefined'.
quality (node 24)	Run npm run typecheck	2026-08-23T01:36:33.1476378Z       Types of property 'length' are incompatible.
quality (node 24)	Run npm run typecheck	2026-08-23T01:36:33.1476895Z         Type '{ stops: { p: number; v: number; }[]; }' is not assignable to type 'AuthoredProperty | undefined'.
quality (node 24)	Run npm run typecheck	2026-08-23T01:36:33.1478732Z ##[error]packages/core/test/integration/t4-runtime-motion-parity.test.ts(126,9): error TS2353: Object literal may only specify known properties, and 'stops' does not exist in type 'readonly AuthoredStop[] | AuthoredPluginGroup'.
quality (node 24)	Run npm run typecheck	2026-08-23T01:36:33.1481320Z ##[error]packages/core/test/integration/trigger-scroll.test.ts(70,67): error TS2322: Type '{ id: string; keyframes: { x: { stops: { p: number; v: number; }[]; }; }; }' is not assignable to type 'TrackDefinition'.
quality (node 24)	Run npm run typecheck	2026-08-23T01:36:33.1482693Z   Types of property 'keyframes' are incompatible.
quality (node 24)	Run npm run typecheck	2026-08-23T01:36:33.1483719Z     Type '{ x: { stops: { p: number; v: number; }[]; }; }' is not assignable to type 'Readonly<Record<string, AuthoredKeyframe>>'.
quality (node 24)	Run npm run typecheck	2026-08-23T01:36:33.1484785Z       Property 'x' is incompatible with index signature.
quality (node 24)	Run npm run typecheck	2026-08-23T01:36:33.1485293Z         Type '{ stops: { p: number; v: number; }[]; }' is not assignable to type 'AuthoredKeyframe'.
quality (node 24)	Run npm run typecheck	2026-08-23T01:36:33.1486893Z ##[error]packages/core/test/integration/trigger-time-loop.test.ts(104,48): error TS2322: Type '{ id: string; keyframes: { x: { stops: { p: number; v: number; }[]; }; }; }' is not assignable to type 'TrackDefinition'.
quality (node 24)	Run npm run typecheck	2026-08-23T01:36:33.1488229Z   Types of property 'keyframes' are incompatible.
quality (node 24)	Run npm run typecheck	2026-08-23T01:36:33.1488814Z     Type '{ x: { stops: { p: number; v: number; }[]; }; }' is not assignable to type 'Readonly<Record<string, AuthoredKeyframe>>'.
quality (node 24)	Run npm run typecheck	2026-08-23T01:36:33.1489382Z       Property 'x' is incompatible with index signature.
quality (node 24)	Run npm run typecheck	2026-08-23T01:36:33.1489887Z         Type '{ stops: { p: number; v: number; }[]; }' is not assignable to type 'AuthoredKeyframe'.
quality (node 24)	Run npm run typecheck	2026-08-23T01:36:33.1491286Z ##[error]packages/core/test/integration/trigger-time-loop.test.ts(123,69): error TS2322: Type '{ id: string; keyframes: { x: { stops: { p: number; v: number; }[]; }; }; }' is not assignable to type 'TrackDefinition'.
quality (node 24)	Run npm run typecheck	2026-08-23T01:36:33.1492492Z   Types of property 'keyframes' are incompatible.
quality (node 24)	Run npm run typecheck	2026-08-23T01:36:33.1493082Z     Type '{ x: { stops: { p: number; v: number; }[]; }; }' is not assignable to type 'Readonly<Record<string, AuthoredKeyframe>>'.
quality (node 24)	Run npm run typecheck	2026-08-23T01:36:33.1493658Z       Property 'x' is incompatible with index signature.
quality (node 24)	Run npm run typecheck	2026-08-23T01:36:33.1494341Z         Type '{ stops: { p: number; v: number; }[]; }' is not assignable to type 'AuthoredKeyframe'.
quality (node 24)	Run npm run typecheck	2026-08-23T01:36:33.1495928Z ##[error]packages/core/test/integration/trigger-time-loop.test.ts(127,29): error TS2345: Argument of type '{ id: string; keyframes: { x: { stops: { p: number; v: number; }[]; }; }; }' is not assignable to parameter of type 'TrackDefinition'.
quality (node 24)	Run npm run typecheck	2026-08-23T01:36:33.1497261Z   Types of property 'keyframes' are incompatible.
quality (node 24)	Run npm run typecheck	2026-08-23T01:36:33.1497845Z     Type '{ x: { stops: { p: number; v: number; }[]; }; }' is not assignable to type 'Readonly<Record<string, AuthoredKeyframe>>'.
quality (node 24)	Run npm run typecheck	2026-08-23T01:36:33.1498406Z       Property 'x' is incompatible with index signature.
quality (node 24)	Run npm run typecheck	2026-08-23T01:36:33.1498921Z         Type '{ stops: { p: number; v: number; }[]; }' is not assignable to type 'AuthoredKeyframe'.
quality (node 24)	Run npm run typecheck	2026-08-23T01:36:33.1500352Z ##[error]packages/core/test/integration/trigger-time-loop.test.ts(148,16): error TS2322: Type '{ id: string; keyframes: { x: { stops: { p: number; v: number; }[]; }; }; }' is not assignable to type 'TrackDefinition'.
quality (node 24)	Run npm run typecheck	2026-08-23T01:36:33.1501575Z   Types of property 'keyframes' are incompatible.
quality (node 24)	Run npm run typecheck	2026-08-23T01:36:33.1502161Z     Type '{ x: { stops: { p: number; v: number; }[]; }; }' is not assignable to type 'Readonly<Record<string, AuthoredKeyframe>>'.
quality (node 24)	Run npm run typecheck	2026-08-23T01:36:33.1502735Z       Property 'x' is incompatible with index signature.
quality (node 24)	Run npm run typecheck	2026-08-23T01:36:33.1582416Z         Type '{ stops: { p: number; v: number; }[]; }' is not assignable to type 'AuthoredKeyframe'.
quality (node 24)	Run npm run typecheck	2026-08-23T01:36:33.1585024Z ##[error]packages/core/test/integration/trigger-time-loop.test.ts(148,30): error TS2322: Type '{ id: string; keyframes: { x: { stops: { p: number; v: number; }[]; }; }; }' is not assignable to type 'TrackDefinition'.
quality (node 24)	Run npm run typecheck	2026-08-23T01:36:33.1586483Z   Types of property 'keyframes' are incompatible.
quality (node 24)	Run npm run typecheck	2026-08-23T01:36:33.1587351Z     Type '{ x: { stops: { p: number; v: number; }[]; }; }' is not assignable to type 'Readonly<Record<string, AuthoredKeyframe>>'.
quality (node 24)	Run npm run typecheck	2026-08-23T01:36:33.1588020Z       Property 'x' is incompatible with index signature.
quality (node 24)	Run npm run typecheck	2026-08-23T01:36:33.1588530Z         Type '{ stops: { p: number; v: number; }[]; }' is not assignable to type 'AuthoredKeyframe'.
quality (node 24)	Run npm run typecheck	2026-08-23T01:36:33.1590028Z ##[error]packages/core/test/integration/trigger-time-loop.test.ts(182,47): error TS2322: Type '{ id: string; keyframes: { x: { stops: { p: number; v: number; }[]; }; }; }' is not assignable to type 'TrackDefinition'.
quality (node 24)	Run npm run typecheck	2026-08-23T01:36:33.1591289Z   Types of property 'keyframes' are incompatible.
quality (node 24)	Run npm run typecheck	2026-08-23T01:36:33.1591871Z     Type '{ x: { stops: { p: number; v: number; }[]; }; }' is not assignable to type 'Readonly<Record<string, AuthoredKeyframe>>'.
quality (node 24)	Run npm run typecheck	2026-08-23T01:36:33.1592440Z       Property 'x' is incompatible with index signature.
quality (node 24)	Run npm run typecheck	2026-08-23T01:36:33.1592935Z         Type '{ stops: { p: number; v: number; }[]; }' is not assignable to type 'AuthoredKeyframe'.
quality (node 24)	Run npm run typecheck	2026-08-23T01:36:33.1594439Z ##[error]packages/core/test/integration/trigger-time-loop.test.ts(196,68): error TS2322: Type '{ id: string; keyframes: { x: { stops: { p: number; v: number; }[]; }; }; }' is not assignable to type 'TrackDefinition'.
quality (node 24)	Run npm run typecheck	2026-08-23T01:36:33.1595703Z   Types of property 'keyframes' are incompatible.
quality (node 24)	Run npm run typecheck	2026-08-23T01:36:33.1596287Z     Type '{ x: { stops: { p: number; v: number; }[]; }; }' is not assignable to type 'Readonly<Record<string, AuthoredKeyframe>>'.
quality (node 24)	Run npm run typecheck	2026-08-23T01:36:33.1596860Z       Property 'x' is incompatible with index signature.
quality (node 24)	Run npm run typecheck	2026-08-23T01:36:33.1597360Z         Type '{ stops: { p: number; v: number; }[]; }' is not assignable to type 'AuthoredKeyframe'.
quality (node 24)	Run npm run typecheck	2026-08-23T01:36:33.1598745Z ##[error]packages/core/test/integration/trigger-time-loop.test.ts(198,62): error TS2322: Type '{ id: string; keyframes: { x: { stops: { p: number; v: number; }[]; }; }; }' is not assignable to type 'TrackDefinition'.
quality (node 24)	Run npm run typecheck	2026-08-23T01:36:33.1600005Z   Types of property 'keyframes' are incompatible.
quality (node 24)	Run npm run typecheck	2026-08-23T01:36:33.1600600Z     Type '{ x: { stops: { p: number; v: number; }[]; }; }' is not assignable to type 'Readonly<Record<string, AuthoredKeyframe>>'.
quality (node 24)	Run npm run typecheck	2026-08-23T01:36:33.1601161Z       Property 'x' is incompatible with index signature.
quality (node 24)	Run npm run typecheck	2026-08-23T01:36:33.1601656Z         Type '{ stops: { p: number; v: number; }[]; }' is not assignable to type 'AuthoredKeyframe'.
quality (node 24)	Run npm run typecheck	2026-08-23T01:36:33.1603048Z ##[error]packages/core/test/integration/trigger-time-loop.test.ts(214,48): error TS2322: Type '{ id: string; keyframes: { x: { stops: { p: number; v: number; }[]; }; }; }' is not assignable to type 'TrackDefinition'.
quality (node 24)	Run npm run typecheck	2026-08-23T01:36:33.1604355Z   Types of property 'keyframes' are incompatible.
quality (node 24)	Run npm run typecheck	2026-08-23T01:36:33.1604928Z     Type '{ x: { stops: { p: number; v: number; }[]; }; }' is not assignable to type 'Readonly<Record<string, AuthoredKeyframe>>'.
quality (node 24)	Run npm run typecheck	2026-08-23T01:36:33.1605492Z       Property 'x' is incompatible with index signature.
quality (node 24)	Run npm run typecheck	2026-08-23T01:36:33.1606000Z         Type '{ stops: { p: number; v: number; }[]; }' is not assignable to type 'AuthoredKeyframe'.
quality (node 24)	Run npm run typecheck	2026-08-23T01:36:33.1607404Z ##[error]packages/core/test/integration/trigger-time-loop.test.ts(228,48): error TS2322: Type '{ id: string; keyframes: { x: { stops: { p: number; v: number; }[]; }; }; }' is not assignable to type 'TrackDefinition'.
quality (node 24)	Run npm run typecheck	2026-08-23T01:36:33.1608619Z   Types of property 'keyframes' are incompatible.
quality (node 24)	Run npm run typecheck	2026-08-23T01:36:33.1609195Z     Type '{ x: { stops: { p: number; v: number; }[]; }; }' is not assignable to type 'Readonly<Record<string, AuthoredKeyframe>>'.
quality (node 24)	Run npm run typecheck	2026-08-23T01:36:33.1609753Z       Property 'x' is incompatible with index signature.
quality (node 24)	Run npm run typecheck	2026-08-23T01:36:33.1610239Z         Type '{ stops: { p: number; v: number; }[]; }' is not assignable to type 'AuthoredKeyframe'.
quality (node 24)	Run npm run typecheck	2026-08-23T01:36:33.1611613Z ##[error]packages/core/test/integration/trigger-time-loop.test.ts(229,48): error TS2322: Type '{ id: string; keyframes: { x: { stops: { p: number; v: number; }[]; }; }; }' is not assignable to type 'TrackDefinition'.
quality (node 24)	Run npm run typecheck	2026-08-23T01:36:33.1612983Z   Types of property 'keyframes' are incompatible.
quality (node 24)	Run npm run typecheck	2026-08-23T01:36:33.1613631Z     Type '{ x: { stops: { p: number; v: number; }[]; }; }' is not assignable to type 'Readonly<Record<string, AuthoredKeyframe>>'.
quality (node 24)	Run npm run typecheck	2026-08-23T01:36:33.1614429Z       Property 'x' is incompatible with index signature.
quality (node 24)	Run npm run typecheck	2026-08-23T01:36:33.1614933Z         Type '{ stops: { p: number; v: number; }[]; }' is not assignable to type 'AuthoredKeyframe'.
quality (node 24)	Run npm run typecheck	2026-08-23T01:36:33.1616315Z ##[error]packages/core/test/integration/trigger-time.test.ts(31,79): error TS2322: Type '{ id: string; keyframes: { x: { stops: { p: number; v: number; }[]; }; }; }' is not assignable to type 'TrackDefinition'.
quality (node 24)	Run npm run typecheck	2026-08-23T01:36:33.1617531Z   Types of property 'keyframes' are incompatible.
quality (node 24)	Run npm run typecheck	2026-08-23T01:36:33.1618101Z     Type '{ x: { stops: { p: number; v: number; }[]; }; }' is not assignable to type 'Readonly<Record<string, AuthoredKeyframe>>'.
quality (node 24)	Run npm run typecheck	2026-08-23T01:36:33.1618662Z       Property 'x' is incompatible with index signature.
quality (node 24)	Run npm run typecheck	2026-08-23T01:36:33.1619155Z         Type '{ stops: { p: number; v: number; }[]; }' is not assignable to type 'AuthoredKeyframe'.
quality (node 24)	Run npm run typecheck	2026-08-23T01:36:33.1620509Z ##[error]packages/core/test/integration/trigger-time.test.ts(115,77): error TS2322: Type '{ id: string; keyframes: { x: { stops: { p: number; v: number; }[]; }; }; }' is not assignable to type 'TrackDefinition'.
quality (node 24)	Run npm run typecheck	2026-08-23T01:36:33.1621692Z   Types of property 'keyframes' are incompatible.
quality (node 24)	Run npm run typecheck	2026-08-23T01:36:33.1622274Z     Type '{ x: { stops: { p: number; v: number; }[]; }; }' is not assignable to type 'Readonly<Record<string, AuthoredKeyframe>>'.
quality (node 24)	Run npm run typecheck	2026-08-23T01:36:33.1622828Z       Property 'x' is incompatible with index signature.
quality (node 24)	Run npm run typecheck	2026-08-23T01:36:33.1623315Z         Type '{ stops: { p: number; v: number; }[]; }' is not assignable to type 'AuthoredKeyframe'.
quality (node 24)	Run npm run typecheck	2026-08-23T01:36:33.1624907Z ##[error]packages/core/test/integration/trigger-time.test.ts(156,75): error TS2322: Type '{ id: string; keyframes: { x: { stops: { p: number; v: number; }[]; }; }; }' is not assignable to type 'TrackDefinition'.
quality (node 24)	Run npm run typecheck	2026-08-23T01:36:33.1626134Z   Types of property 'keyframes' are incompatible.
quality (node 24)	Run npm run typecheck	2026-08-23T01:36:33.1626712Z     Type '{ x: { stops: { p: number; v: number; }[]; }; }' is not assignable to type 'Readonly<Record<string, AuthoredKeyframe>>'.
quality (node 24)	Run npm run typecheck	2026-08-23T01:36:33.1627271Z       Property 'x' is incompatible with index signature.
quality (node 24)	Run npm run typecheck	2026-08-23T01:36:33.1627774Z         Type '{ stops: { p: number; v: number; }[]; }' is not assignable to type 'AuthoredKeyframe'.
quality (node 24)	Run npm run typecheck	2026-08-23T01:36:33.1629005Z ##[error]packages/core/test/integration/unified-mutation-surface.test.ts(21,29): error TS2322: Type '{ stops: { p: number; v: number; }[]; }' is not assignable to type 'AuthoredKeyframe'.
quality (node 24)	Run npm run typecheck	2026-08-23T01:36:33.1631343Z ##[error]packages/core/test/unit/domain/plugin-contribution-completeness.test.ts(20,7): error TS2322: Type '() => { keyframes: { derived: { stops: { p: number; v: number; }[]; }; }; }' is not assignable to type 'PluginContributor'.
quality (node 24)	Run npm run typecheck	2026-08-23T01:36:33.1632958Z   Call signature return types '{ keyframes: { derived: { stops: { p: number; v: number; }[]; }; }; }' and 'Contribution | undefined' are incompatible.
quality (node 24)	Run npm run typecheck	2026-08-23T01:36:33.1633647Z     The types of 'keyframes' are incompatible between these types.
quality (node 24)	Run npm run typecheck	2026-08-23T01:36:33.1634394Z       Type '{ derived: { stops: { p: number; v: number; }[]; }; }' is not assignable to type 'Readonly<Record<string, AuthoredProperty>>'.
quality (node 24)	Run npm run typecheck	2026-08-23T01:36:33.1635014Z         Property 'derived' is incompatible with index signature.
quality (node 24)	Run npm run typecheck	2026-08-23T01:36:33.1635561Z           Type '{ stops: { p: number; v: number; }[]; }' is not assignable to type 'AuthoredProperty'.
quality (node 24)	Run npm run typecheck	2026-08-23T01:36:33.1637050Z ##[error]packages/core/test/unit/domain/plugin-contribution-completeness.test.ts(51,7): error TS2322: Type '() => { keyframes: { derived: { stops: { p: number; v: number; }[]; }; }; }' is not assignable to type 'PluginContributor'.
quality (node 24)	Run npm run typecheck	2026-08-23T01:36:33.1638614Z   Call signature return types '{ keyframes: { derived: { stops: { p: number; v: number; }[]; }; }; }' and 'Contribution | undefined' are incompatible.
quality (node 24)	Run npm run typecheck	2026-08-23T01:36:33.1639435Z     The types of 'keyframes' are incompatible between these types.
quality (node 24)	Run npm run typecheck	2026-08-23T01:36:33.1640149Z       Type '{ derived: { stops: { p: number; v: number; }[]; }; }' is not assignable to type 'Readonly<Record<string, AuthoredProperty>>'.
quality (node 24)	Run npm run typecheck	2026-08-23T01:36:33.1640751Z         Property 'derived' is incompatible with index signature.
quality (node 24)	Run npm run typecheck	2026-08-23T01:36:33.1641277Z           Type '{ stops: { p: number; v: number; }[]; }' is not assignable to type 'AuthoredProperty'.
quality (node 24)	Run npm run typecheck	2026-08-23T01:36:33.1642730Z ##[error]packages/core/test/unit/domain/plugin-contribution-completeness.test.ts(58,7): error TS2322: Type '() => { keyframes: { second: { stops: { p: number; v: number; }[]; }; }; }' is not assignable to type 'PluginContributor'.
quality (node 24)	Run npm run typecheck	2026-08-23T01:36:33.1644368Z   Call signature return types '{ keyframes: { second: { stops: { p: number; v: number; }[]; }; }; }' and 'Contribution | undefined' are incompatible.
quality (node 24)	Run npm run typecheck	2026-08-23T01:36:33.1645032Z     The types of 'keyframes' are incompatible between these types.
quality (node 24)	Run npm run typecheck	2026-08-23T01:36:33.1645680Z       Type '{ second: { stops: { p: number; v: number; }[]; }; }' is not assignable to type 'Readonly<Record<string, AuthoredProperty>>'.
quality (node 24)	Run npm run typecheck	2026-08-23T01:36:33.1646273Z         Property 'second' is incompatible with index signature.
quality (node 24)	Run npm run typecheck	2026-08-23T01:36:33.1646780Z           Type '{ stops: { p: number; v: number; }[]; }' is not assignable to type 'AuthoredProperty'.
quality (node 24)	Run npm run typecheck	2026-08-23T01:36:33.1648562Z ##[error]packages/core/test/unit/domain/plugin-contribution-contract.test.ts(105,7): error TS2322: Type '() => { keyframes: { derived: { readonly stops: readonly AuthoredStop[]; }; }; tweenVars: { overwrite: string; }; }' is not assignable to type 'PluginContributor'.
quality (node 24)	Run npm run typecheck	2026-08-23T01:36:33.1650391Z   Call signature return types '{ keyframes: { derived: { readonly stops: readonly AuthoredStop[]; }; }; tweenVars: { overwrite: string; }; }' and 'Contribution | undefined' are incompatible.
quality (node 24)	Run npm run typecheck	2026-08-23T01:36:33.1651194Z     The types of 'keyframes' are incompatible between these types.
quality (node 24)	Run npm run typecheck	2026-08-23T01:36:33.1651892Z       Type '{ derived: { readonly stops: readonly AuthoredStop[]; }; }' is not assignable to type 'Readonly<Record<string, AuthoredProperty>>'.
quality (node 24)	Run npm run typecheck	2026-08-23T01:36:33.1652547Z         Property 'derived' is incompatible with index signature.
quality (node 24)	Run npm run typecheck	2026-08-23T01:36:33.1653115Z           Type '{ readonly stops: readonly AuthoredStop[]; }' is not assignable to type 'AuthoredProperty'.
quality (node 24)	Run npm run typecheck	2026-08-23T01:36:33.1655286Z ##[error]packages/core/test/unit/domain/plugin-contribution-contract.test.ts(128,7): error TS2322: Type 'Mock<() => { keyframes: { derived: { readonly stops: readonly AuthoredStop[]; }; }; tweenVars: { overwrite: string; }; }>' is not assignable to type 'PluginContributor | undefined'.
quality (node 24)	Run npm run typecheck	2026-08-23T01:36:33.1657136Z   Type 'Mock<() => { keyframes: { derived: { readonly stops: readonly AuthoredStop[]; }; }; tweenVars: { overwrite: string; }; }>' is not assignable to type 'PluginContributor'.
quality (node 24)	Run npm run typecheck	2026-08-23T01:36:33.1658317Z     Call signature return types '{ keyframes: { derived: { readonly stops: readonly AuthoredStop[]; }; }; tweenVars: { overwrite: string; }; }' and 'Contribution | undefined' are incompatible.
quality (node 24)	Run npm run typecheck	2026-08-23T01:36:33.1659146Z       The types of 'keyframes' are incompatible between these types.
quality (node 24)	Run npm run typecheck	2026-08-23T01:36:33.1659849Z         Type '{ derived: { readonly stops: readonly AuthoredStop[]; }; }' is not assignable to type 'Readonly<Record<string, AuthoredProperty>>'.
quality (node 24)	Run npm run typecheck	2026-08-23T01:36:33.1660511Z           Property 'derived' is incompatible with index signature.
quality (node 24)	Run npm run typecheck	2026-08-23T01:36:33.1661089Z             Type '{ readonly stops: readonly AuthoredStop[]; }' is not assignable to type 'AuthoredProperty'.
quality (node 24)	Run npm run typecheck	2026-08-23T01:36:33.1663022Z ##[error]packages/core/test/unit/domain/plugin-contribution-contract.test.ts(135,7): error TS2322: Type 'Mock<() => { keyframes: { derived: { readonly stops: readonly AuthoredStop[]; }; }; tweenVars: { overwrite: string; }; }>' is not assignable to type 'PluginContributor | undefined'.
quality (node 24)	Run npm run typecheck	2026-08-23T01:36:33.1665065Z   Type 'Mock<() => { keyframes: { derived: { readonly stops: readonly AuthoredStop[]; }; }; tweenVars: { overwrite: string; }; }>' is not assignable to type 'PluginContributor'.
quality (node 24)	Run npm run typecheck	2026-08-23T01:36:33.1666423Z     Call signature return types '{ keyframes: { derived: { readonly stops: readonly AuthoredStop[]; }; }; tweenVars: { overwrite: string; }; }' and 'Contribution | undefined' are incompatible.
quality (node 24)	Run npm run typecheck	2026-08-23T01:36:33.1667236Z       The types of 'keyframes' are incompatible between these types.
quality (node 24)	Run npm run typecheck	2026-08-23T01:36:33.1667941Z         Type '{ derived: { readonly stops: readonly AuthoredStop[]; }; }' is not assignable to type 'Readonly<Record<string, AuthoredProperty>>'.
quality (node 24)	Run npm run typecheck	2026-08-23T01:36:33.1668590Z           Property 'derived' is incompatible with index signature.
quality (node 24)	Run npm run typecheck	2026-08-23T01:36:33.1669167Z             Type '{ readonly stops: readonly AuthoredStop[]; }' is not assignable to type 'AuthoredProperty'.
quality (node 24)	Run npm run typecheck	2026-08-23T01:36:33.1670704Z ##[error]packages/core/test/unit/domain/plugin-contribution-contract.test.ts(154,7): error TS2322: Type '() => { keyframes: { derived: { stops: { p: number; v: number; }[]; }; }; }' is not assignable to type 'PluginContributor'.
quality (node 24)	Run npm run typecheck	2026-08-23T01:36:33.1672256Z   Call signature return types '{ keyframes: { derived: { stops: { p: number; v: number; }[]; }; }; }' and 'Contribution | undefined' are incompatible.
quality (node 24)	Run npm run typecheck	2026-08-23T01:36:33.1672923Z     The types of 'keyframes' are incompatible between these types.
quality (node 24)	Run npm run typecheck	2026-08-23T01:36:33.1673567Z       Type '{ derived: { stops: { p: number; v: number; }[]; }; }' is not assignable to type 'Readonly<Record<string, AuthoredProperty>>'.
quality (node 24)	Run npm run typecheck	2026-08-23T01:36:33.1674280Z         Property 'derived' is incompatible with index signature.
quality (node 24)	Run npm run typecheck	2026-08-23T01:36:33.1674804Z           Type '{ stops: { p: number; v: number; }[]; }' is not assignable to type 'AuthoredProperty'.
quality (node 24)	Run npm run typecheck	2026-08-23T01:36:33.1676115Z ##[error]packages/core/test/unit/graph/incremental-cache.test.ts(28,62): error TS2322: Type '{ stops: { p: number; v: number; }[]; }' is not assignable to type 'AuthoredKeyframe'.
quality (node 24)	Run npm run typecheck	2026-08-23T01:36:33.1677967Z ##[error]packages/core/test/unit/graph/incremental-cache.test.ts(52,60): error TS2322: Type '{ stops: { p: number; v: number; }[]; }' is not assignable to type 'AuthoredKeyframe'.
quality (node 24)	Run npm run typecheck	2026-08-23T01:36:33.1679767Z ##[error]packages/core/test/unit/graph/incremental-cache.test.ts(72,61): error TS2322: Type '{ stops: { p: number; v: number; }[]; }' is not assignable to type 'AuthoredKeyframe'.
quality (node 24)	Run npm run typecheck	2026-08-23T01:36:33.1681560Z ##[error]packages/core/test/unit/graph/incremental-cache.test.ts(92,61): error TS2322: Type '{ stops: { p: number; v: number; }[]; }' is not assignable to type 'AuthoredKeyframe'.
quality (node 24)	Run npm run typecheck	2026-08-23T01:36:33.1683359Z ##[error]packages/core/test/unit/graph/incremental-cache.test.ts(94,47): error TS2322: Type '{ stops: { p: number; v: number; }[]; }' is not assignable to type 'AuthoredKeyframe'.
quality (node 24)	Run npm run typecheck	2026-08-23T01:36:33.1685258Z ##[error]packages/core/test/unit/graph/incremental-cache.test.ts(95,46): error TS2322: Type '{ stops: { p: number; v: number; }[]; }' is not assignable to type 'AuthoredKeyframe'.
quality (node 24)	Run npm run typecheck	2026-08-23T01:36:33.1687072Z ##[error]packages/core/test/unit/graph/incremental-cache.test.ts(124,62): error TS2322: Type '{ stops: { p: number; v: number; }[]; }' is not assignable to type 'AuthoredKeyframe'.
quality (node 24)	Run npm run typecheck	2026-08-23T01:36:33.1688890Z ##[error]packages/core/test/unit/graph/incremental-cache.test.ts(137,61): error TS2322: Type '{ stops: { p: number; v: number; }[]; }' is not assignable to type 'AuthoredKeyframe'.
quality (node 24)	Run npm run typecheck	2026-08-23T01:36:33.1690699Z ##[error]packages/core/test/unit/graph/incremental-cache.test.ts(138,60): error TS2322: Type '{ stops: { p: number; v: number; }[]; }' is not assignable to type 'AuthoredKeyframe'.
quality (node 24)	Run npm run typecheck	2026-08-23T01:36:33.1692888Z ##[error]packages/core/test/unit/graph/requirement-edge-construction.test.ts(53,37): error TS2322: Type '{ values: { length: { stops: { p: number; v: number; }[]; }; }; requires: { base: string; }; }' is not assignable to type 'AuthoredKeyframe'.
quality (node 24)	Run npm run typecheck	2026-08-23T01:36:33.1694472Z   Types of property 'values' are incompatible.
quality (node 24)	Run npm run typecheck	2026-08-23T01:36:33.1695250Z     Type '{ length: { stops: { p: number; v: number; }[]; }; }' is not assignable to type 'Readonly<Record<string, AuthoredProperty>> | (() => ArrayIterator<AuthoredStop>) | undefined'.
quality (node 24)	Run npm run typecheck	2026-08-23T01:36:33.1696173Z       Types of property 'length' are incompatible.
quality (node 24)	Run npm run typecheck	2026-08-23T01:36:33.1696787Z         Object literal may only specify known properties, and 'stops' does not exist in type 'readonly AuthoredStop[]'.
quality (node 24)	Run npm run typecheck	2026-08-23T01:36:33.1698442Z ##[error]packages/core/test/unit/graph/single-input-channel.test.ts(59,39): error TS2322: Type '{ values: { length: { stops: { p: number; v: number; }[]; }; }; requires: { base: string; }; }' is not assignable to type 'AuthoredKeyframe'.
quality (node 24)	Run npm run typecheck	2026-08-23T01:36:33.1699717Z   Types of property 'values' are incompatible.
quality (node 24)	Run npm run typecheck	2026-08-23T01:36:33.1700495Z     Type '{ length: { stops: { p: number; v: number; }[]; }; }' is not assignable to type 'Readonly<Record<string, AuthoredProperty>> | (() => ArrayIterator<AuthoredStop>) | undefined'.
quality (node 24)	Run npm run typecheck	2026-08-23T01:36:33.1701201Z       Types of property 'length' are incompatible.
quality (node 24)	Run npm run typecheck	2026-08-23T01:36:33.1701804Z         Object literal may only specify known properties, and 'stops' does not exist in type 'readonly AuthoredStop[]'.
quality (node 24)	Run npm run typecheck	2026-08-23T01:36:33.1703557Z ##[error]packages/core/test/unit/runtime/composition-output-shape.test.ts(58,19): error TS2353: Object literal may only specify known properties, and 'stops' does not exist in type 'readonly AuthoredStop[] | AuthoredPluginGroup'.
quality (node 24)	Run npm run typecheck	2026-08-23T01:36:33.1706290Z ##[error]packages/react/test/public-hook-render.test.ts(69,19): error TS2353: Object literal may only specify known properties, and 'stops' does not exist in type 'readonly AuthoredStop[] | AuthoredPluginGroup'.
quality (node 24)	Run npm run typecheck	2026-08-23T01:36:33.1710369Z ##[error]Process completed with exit code 2.
end-to-end (node 24)	Run npx vitest run packages/core/test/integration/end-to-end.test.ts	﻿2026-08-23T01:36:29.8558506Z ##[group]Run npx vitest run packages/core/test/integration/end-to-end.test.ts
end-to-end (node 24)	Run npx vitest run packages/core/test/integration/end-to-end.test.ts	2026-08-23T01:36:29.8559817Z ^[[36;1mnpx vitest run packages/core/test/integration/end-to-end.test.ts^[[0m
end-to-end (node 24)	Run npx vitest run packages/core/test/integration/end-to-end.test.ts	2026-08-23T01:36:29.8597045Z shell: /usr/bin/bash -e {0}
end-to-end (node 24)	Run npx vitest run packages/core/test/integration/end-to-end.test.ts	2026-08-23T01:36:29.8597555Z env:
end-to-end (node 24)	Run npx vitest run packages/core/test/integration/end-to-end.test.ts	2026-08-23T01:36:29.8597914Z   NODE_VERSION: 24
end-to-end (node 24)	Run npx vitest run packages/core/test/integration/end-to-end.test.ts	2026-08-23T01:36:29.8598296Z ##[endgroup]
end-to-end (node 24)	Run npx vitest run packages/core/test/integration/end-to-end.test.ts	2026-08-23T01:36:30.4337010Z 
end-to-end (node 24)	Run npx vitest run packages/core/test/integration/end-to-end.test.ts	2026-08-23T01:36:30.4343816Z ^[[1m^[[30m^[[46m RUN ^[[49m^[[39m^[[22m ^[[36mv4.1.10 ^[[39m^[[90m/home/runner/work/motion5/motion5^[[39m
end-to-end (node 24)	Run npx vitest run packages/core/test/integration/end-to-end.test.ts	2026-08-23T01:36:30.4374294Z 
end-to-end (node 24)	Run npx vitest run packages/core/test/integration/end-to-end.test.ts	2026-08-23T01:36:30.9852880Z  ^[[31m❯^[[39m packages/core/test/integration/end-to-end.test.ts ^[[2m(^[[22m^[[2m1 test^[[22m^[[2m | ^[[22m^[[31m1 failed^[[39m^[[2m)^[[22m^[[32m 8^[[2mms^[[22m^[[39m
end-to-end (node 24)	Run npx vitest run packages/core/test/integration/end-to-end.test.ts	2026-08-23T01:36:30.9854994Z ^[[31m     ^[[31m×^[[31m writes authored GSAP output through a patch into the DOM adapter^[[39m^[[32m 6^[[2mms^[[22m^[[39m
end-to-end (node 24)	Run npx vitest run packages/core/test/integration/end-to-end.test.ts	2026-08-23T01:36:30.9884555Z 
end-to-end (node 24)	Run npx vitest run packages/core/test/integration/end-to-end.test.ts	2026-08-23T01:36:30.9885803Z ^[[31m⎯⎯⎯⎯⎯⎯⎯^[[39m^[[1m^[[41m Failed Tests 1 ^[[49m^[[22m^[[31m⎯⎯⎯⎯⎯⎯⎯^[[39m
end-to-end (node 24)	Run npx vitest run packages/core/test/integration/end-to-end.test.ts	2026-08-23T01:36:30.9886707Z 
end-to-end (node 24)	Run npx vitest run packages/core/test/integration/end-to-end.test.ts	2026-08-23T01:36:30.9889838Z ^[[41m^[[1m FAIL ^[[22m^[[49m packages/core/test/integration/end-to-end.test.ts^[[2m > ^[[22mreal end-to-end product path (E2)^[[2m > ^[[22mwrites authored GSAP output through a patch into the DOM adapter
end-to-end (node 24)	Run npx vitest run packages/core/test/integration/end-to-end.test.ts	2026-08-23T01:36:30.9896820Z ^[[31m^[[1mTypeError^[[22m: property-stops-wrapper at motions[0].tracks[0].keyframes.opacity: The { stops: [...] } wrapper is retired; author the stops array directly as the value.^[[39m
end-to-end (node 24)	Run npx vitest run packages/core/test/integration/end-to-end.test.ts	2026-08-23T01:36:30.9898873Z ^[[36m ^[[2m❯^[[22m assertValidProject packages/core/src/engine.ts:^[[2m101:11^[[22m^[[39m
end-to-end (node 24)	Run npx vitest run packages/core/test/integration/end-to-end.test.ts	2026-08-23T01:36:31.0006543Z     ^[[90m 99|^[[39m   ^[[35mconst^[[39m result ^[[33m=^[[39m ^[[34mvalidateV5^[[39m(project)^[[33m;^[[39m
end-to-end (node 24)	Run npx vitest run packages/core/test/integration/end-to-end.test.ts	2026-08-23T01:36:31.0008440Z     ^[[90m100|^[[39m   ^[[35mif^[[39m (^[[33m!^[[39mresult^[[33m.^[[39mvalid ^[[33m||^[[39m result^[[33m.^[[39mvalue ^[[33m===^[[39m ^[[35mnull^[[39m)
end-to-end (node 24)	Run npx vitest run packages/core/test/integration/end-to-end.test.ts	2026-08-23T01:36:31.0009902Z     ^[[90m101|^[[39m     ^[[35mthrow^[[39m ^[[35mnew^[[39m ^[[33mTypeError^[[39m(
end-to-end (node 24)	Run npx vitest run packages/core/test/integration/end-to-end.test.ts	2026-08-23T01:36:31.0010954Z     ^[[90m   |^[[39m           ^[[31m^^[[39m
end-to-end (node 24)	Run npx vitest run packages/core/test/integration/end-to-end.test.ts	2026-08-23T01:36:31.0011594Z 
end-to-end (node 24)	Run npx vitest run packages/core/test/integration/end-to-end.test.ts	2026-08-23T01:36:31.0012443Z     ^[[90m102|^[[39m       result^[[33m.^[[39mdiagnostics^[[33m.^[[39mlength ^[[33m===^[[39m ^[[34m0^[[39m
end-to-end (node 24)	Run npx vitest run packages/core/test/integration/end-to-end.test.ts	2026-08-23T01:36:31.0013618Z     ^[[90m103|^[[39m         ^[[33m?^[[39m ^[[32m"Project failed v5 validation."^[[39m
end-to-end (node 24)	Run npx vitest run packages/core/test/integration/end-to-end.test.ts	2026-08-23T01:36:31.0015043Z ^[[90m ^[[2m❯^[[22m Engine.load packages/core/src/engine.ts:^[[2m170:29^[[22m^[[39m
end-to-end (node 24)	Run npx vitest run packages/core/test/integration/end-to-end.test.ts	2026-08-23T01:36:31.0016437Z ^[[90m ^[[2m❯^[[22m packages/core/test/integration/end-to-end.test.ts:^[[2m45:8^[[22m^[[39m
end-to-end (node 24)	Run npx vitest run packages/core/test/integration/end-to-end.test.ts	2026-08-23T01:36:31.0017189Z 
end-to-end (node 24)	Run npx vitest run packages/core/test/integration/end-to-end.test.ts	2026-08-23T01:36:31.0017857Z ^[[31m^[[2m⎯⎯⎯⎯⎯⎯⎯⎯⎯⎯⎯⎯⎯⎯⎯⎯⎯⎯⎯⎯⎯⎯⎯⎯[1/1]⎯^[[22m^[[39m
end-to-end (node 24)	Run npx vitest run packages/core/test/integration/end-to-end.test.ts	2026-08-23T01:36:31.0018422Z 
end-to-end (node 24)	Run npx vitest run packages/core/test/integration/end-to-end.test.ts	2026-08-23T01:36:31.0043352Z ^[[2m Test Files ^[[22m ^[[1m^[[31m1 failed^[[39m^[[22m^[[90m (1)^[[39m
end-to-end (node 24)	Run npx vitest run packages/core/test/integration/end-to-end.test.ts	2026-08-23T01:36:31.0044618Z ^[[2m      Tests ^[[22m ^[[1m^[[31m1 failed^[[39m^[[22m^[[90m (1)^[[39m
end-to-end (node 24)	Run npx vitest run packages/core/test/integration/end-to-end.test.ts	2026-08-23T01:36:31.0045580Z ^[[2m   Start at ^[[22m 01:36:30
end-to-end (node 24)	Run npx vitest run packages/core/test/integration/end-to-end.test.ts	2026-08-23T01:36:31.0046963Z ^[[2m   Duration ^[[22m 534ms^[[2m (transform 321ms, setup 17ms, import 378ms, tests 8ms, environment 0ms)^[[22m
end-to-end (node 24)	Run npx vitest run packages/core/test/integration/end-to-end.test.ts	2026-08-23T01:36:31.0047860Z 
end-to-end (node 24)	Run npx vitest run packages/core/test/integration/end-to-end.test.ts	2026-08-23T01:36:31.0048250Z 
end-to-end (node 24)	Run npx vitest run packages/core/test/integration/end-to-end.test.ts	2026-08-23T01:36:31.0083074Z ##[error]TypeError: property-stops-wrapper at motions[0].tracks[0].keyframes.opacity: The { stops: [...] } wrapper is retired; author the stops array directly as the value.
end-to-end (node 24)	Run npx vitest run packages/core/test/integration/end-to-end.test.ts	 ❯ assertValidProject packages/core/src/engine.ts:101:11
end-to-end (node 24)	Run npx vitest run packages/core/test/integration/end-to-end.test.ts	 ❯ Engine.load packages/core/src/engine.ts:170:29
end-to-end (node 24)	Run npx vitest run packages/core/test/integration/end-to-end.test.ts	 ❯ packages/core/test/integration/end-to-end.test.ts:45:8
end-to-end (node 24)	Run npx vitest run packages/core/test/integration/end-to-end.test.ts	
end-to-end (node 24)	Run npx vitest run packages/core/test/integration/end-to-end.test.ts	
end-to-end (node 24)	Run npx vitest run packages/core/test/integration/end-to-end.test.ts	2026-08-23T01:36:31.0418508Z ##[error]Process completed with exit code 1.
