integration (node 24)	Run npm run test:integration	﻿2026-08-23T00:22:00.3693106Z ##[group]Run npm run test:integration
integration (node 24)	Run npm run test:integration	2026-08-23T00:22:00.3693487Z ^[[36;1mnpm run test:integration^[[0m
integration (node 24)	Run npm run test:integration	2026-08-23T00:22:00.3736750Z shell: /usr/bin/bash -e {0}
integration (node 24)	Run npm run test:integration	2026-08-23T00:22:00.3737260Z env:
integration (node 24)	Run npm run test:integration	2026-08-23T00:22:00.3737493Z   NODE_VERSION: 24
integration (node 24)	Run npm run test:integration	2026-08-23T00:22:00.3737721Z ##[endgroup]
integration (node 24)	Run npm run test:integration	2026-08-23T00:22:00.4770130Z 
integration (node 24)	Run npm run test:integration	2026-08-23T00:22:00.4770945Z > motion5@0.0.0 test:integration
integration (node 24)	Run npm run test:integration	2026-08-23T00:22:00.4771837Z > vitest run packages/core/test/integration
integration (node 24)	Run npm run test:integration	2026-08-23T00:22:00.4772299Z 
integration (node 24)	Run npm run test:integration	2026-08-23T00:22:00.8216883Z 
integration (node 24)	Run npm run test:integration	2026-08-23T00:22:00.8248162Z ^[[1m^[[30m^[[46m RUN ^[[49m^[[39m^[[22m ^[[36mv4.1.10 ^[[39m^[[90m/home/runner/work/motion5/motion5^[[39m
integration (node 24)	Run npm run test:integration	2026-08-23T00:22:00.8257581Z 
integration (node 24)	Run npm run test:integration	2026-08-23T00:22:01.4453787Z  ^[[32m✓^[[39m packages/core/test/integration/engine-teardown-ownership.test.ts ^[[2m(^[[22m^[[2m6 tests^[[22m^[[2m)^[[22m^[[32m 24^[[2mms^[[22m^[[39m
integration (node 24)	Run npm run test:integration	2026-08-23T00:22:01.4918732Z  ^[[31m❯^[[39m packages/core/test/integration/t4-runtime-motion-parity.test.ts ^[[2m(^[[22m^[[2m7 tests^[[22m^[[2m | ^[[22m^[[31m3 failed^[[39m^[[2m)^[[22m^[[32m 45^[[2mms^[[22m^[[39m
integration (node 24)	Run npm run test:integration	2026-08-23T00:22:01.4937921Z ^[[31m     ^[[31m×^[[31m T-1 emits one progress sequence for a runtime and an authored time Motion^[[39m^[[32m 17^[[2mms^[[22m^[[39m
integration (node 24)	Run npm run test:integration	2026-08-23T00:22:01.4958121Z      ^[[32m✓^[[39m T-2 rejects an invalid runtime trigger without committing anything^[[32m 8^[[2mms^[[22m^[[39m
integration (node 24)	Run npm run test:integration	2026-08-23T00:22:01.4987734Z      ^[[32m✓^[[39m T-3 leaves nothing behind when the trigger driver cannot be built^[[32m 4^[[2mms^[[22m^[[39m
integration (node 24)	Run npm run test:integration	2026-08-23T00:22:01.5000454Z      ^[[32m✓^[[39m T-4 disposes the driver exactly once when a runtime Motion is destroyed^[[32m 1^[[2mms^[[22m^[[39m
integration (node 24)	Run npm run test:integration	2026-08-23T00:22:01.5028883Z      ^[[32m✓^[[39m T-5 leaves zero live driver subscriptions after the project is disposed^[[32m 2^[[2mms^[[22m^[[39m
integration (node 24)	Run npm run test:integration	2026-08-23T00:22:01.5048296Z ^[[31m     ^[[31m×^[[31m T-6 rolls the Motion back when the candidate graph rejects it^[[39m^[[32m 6^[[2mms^[[22m^[[39m
integration (node 24)	Run npm run test:integration	2026-08-23T00:22:01.5077888Z ^[[31m     ^[[31m×^[[31m T-7 keeps one clock subscription when a Motion is created at runtime^[[39m^[[32m 4^[[2mms^[[22m^[[39m
integration (node 24)	Run npm run test:integration	2026-08-23T00:22:01.5191300Z  ^[[31m❯^[[39m packages/core/test/integration/bare-authored-leaf.test.ts ^[[2m(^[[22m^[[2m12 tests^[[22m^[[2m | ^[[22m^[[31m2 failed^[[39m^[[2m)^[[22m^[[32m 80^[[2mms^[[22m^[[39m
integration (node 24)	Run npm run test:integration	2026-08-23T00:22:01.5198662Z      ^[[32m✓^[[39m LF-5 interpolates a bare array of stops^[[32m 16^[[2mms^[[22m^[[39m
integration (node 24)	Run npm run test:integration	2026-08-23T00:22:01.5223082Z      ^[[32m✓^[[39m LF-6 publishes a bare static value and holds it at every progress^[[32m 23^[[2mms^[[22m^[[39m
integration (node 24)	Run npm run test:integration	2026-08-23T00:22:01.5250281Z      ^[[32m✓^[[39m LF-7 keeps a static leaf out of the percent map and out of the compiled properties^[[32m 1^[[2mms^[[22m^[[39m
integration (node 24)	Run npm run test:integration	2026-08-23T00:22:01.5277564Z      ^[[32m✓^[[39m LF-8 contributes no tween for a static leaf^[[32m 2^[[2mms^[[22m^[[39m
integration (node 24)	Run npm run test:integration	2026-08-23T00:22:01.5298770Z      ^[[32m✓^[[39m LF-9 refuses the retired object wrapper by name^[[32m 2^[[2mms^[[22m^[[39m
integration (node 24)	Run npm run test:integration	2026-08-23T00:22:01.5328033Z ^[[31m     ^[[31m×^[[31m LF-10 closes the static domain instead of leaving it open^[[39m^[[32m 13^[[2mms^[[22m^[[39m
integration (node 24)	Run npm run test:integration	2026-08-23T00:22:01.5329923Z      ^[[32m✓^[[39m LF-11 never reads either leaf form as a plugin group^[[32m 0^[[2mms^[[22m^[[39m
integration (node 24)	Run npm run test:integration	2026-08-23T00:22:01.5331709Z      ^[[32m✓^[[39m LF-12 still refuses a migrated legacy group by name^[[32m 0^[[2mms^[[22m^[[39m
integration (node 24)	Run npm run test:integration	2026-08-23T00:22:01.5333637Z      ^[[32m✓^[[39m LF-13 accepts both leaf forms inside a values section^[[32m 4^[[2mms^[[22m^[[39m
integration (node 24)	Run npm run test:integration	2026-08-23T00:22:01.5335476Z      ^[[32m✓^[[39m LF-14 refuses a static leaf on a prepare-stage contributor's key^[[32m 1^[[2mms^[[22m^[[39m
integration (node 24)	Run npm run test:integration	2026-08-23T00:22:01.5337664Z      ^[[32m✓^[[39m LF-15 declares the leaf as a union and deletes the wrapper interface^[[32m 0^[[2mms^[[22m^[[39m
integration (node 24)	Run npm run test:integration	2026-08-23T00:22:01.5339829Z ^[[31m     ^[[31m×^[[31m LF-16 leaves no authored schema in the repository on the retired form^[[39m^[[32m 14^[[2mms^[[22m^[[39m
integration (node 24)	Run npm run test:integration	2026-08-23T00:22:01.8340155Z  ^[[31m❯^[[39m packages/core/test/integration/plugin-group-values-section.test.ts ^[[2m(^[[22m^[[2m13 tests^[[22m^[[2m | ^[[22m^[[31m4 failed^[[39m^[[2m)^[[22m^[[32m 36^[[2mms^[[22m^[[39m
integration (node 24)	Run npm run test:integration	2026-08-23T00:22:01.8342424Z ^[[31m     ^[[31m×^[[31m Y-1 compiles the values section to leaves and the requires section to nothing^[[39m^[[32m 13^[[2mms^[[22m^[[39m
integration (node 24)	Run npm run test:integration	2026-08-23T00:22:01.8345046Z      ^[[32m✓^[[39m Y-2 refuses the legacy leaf form by name rather than as a missing stops array^[[32m 2^[[2mms^[[22m^[[39m
integration (node 24)	Run npm run test:integration	2026-08-23T00:22:01.8346989Z      ^[[32m✓^[[39m Y-3 reports an unknown section once and names both legal sections^[[32m 1^[[2mms^[[22m^[[39m
integration (node 24)	Run npm run test:integration	2026-08-23T00:22:01.8348502Z      ^[[32m✓^[[39m Y-4 reserves a top-level values under the rule id a top-level requires gets^[[32m 1^[[2mms^[[22m^[[39m
integration (node 24)	Run npm run test:integration	2026-08-23T00:22:01.8349874Z      ^[[32m✓^[[39m Y-5 refuses a malformed or an empty values section^[[32m 1^[[2mms^[[22m^[[39m
integration (node 24)	Run npm run test:integration	2026-08-23T00:22:01.8351298Z      ^[[32m✓^[[39m Y-6 leaves an empty object an accepted no-op property rather than a group^[[32m 1^[[2mms^[[22m^[[39m
integration (node 24)	Run npm run test:integration	2026-08-23T00:22:01.8352873Z ^[[31m     ^[[31m×^[[31m Y-7 cites the section in a diagnostic about a leaf inside it^[[39m^[[32m 6^[[2mms^[[22m^[[39m
integration (node 24)	Run npm run test:integration	2026-08-23T00:22:01.8354494Z ^[[31m     ^[[31m×^[[31m Y-8 keeps a leaf named values legal inside the section, and resolvable^[[39m^[[32m 4^[[2mms^[[22m^[[39m
integration (node 24)	Run npm run test:integration	2026-08-23T00:22:01.8356073Z      ^[[32m✓^[[39m Y-9 keeps the perspective warning for 3D content inside the values section^[[32m 1^[[2mms^[[22m^[[39m
integration (node 24)	Run npm run test:integration	2026-08-23T00:22:01.8357784Z      ^[[32m✓^[[39m Y-10 refuses one compiled key authored under two groups' values sections^[[32m 0^[[2mms^[[22m^[[39m
integration (node 24)	Run npm run test:integration	2026-08-23T00:22:01.8359312Z      ^[[32m✓^[[39m Y-11 joins a bindings-only group to the composer chain and scopes its input^[[32m 2^[[2mms^[[22m^[[39m
integration (node 24)	Run npm run test:integration	2026-08-23T00:22:01.8360806Z      ^[[32m✓^[[39m Y-12 declares the group as two named sections and deletes the member union^[[32m 0^[[2mms^[[22m^[[39m
integration (node 24)	Run npm run test:integration	2026-08-23T00:22:01.8362447Z ^[[31m     ^[[31m×^[[31m Y-13 composes the walker rig's world frame through the values section^[[39m^[[32m 2^[[2mms^[[22m^[[39m
integration (node 24)	Run npm run test:integration	2026-08-23T00:22:01.8829609Z  ^[[31m❯^[[39m packages/core/test/integration/trigger-time-loop.test.ts ^[[2m(^[[22m^[[2m11 tests^[[22m^[[2m | ^[[22m^[[31m8 failed^[[39m^[[2m)^[[22m^[[32m 34^[[2mms^[[22m^[[39m
integration (node 24)	Run npm run test:integration	2026-08-23T00:22:01.8855306Z      ^[[32m✓^[[39m L-11 accepts the loop fields and names each loop rule by id^[[32m 4^[[2mms^[[22m^[[39m
integration (node 24)	Run npm run test:integration	2026-08-23T00:22:01.8858124Z      ^[[32m✓^[[39m L-12 refuses a yoyo with no cycle to reverse, at either spelling^[[32m 1^[[2mms^[[22m^[[39m
integration (node 24)	Run npm run test:integration	2026-08-23T00:22:01.8881432Z ^[[31m     ^[[31m×^[[31m L-13 no longer rejects repeat and yoyo as unsupported^[[39m^[[32m 10^[[2mms^[[22m^[[39m
integration (node 24)	Run npm run test:integration	2026-08-23T00:22:01.8917817Z ^[[31m     ^[[31m×^[[31m L-14 yoyos an authored Motion through the runtime and stops at the start^[[39m^[[32m 3^[[2mms^[[22m^[[39m
integration (node 24)	Run npm run test:integration	2026-08-23T00:22:01.8919707Z ^[[31m     ^[[31m×^[[31m L-15 gives a runtime-created looping Motion the identical sequence^[[39m^[[32m 3^[[2mms^[[22m^[[39m
integration (node 24)	Run npm run test:integration	2026-08-23T00:22:01.8947365Z ^[[31m     ^[[31m×^[[31m L-16 applies stagger inside each cycle and carries nothing across one^[[39m^[[32m 2^[[2mms^[[22m^[[39m
integration (node 24)	Run npm run test:integration	2026-08-23T00:22:01.8957781Z ^[[31m     ^[[31m×^[[31m L-17 keeps one project clock subscription for looping Motions^[[39m^[[32m 1^[[2mms^[[22m^[[39m
integration (node 24)	Run npm run test:integration	2026-08-23T00:22:01.8959560Z ^[[31m     ^[[31m×^[[31m L-18 keeps publishing an infinite loop where a single pass latches^[[39m^[[32m 1^[[2mms^[[22m^[[39m
integration (node 24)	Run npm run test:integration	2026-08-23T00:22:01.8961280Z ^[[31m     ^[[31m×^[[31m L-19 lets the next loop emission overwrite a leaf seek^[[39m^[[32m 3^[[2mms^[[22m^[[39m
integration (node 24)	Run npm run test:integration	2026-08-23T00:22:01.8962903Z ^[[31m     ^[[31m×^[[31m L-20 releases a destroyed loop without disturbing the other one^[[39m^[[32m 1^[[2mms^[[22m^[[39m
integration (node 24)	Run npm run test:integration	2026-08-23T00:22:01.8964372Z      ^[[32m✓^[[39m L-21 keeps loop time running while its Motion is paused^[[32m 3^[[2mms^[[22m^[[39m
integration (node 24)	Run npm run test:integration	2026-08-23T00:22:01.9301282Z  ^[[31m❯^[[39m packages/core/test/integration/phase7-walker-demo.test.ts ^[[2m(^[[22m^[[2m10 tests^[[22m^[[2m | ^[[22m^[[31m10 failed^[[39m^[[2m)^[[22m^[[32m 31^[[2mms^[[22m^[[39m
integration (node 24)	Run npm run test:integration	2026-08-23T00:22:01.9328346Z ^[[31m     ^[[31m×^[[31m 1. Load valid walker project through Engine with plugin registry^[[39m^[[32m 20^[[2mms^[[22m^[[39m
integration (node 24)	Run npm run test:integration	2026-08-23T00:22:01.9357974Z ^[[31m     ^[[31m×^[[31m 2. Render walker nodes through createDomPatchAdapter^[[39m^[[32m 2^[[2mms^[[22m^[[39m
integration (node 24)	Run npm run test:integration	2026-08-23T00:22:01.9388021Z ^[[31m     ^[[31m×^[[31m 3. Demonstrate time playback using single injected browser clock^[[39m^[[32m 1^[[2mms^[[22m^[[39m
integration (node 24)	Run npm run test:integration	2026-08-23T00:22:01.9390757Z ^[[31m     ^[[31m×^[[31m 4. Demonstrate progress through TriggerPort and manual signals^[[39m^[[32m 1^[[2mms^[[22m^[[39m
integration (node 24)	Run npm run test:integration	2026-08-23T00:22:01.9418887Z ^[[31m     ^[[31m×^[[31m 5. Render multiple tracks from one Motion in one published batch^[[39m^[[32m 1^[[2mms^[[22m^[[39m
integration (node 24)	Run npm run test:integration	2026-08-23T00:22:01.9448125Z ^[[31m     ^[[31m×^[[31m 6. Demonstrate FK graph observation dependency chain (pelvis -> thigh -> shin)^[[39m^[[32m 1^[[2mms^[[22m^[[39m
integration (node 24)	Run npm run test:integration	2026-08-23T00:22:01.9477889Z ^[[31m     ^[[31m×^[[31m 7. Mount, unmount, remount, and dispose without duplicate subscriptions^[[39m^[[32m 1^[[2mms^[[22m^[[39m
integration (node 24)	Run npm run test:integration	2026-08-23T00:22:01.9487795Z ^[[31m     ^[[31m×^[[31m 8. Show blocked/pending/error diagnostics without crashing the app^[[39m^[[32m 1^[[2mms^[[22m^[[39m
integration (node 24)	Run npm run test:integration	2026-08-23T00:22:01.9507763Z ^[[31m     ^[[31m×^[[31m 9. Use React usePatch hook at the React boundary^[[39m^[[32m 1^[[2mms^[[22m^[[39m
integration (node 24)	Run npm run test:integration	2026-08-23T00:22:01.9537759Z ^[[31m     ^[[31m×^[[31m 10. Automated end-to-end integration test passes clean^[[39m^[[32m 1^[[2mms^[[22m^[[39m
integration (node 24)	Run npm run test:integration	2026-08-23T00:22:02.0728484Z  ^[[32m✓^[[39m packages/core/test/integration/authored-leaf-reader.test.ts ^[[2m(^[[22m^[[2m4 tests^[[22m^[[2m)^[[22m^[[32m 10^[[2mms^[[22m^[[39m
integration (node 24)	Run npm run test:integration	2026-08-23T00:22:02.1942392Z  ^[[32m✓^[[39m packages/core/test/integration/rollback-error-precedence.test.ts ^[[2m(^[[22m^[[2m3 tests^[[22m^[[2m)^[[22m^[[32m 18^[[2mms^[[22m^[[39m
integration (node 24)	Run npm run test:integration	2026-08-23T00:22:02.2628505Z  ^[[31m❯^[[39m packages/core/test/integration/phase0-red-baseline.test.ts ^[[2m(^[[22m^[[2m5 tests^[[22m^[[2m | ^[[22m^[[31m5 failed^[[39m^[[2m)^[[22m^[[32m 30^[[2mms^[[22m^[[39m
integration (node 24)	Run npm run test:integration	2026-08-23T00:22:02.2648191Z ^[[31m     ^[[31m×^[[31m 1. Engine time playback: project clock tick advances time motion playhead^[[39m^[[32m 12^[[2mms^[[22m^[[39m
integration (node 24)	Run npm run test:integration	2026-08-23T00:22:02.2679863Z ^[[31m     ^[[31m×^[[31m 2. Multi-track publication: driving a Motion with 2 tracks publishes both node patches in 1 batch^[[39m^[[32m 1^[[2mms^[[22m^[[39m
integration (node 24)	Run npm run test:integration	2026-08-23T00:22:02.2708252Z ^[[31m     ^[[31m×^[[31m 3. Adopted-track Engine path: adopted free track compiles keyframes and publishes ready patch^[[39m^[[32m 9^[[2mms^[[22m^[[39m
integration (node 24)	Run npm run test:integration	2026-08-23T00:22:02.2715257Z ^[[31m     ^[[31m×^[[31m 4. Stale scheduled write: paused Motion cancels pending write before scheduler flush^[[39m^[[32m 1^[[2mms^[[22m^[[39m
integration (node 24)	Run npm run test:integration	2026-08-23T00:22:02.2738285Z ^[[31m     ^[[31m×^[[31m 5. Trigger burst behavior: multiple progress signals before flush coalesce to latest progress^[[39m^[[32m 1^[[2mms^[[22m^[[39m
integration (node 24)	Run npm run test:integration	2026-08-23T00:22:02.3811520Z  ^[[31m❯^[[39m packages/core/test/integration/motion-trigger-types.test.ts ^[[2m(^[[22m^[[2m4 tests^[[22m^[[2m | ^[[22m^[[31m2 failed^[[39m^[[2m)^[[22m^[[32m 27^[[2mms^[[22m^[[39m
integration (node 24)	Run npm run test:integration	2026-08-23T00:22:02.3814003Z ^[[31m     ^[[31m×^[[31m T-11 gives each trigger type its own input path instead of the manual one^[[39m^[[32m 15^[[2mms^[[22m^[[39m
integration (node 24)	Run npm run test:integration	2026-08-23T00:22:02.3816065Z ^[[31m     ^[[31m×^[[31m T-12 lets seek scrub a driver-backed node and lets the driver overwrite it^[[39m^[[32m 2^[[2mms^[[22m^[[39m
integration (node 24)	Run npm run test:integration	2026-08-23T00:22:02.3818129Z      ^[[32m✓^[[39m advances from the one injected clock and rejects control after disposal^[[32m 6^[[2mms^[[22m^[[39m
integration (node 24)	Run npm run test:integration	2026-08-23T00:22:02.3819971Z      ^[[32m✓^[[39m cancels queued trigger work when paused and does not duplicate on remount^[[32m 1^[[2mms^[[22m^[[39m
integration (node 24)	Run npm run test:integration	2026-08-23T00:22:02.5144059Z  ^[[31m❯^[[39m packages/core/test/integration/plugin-owned-requirements.test.ts ^[[2m(^[[22m^[[2m6 tests^[[22m^[[2m | ^[[22m^[[31m6 failed^[[39m^[[2m)^[[22m^[[32m 30^[[2mms^[[22m^[[39m
integration (node 24)	Run npm run test:integration	2026-08-23T00:22:02.5147070Z ^[[31m     ^[[31m×^[[31m Q-7 derives the input edge from the binding and composes world space from it^[[39m^[[32m 15^[[2mms^[[22m^[[39m
integration (node 24)	Run npm run test:integration	2026-08-23T00:22:02.5149320Z ^[[31m     ^[[31m×^[[31m Q-8 leaves an omitted binding with no edge and lets the plugin own the unbound case^[[39m^[[32m 1^[[2mms^[[22m^[[39m
integration (node 24)	Run npm run test:integration	2026-08-23T00:22:02.5151153Z ^[[31m     ^[[31m×^[[31m Q-9 refuses a binding whose source is not a node in the graph^[[39m^[[32m 8^[[2mms^[[22m^[[39m
integration (node 24)	Run npm run test:integration	2026-08-23T00:22:02.5152971Z ^[[31m     ^[[31m×^[[31m Q-10 treats two slots bound to one source as two edges rather than a duplicate^[[39m^[[32m 1^[[2mms^[[22m^[[39m
integration (node 24)	Run npm run test:integration	2026-08-23T00:22:02.5154894Z ^[[31m     ^[[31m×^[[31m Q-11 keeps an upstream value out of the observer's authored value namespace^[[39m^[[32m 1^[[2mms^[[22m^[[39m
integration (node 24)	Run npm run test:integration	2026-08-23T00:22:02.5157374Z ^[[31m     ^[[31m×^[[31m Q-12 refuses a binding to a slot the plugin never declared, at load^[[39m^[[32m 1^[[2mms^[[22m^[[39m
integration (node 24)	Run npm run test:integration	2026-08-23T00:22:02.5909887Z  ^[[31m❯^[[39m packages/core/test/integration/replace-track-transactionality.test.ts ^[[2m(^[[22m^[[2m4 tests^[[22m^[[2m | ^[[22m^[[31m4 failed^[[39m^[[2m)^[[22m^[[32m 15^[[2mms^[[22m^[[39m
integration (node 24)	Run npm run test:integration	2026-08-23T00:22:02.5912529Z ^[[31m     ^[[31m×^[[31m U-1 keeps the live compiled Track when the recompile is refused^[[39m^[[32m 10^[[2mms^[[22m^[[39m
integration (node 24)	Run npm run test:integration	2026-08-23T00:22:02.5914859Z ^[[31m     ^[[31m×^[[31m U-2 leaves a refused recompile retryable rather than stranding the node^[[39m^[[32m 1^[[2mms^[[22m^[[39m
integration (node 24)	Run npm run test:integration	2026-08-23T00:22:02.5938003Z ^[[31m     ^[[31m×^[[31m U-3 changes nothing when the owning Motion refuses the replacement^[[39m^[[32m 1^[[2mms^[[22m^[[39m
integration (node 24)	Run npm run test:integration	2026-08-23T00:22:02.5954018Z ^[[31m     ^[[31m×^[[31m U-4 changes nothing when the candidate graph refuses a derived observation^[[39m^[[32m 1^[[2mms^[[22m^[[39m
integration (node 24)	Run npm run test:integration	2026-08-23T00:22:02.6768807Z  ^[[31m❯^[[39m packages/core/test/integration/phase4-dynamic-lifecycle.test.ts ^[[2m(^[[22m^[[2m6 tests^[[22m^[[2m | ^[[22m^[[31m1 failed^[[39m^[[2m)^[[22m^[[32m 31^[[2mms^[[22m^[[39m
integration (node 24)	Run npm run test:integration	2026-08-23T00:22:02.6798886Z      ^[[32m✓^[[39m 1. Adoption produces ready patches and publishes through the ordinary graph path^[[32m 9^[[2mms^[[22m^[[39m
integration (node 24)	Run npm run test:integration	2026-08-23T00:22:02.6801391Z      ^[[32m✓^[[39m 2. Failed adoption (duplicate id) is observationally atomic — graph, membership, and patches are unchanged^[[32m 2^[[2mms^[[22m^[[39m
integration (node 24)	Run npm run test:integration	2026-08-23T00:22:02.6803903Z      ^[[32m✓^[[39m 3. Repeated adopt/destroy cycles do not retain dead GraphNode identities or stale compose closures^[[32m 3^[[2mms^[[22m^[[39m
integration (node 24)	Run npm run test:integration	2026-08-23T00:22:02.6806208Z      ^[[32m✓^[[39m 4. PatchRegistry.dispose() clears all retained patches and rejects future publication^[[32m 1^[[2mms^[[22m^[[39m
integration (node 24)	Run npm run test:integration	2026-08-23T00:22:02.6808698Z      ^[[32m✓^[[39m 5. Requirement-scoped replacement updates edge identity consistently with GraphIR^[[32m 1^[[2mms^[[22m^[[39m
integration (node 24)	Run npm run test:integration	2026-08-23T00:22:02.6811158Z ^[[31m     ^[[31m×^[[31m 6. Keyframe validation is shared: malformed adopted stops are rejected before graph commit^[[39m^[[32m 13^[[2mms^[[22m^[[39m
integration (node 24)	Run npm run test:integration	2026-08-23T00:22:02.8207395Z  ^[[31m❯^[[39m packages/core/test/integration/adoption.test.ts ^[[2m(^[[22m^[[2m10 tests^[[22m^[[2m | ^[[22m^[[31m3 failed^[[39m^[[2m)^[[22m^[[32m 38^[[2mms^[[22m^[[39m
integration (node 24)	Run npm run test:integration	2026-08-23T00:22:02.8235863Z      ^[[32m✓^[[39m adopts a free track under ~/id and publishes through the ordinary graph path^[[32m 9^[[2mms^[[22m^[[39m
integration (node 24)	Run npm run test:integration	2026-08-23T00:22:02.8238265Z      ^[[32m✓^[[39m rejects duplicate adopted ids instead of silently replacing membership^[[32m 2^[[2mms^[[22m^[[39m
integration (node 24)	Run npm run test:integration	2026-08-23T00:22:02.8240931Z      ^[[32m✓^[[39m lets a borrower unmount without destroying the adopted track, while only the owner can destroy it^[[32m 3^[[2mms^[[22m^[[39m
integration (node 24)	Run npm run test:integration	2026-08-23T00:22:02.8243126Z      ^[[32m✓^[[39m keeps every adopted track independently addressable across sequential adopt and destroy calls^[[32m 2^[[2mms^[[22m^[[39m
integration (node 24)	Run npm run test:integration	2026-08-23T00:22:02.8244770Z ^[[31m     ^[[31m×^[[31m rejects adopted tracks with non-finite stop positions^[[39m^[[32m 13^[[2mms^[[22m^[[39m
integration (node 24)	Run npm run test:integration	2026-08-23T00:22:02.8246504Z ^[[31m     ^[[31m×^[[31m rejects adopted tracks with non-monotonic stop positions^[[39m^[[32m 2^[[2mms^[[22m^[[39m
integration (node 24)	Run npm run test:integration	2026-08-23T00:22:02.8248353Z ^[[31m     ^[[31m×^[[31m rejects adopted tracks with duplicate stop positions^[[39m^[[32m 2^[[2mms^[[22m^[[39m
integration (node 24)	Run npm run test:integration	2026-08-23T00:22:02.8249813Z      ^[[32m✓^[[39m adopts a track into an existing motion under motionId/trackId^[[32m 1^[[2mms^[[22m^[[39m
integration (node 24)	Run npm run test:integration	2026-08-23T00:22:02.8251144Z      ^[[32m✓^[[39m rejects adopting into a non-existent motion^[[32m 2^[[2mms^[[22m^[[39m
integration (node 24)	Run npm run test:integration	2026-08-23T00:22:02.8252612Z      ^[[32m✓^[[39m destroys a motion-adopted track and invokes removeMotionTrack^[[32m 1^[[2mms^[[22m^[[39m
integration (node 24)	Run npm run test:integration	2026-08-23T00:22:02.9218587Z  ^[[31m❯^[[39m packages/core/test/integration/trigger-time.test.ts ^[[2m(^[[22m^[[2m7 tests^[[22m^[[2m | ^[[22m^[[31m6 failed^[[39m^[[2m)^[[22m^[[32m 28^[[2mms^[[22m^[[39m
integration (node 24)	Run npm run test:integration	2026-08-23T00:22:02.9220426Z ^[[31m     ^[[31m×^[[31m drives a time Motion once per project-clock tick^[[39m^[[32m 15^[[2mms^[[22m^[[39m
integration (node 24)	Run npm run test:integration	2026-08-23T00:22:02.9221683Z ^[[31m     ^[[31m×^[[31m does not emit before the first tick^[[39m^[[32m 1^[[2mms^[[22m^[[39m
integration (node 24)	Run npm run test:integration	2026-08-23T00:22:02.9223402Z ^[[31m     ^[[31m×^[[31m rejects external signals without changing progress^[[39m^[[32m 1^[[2mms^[[22m^[[39m
integration (node 24)	Run npm run test:integration	2026-08-23T00:22:02.9224465Z ^[[31m     ^[[31m×^[[31m coalesces rapid driver ticks to the latest progress^[[39m^[[32m 1^[[2mms^[[22m^[[39m
integration (node 24)	Run npm run test:integration	2026-08-23T00:22:02.9227940Z      ^[[32m✓^[[39m keeps exactly one project clock subscription for multiple Motions^[[32m 6^[[2mms^[[22m^[[39m
integration (node 24)	Run npm run test:integration	2026-08-23T00:22:02.9230086Z ^[[31m     ^[[31m×^[[31m keeps manual signals working and preserves range validation^[[39m^[[32m 1^[[2mms^[[22m^[[39m
integration (node 24)	Run npm run test:integration	2026-08-23T00:22:02.9262816Z ^[[31m     ^[[31m×^[[31m isolates a throwing clock consumer while preserving other Motion progress^[[39m^[[32m 1^[[2mms^[[22m^[[39m
integration (node 24)	Run npm run test:integration	2026-08-23T00:22:03.0197477Z  ^[[31m❯^[[39m packages/core/test/integration/engine-x3-contribution.test.ts ^[[2m(^[[22m^[[2m5 tests^[[22m^[[2m | ^[[22m^[[31m5 failed^[[39m^[[2m)^[[22m^[[32m 29^[[2mms^[[22m^[[39m
integration (node 24)	Run npm run test:integration	2026-08-23T00:22:03.0243460Z ^[[31m     ^[[31m×^[[31m passes contribution context and creates the prepared timeline at load^[[39m^[[32m 14^[[2mms^[[22m^[[39m
integration (node 24)	Run npm run test:integration	2026-08-23T00:22:03.0247648Z ^[[31m     ^[[31m×^[[31m selects one predicate contributor through Engine.load^[[39m^[[32m 2^[[2mms^[[22m^[[39m
integration (node 24)	Run npm run test:integration	2026-08-23T00:22:03.0249165Z ^[[31m     ^[[31m×^[[31m rejects malformed contributions during Engine.load^[[39m^[[32m 7^[[2mms^[[22m^[[39m
integration (node 24)	Run npm run test:integration	2026-08-23T00:22:03.0250719Z ^[[31m     ^[[31m×^[[31m rejects authored ease collisions before any timeline is created^[[39m^[[32m 2^[[2mms^[[22m^[[39m
integration (node 24)	Run npm run test:integration	2026-08-23T00:22:03.0252519Z ^[[31m     ^[[31m×^[[31m merges contributed keyframes into compiler diagnostics before timeline creation^[[39m^[[32m 2^[[2mms^[[22m^[[39m
integration (node 24)	Run npm run test:integration	2026-08-23T00:22:03.1390488Z  ^[[31m❯^[[39m packages/core/test/integration/trigger-scroll.test.ts ^[[2m(^[[22m^[[2m6 tests^[[22m^[[2m | ^[[22m^[[31m5 failed^[[39m^[[2m)^[[22m^[[32m 28^[[2mms^[[22m^[[39m
integration (node 24)	Run npm run test:integration	2026-08-23T00:22:03.1408265Z ^[[31m     ^[[31m×^[[31m 3.1 drives progress from an injected source and clamps out-of-range emissions^[[39m^[[32m 11^[[2mms^[[22m^[[39m
integration (node 24)	Run npm run test:integration	2026-08-23T00:22:03.1429147Z ^[[31m     ^[[31m×^[[31m 3.2 subscribes to the injected source once and unsubscribes exactly once^[[39m^[[32m 2^[[2mms^[[22m^[[39m
integration (node 24)	Run npm run test:integration	2026-08-23T00:22:03.1457564Z      ^[[32m✓^[[39m 3.3 rejects a missing source with a trigger-driver-unavailable diagnostic^[[32m 6^[[2mms^[[22m^[[39m
integration (node 24)	Run npm run test:integration	2026-08-23T00:22:03.1459599Z ^[[31m     ^[[31m×^[[31m 3.4 unsubscribes an already resolved source when a later Motion cannot resolve^[[39m^[[32m 5^[[2mms^[[22m^[[39m
integration (node 24)	Run npm run test:integration	2026-08-23T00:22:03.1488349Z ^[[31m     ^[[31m×^[[31m registers no clock consumer for a push-driven scroll Motion^[[39m^[[32m 1^[[2mms^[[22m^[[39m
integration (node 24)	Run npm run test:integration	2026-08-23T00:22:03.1535388Z ^[[31m     ^[[31m×^[[31m rejects external signals for scroll Motions^[[39m^[[32m 1^[[2mms^[[22m^[[39m
integration (node 24)	Run npm run test:integration	2026-08-23T00:22:03.2327185Z  ^[[31m❯^[[39m packages/core/test/integration/phase3-trigger-port.test.ts ^[[2m(^[[22m^[[2m5 tests^[[22m^[[2m | ^[[22m^[[31m2 failed^[[39m^[[2m)^[[22m^[[32m 23^[[2mms^[[22m^[[39m
integration (node 24)	Run npm run test:integration	2026-08-23T00:22:03.2334668Z      ^[[32m✓^[[39m 1. Port lifecycle: subscribe, emit, unsubscribe, and resubscribe cleanly^[[32m 4^[[2mms^[[22m^[[39m
integration (node 24)	Run npm run test:integration	2026-08-23T00:22:03.2390258Z      ^[[32m✓^[[39m 2. Core validation boundary: NaN, infinite, and out-of-bounds progress are rejected loudly^[[32m 4^[[2mms^[[22m^[[39m
integration (node 24)	Run npm run test:integration	2026-08-23T00:22:03.2437987Z ^[[31m     ^[[31m×^[[31m 3. Manual and custom trigger ports operate without DOM imports in core^[[39m^[[32m 9^[[2mms^[[22m^[[39m
integration (node 24)	Run npm run test:integration	2026-08-23T00:22:03.2510458Z ^[[31m     ^[[31m×^[[31m 4. Single clock invariant: attaching TriggerPorts creates zero secondary clock subscriptions^[[39m^[[32m 2^[[2mms^[[22m^[[39m
integration (node 24)	Run npm run test:integration	2026-08-23T00:22:03.2511651Z      ^[[32m✓^[[39m 5. Idempotent teardown: pause, unmount, and dispose cleanly detach ports without leaks^[[32m 1^[[2mms^[[22m^[[39m
integration (node 24)	Run npm run test:integration	2026-08-23T00:22:03.3191163Z  ^[[31m❯^[[39m packages/core/test/integration/per-plugin-key-ownership.test.ts ^[[2m(^[[22m^[[2m4 tests^[[22m^[[2m | ^[[22m^[[31m3 failed^[[39m^[[2m)^[[22m^[[32m 21^[[2mms^[[22m^[[39m
integration (node 24)	Run npm run test:integration	2026-08-23T00:22:03.3193643Z      ^[[32m✓^[[39m N-7 claims the natural bone key names and composes world space from them^[[32m 3^[[2mms^[[22m^[[39m
integration (node 24)	Run npm run test:integration	2026-08-23T00:22:03.3195621Z ^[[31m     ^[[31m×^[[31m N-8 composes a rig from two plugins that both claim rotation^[[39m^[[32m 9^[[2mms^[[22m^[[39m
integration (node 24)	Run npm run test:integration	2026-08-23T00:22:03.3198234Z ^[[31m     ^[[31m×^[[31m N-9 refuses the flat spelling of a key both plugins claim^[[39m^[[32m 5^[[2mms^[[22m^[[39m
integration (node 24)	Run npm run test:integration	2026-08-23T00:22:03.3200355Z ^[[31m     ^[[31m×^[[31m N-10 publishes grouped leaves under their unprefixed names^[[39m^[[32m 2^[[2mms^[[22m^[[39m
integration (node 24)	Run npm run test:integration	2026-08-23T00:22:03.4763714Z  ^[[31m❯^[[39m packages/core/test/integration/mutation-transactionality.test.ts ^[[2m(^[[22m^[[2m3 tests^[[22m^[[2m | ^[[22m^[[31m3 failed^[[39m^[[2m)^[[22m^[[32m 34^[[2mms^[[22m^[[39m
integration (node 24)	Run npm run test:integration	2026-08-23T00:22:03.4787924Z ^[[31m     ^[[31m×^[[31m rejects destroying a source without changing graph state or the observation wire^[[39m^[[32m 21^[[2mms^[[22m^[[39m
integration (node 24)	Run npm run test:integration	2026-08-23T00:22:03.4789398Z ^[[31m     ^[[31m×^[[31m leaves a rejected unknown-source adoption retryable^[[39m^[[32m 9^[[2mms^[[22m^[[39m
integration (node 24)	Run npm run test:integration	2026-08-23T00:22:03.4847757Z ^[[31m     ^[[31m×^[[31m leaves a rejected self-reference adoption retryable^[[39m^[[32m 2^[[2mms^[[22m^[[39m
integration (node 24)	Run npm run test:integration	2026-08-23T00:22:03.5409303Z  ^[[31m❯^[[39m packages/core/test/integration/option-c-track-resolution.test.ts ^[[2m(^[[22m^[[2m5 tests^[[22m^[[2m | ^[[22m^[[31m5 failed^[[39m^[[2m)^[[22m^[[32m 19^[[2mms^[[22m^[[39m
integration (node 24)	Run npm run test:integration	2026-08-23T00:22:03.5436496Z ^[[31m     ^[[31m×^[[31m C-9 keeps a motion-owned track live through replacement^[[39m^[[32m 14^[[2mms^[[22m^[[39m
integration (node 24)	Run npm run test:integration	2026-08-23T00:22:03.5437827Z ^[[31m     ^[[31m×^[[31m C-10 preserves the array index and stagger timing across a replacement^[[39m^[[32m 1^[[2mms^[[22m^[[39m
integration (node 24)	Run npm run test:integration	2026-08-23T00:22:03.5439374Z ^[[31m     ^[[31m×^[[31m C-11 keeps the observation replacement path resolvable^[[39m^[[32m 1^[[2mms^[[22m^[[39m
integration (node 24)	Run npm run test:integration	2026-08-23T00:22:03.5440565Z ^[[31m     ^[[31m×^[[31m C-12 disposes every compiled timeline exactly once^[[39m^[[32m 1^[[2mms^[[22m^[[39m
integration (node 24)	Run npm run test:integration	2026-08-23T00:22:03.5442010Z ^[[31m     ^[[31m×^[[31m C-13 keeps runtime add and remove in step with the resolver^[[39m^[[32m 1^[[2mms^[[22m^[[39m
integration (node 24)	Run npm run test:integration	2026-08-23T00:22:03.5903516Z  ^[[32m✓^[[39m packages/core/test/integration/p2-runtime-smells.test.ts ^[[2m(^[[22m^[[2m6 tests^[[22m^[[2m)^[[22m^[[32m 14^[[2mms^[[22m^[[39m
integration (node 24)	Run npm run test:integration	2026-08-23T00:22:03.7741613Z  ^[[31m❯^[[39m packages/core/test/integration/phase2-motion-scheduling.test.ts ^[[2m(^[[22m^[[2m5 tests^[[22m^[[2m | ^[[22m^[[31m3 failed^[[39m^[[2m)^[[22m^[[32m 22^[[2mms^[[22m^[[39m
integration (node 24)	Run npm run test:integration	2026-08-23T00:22:03.7745192Z ^[[31m     ^[[31m×^[[31m 1. Ten signals before Scheduler flush produce exactly 1 Track write with latest progress^[[39m^[[32m 13^[[2mms^[[22m^[[39m
integration (node 24)	Run npm run test:integration	2026-08-23T00:22:03.7747359Z ^[[31m     ^[[31m×^[[31m 2. Pause cancels pending scheduled write and prevents Track mutation on flush^[[39m^[[32m 1^[[2mms^[[22m^[[39m
integration (node 24)	Run npm run test:integration	2026-08-23T00:22:03.7748989Z      ^[[32m✓^[[39m 3. Remount does not duplicate subscriptions or schedule parallel jobs^[[32m 4^[[2mms^[[22m^[[39m
integration (node 24)	Run npm run test:integration	2026-08-23T00:22:03.7750894Z      ^[[32m✓^[[39m 4. Clock and trigger paths both retain cancellation behavior on pause^[[32m 1^[[2mms^[[22m^[[39m
integration (node 24)	Run npm run test:integration	2026-08-23T00:22:03.7754490Z ^[[31m     ^[[31m×^[[31m 5. Burst signals produce exactly 1 published patch batch^[[39m^[[32m 2^[[2mms^[[22m^[[39m
integration (node 24)	Run npm run test:integration	2026-08-23T00:22:03.8699628Z  ^[[31m❯^[[39m packages/core/test/integration/runtime-motion-lifecycle.test.ts ^[[2m(^[[22m^[[2m6 tests^[[22m^[[2m | ^[[22m^[[31m3 failed^[[39m^[[2m)^[[22m^[[32m 40^[[2mms^[[22m^[[39m
integration (node 24)	Run npm run test:integration	2026-08-23T00:22:03.8712111Z ^[[31m     ^[[31m×^[[31m creates a motion, attaches a track, and signals progress from an empty project^[[39m^[[32m 18^[[2mms^[[22m^[[39m
integration (node 24)	Run npm run test:integration	2026-08-23T00:22:03.8714405Z ^[[31m     ^[[31m×^[[31m rejects motion destruction while it still owns tracks, then allows empty destruction^[[39m^[[32m 1^[[2mms^[[22m^[[39m
integration (node 24)	Run npm run test:integration	2026-08-23T00:22:03.8716486Z ^[[31m     ^[[31m×^[[31m keeps two runtime motions independently signalable^[[39m^[[32m 10^[[2mms^[[22m^[[39m
integration (node 24)	Run npm run test:integration	2026-08-23T00:22:03.8718135Z      ^[[32m✓^[[39m rejects duplicate and malformed motion ids without poisoning retries^[[32m 4^[[2mms^[[22m^[[39m
integration (node 24)	Run npm run test:integration	2026-08-23T00:22:03.8719790Z      ^[[32m✓^[[39m rejects non-empty authored motions without deleting their schema tracks^[[32m 3^[[2mms^[[22m^[[39m
integration (node 24)	Run npm run test:integration	2026-08-23T00:22:03.8721432Z      ^[[32m✓^[[39m rejects addMotion with pre-populated tracks instead of dropping them^[[32m 1^[[2mms^[[22m^[[39m
integration (node 24)	Run npm run test:integration	2026-08-23T00:22:03.8909810Z  ^[[31m❯^[[39m packages/core/test/integration/observation-identity.test.ts ^[[2m(^[[22m^[[2m5 tests^[[22m^[[2m | ^[[22m^[[31m5 failed^[[39m^[[2m)^[[22m^[[32m 18^[[2mms^[[22m^[[39m
integration (node 24)	Run npm run test:integration	2026-08-23T00:22:03.8937865Z ^[[31m     ^[[31m×^[[31m covers source spelling across an add and its matching remove^[[39m^[[32m 12^[[2mms^[[22m^[[39m
integration (node 24)	Run npm run test:integration	2026-08-23T00:22:03.9008108Z ^[[31m     ^[[31m×^[[31m deduplicates equivalent observations and preserves no-op sequence^[[39m^[[32m 1^[[2mms^[[22m^[[39m
integration (node 24)	Run npm run test:integration	2026-08-23T00:22:03.9022679Z ^[[31m     ^[[31m×^[[31m rejects an invalid free-track observation with stable diagnostics^[[39m^[[32m 2^[[2mms^[[22m^[[39m
integration (node 24)	Run npm run test:integration	2026-08-23T00:22:03.9054795Z ^[[31m     ^[[31m×^[[31m V-7 refuses an authored target through addObserve on either role^[[39m^[[32m 1^[[2mms^[[22m^[[39m
integration (node 24)	Run npm run test:integration	2026-08-23T00:22:03.9088121Z ^[[31m     ^[[31m×^[[31m J-7 refuses an authored role or projection through addObserve^[[39m^[[32m 1^[[2mms^[[22m^[[39m
integration (node 24)	Run npm run test:integration	2026-08-23T00:22:04.0538587Z  ^[[32m✓^[[39m packages/core/test/integration/cross-motion.test.ts ^[[2m(^[[22m^[[2m3 tests^[[22m^[[2m)^[[22m^[[32m 18^[[2mms^[[22m^[[39m
integration (node 24)	Run npm run test:integration	2026-08-23T00:22:04.1439295Z  ^[[31m❯^[[39m packages/core/test/integration/issue-114-motion-track-regressions.test.ts ^[[2m(^[[22m^[[2m5 tests^[[22m^[[2m | ^[[22m^[[31m5 failed^[[39m^[[2m)^[[22m^[[32m 19^[[2mms^[[22m^[[39m
integration (node 24)	Run npm run test:integration	2026-08-23T00:22:04.1477940Z ^[[31m     ^[[31m×^[[31m does not drive the disposed Track after direct replacement^[[39m^[[32m 10^[[2mms^[[22m^[[39m
integration (node 24)	Run npm run test:integration	2026-08-23T00:22:04.1547863Z ^[[31m     ^[[31m×^[[31m preserves current progress when replacing^[[39m^[[32m 4^[[2mms^[[22m^[[39m
integration (node 24)	Run npm run test:integration	2026-08-23T00:22:04.1567608Z ^[[31m     ^[[31m×^[[31m preserves the original array index and stagger timing^[[39m^[[32m 1^[[2mms^[[22m^[[39m
integration (node 24)	Run npm run test:integration	2026-08-23T00:22:04.1598423Z ^[[31m     ^[[31m×^[[31m keeps sibling progress healthy after replacement^[[39m^[[32m 1^[[2mms^[[22m^[[39m
integration (node 24)	Run npm run test:integration	2026-08-23T00:22:04.1622822Z ^[[31m     ^[[31m×^[[31m keeps the observation replacement path live^[[39m^[[32m 1^[[2mms^[[22m^[[39m
integration (node 24)	Run npm run test:integration	2026-08-23T00:22:04.1860992Z  ^[[32m✓^[[39m packages/core/test/integration/diagnostics.test.ts ^[[2m(^[[22m^[[2m4 tests^[[22m^[[2m)^[[22m^[[32m 16^[[2mms^[[22m^[[39m
integration (node 24)	Run npm run test:integration	2026-08-23T00:22:04.3758923Z  ^[[31m❯^[[39m packages/core/test/integration/unified-mutation-surface.test.ts ^[[2m(^[[22m^[[2m5 tests^[[22m^[[2m | ^[[22m^[[31m5 failed^[[39m^[[2m)^[[22m^[[32m 21^[[2mms^[[22m^[[39m
integration (node 24)	Run npm run test:integration	2026-08-23T00:22:04.3760589Z ^[[31m     ^[[31m×^[[31m ingests authored tracks into the removable store without auto-mounting^[[39m^[[32m 12^[[2mms^[[22m^[[39m
integration (node 24)	Run npm run test:integration	2026-08-23T00:22:04.3761583Z ^[[31m     ^[[31m×^[[31m returns a capability handle and makes stale ABA handles inert^[[39m^[[32m 3^[[2mms^[[22m^[[39m
integration (node 24)	Run npm run test:integration	2026-08-23T00:22:04.3762523Z ^[[31m     ^[[31m×^[[31m replaces a track non-destructively and preserves subscriber identity^[[39m^[[32m 2^[[2mms^[[22m^[[39m
integration (node 24)	Run npm run test:integration	2026-08-23T00:22:04.3763526Z ^[[31m     ^[[31m×^[[31m reads dependants from the committed graph and rejects source removal^[[39m^[[32m 1^[[2mms^[[22m^[[39m
integration (node 24)	Run npm run test:integration	2026-08-23T00:22:04.3764476Z ^[[31m     ^[[31m×^[[31m treats observation changes as replacement of the observer track^[[39m^[[32m 1^[[2mms^[[22m^[[39m
integration (node 24)	Run npm run test:integration	2026-08-23T00:22:04.4440767Z  ^[[31m❯^[[39m packages/core/test/integration/replace-motion-track.test.ts ^[[2m(^[[22m^[[2m3 tests^[[22m^[[2m | ^[[22m^[[31m3 failed^[[39m^[[2m)^[[22m^[[32m 12^[[2mms^[[22m^[[39m
integration (node 24)	Run npm run test:integration	2026-08-23T00:22:04.4443440Z ^[[31m     ^[[31m×^[[31m re-registers the compiled Track without throwing on the next Motion update^[[39m^[[32m 8^[[2mms^[[22m^[[39m
integration (node 24)	Run npm run test:integration	2026-08-23T00:22:04.4447052Z ^[[31m     ^[[31m×^[[31m preserves the replaced Track index and stagger timing^[[39m^[[32m 1^[[2mms^[[22m^[[39m
integration (node 24)	Run npm run test:integration	2026-08-23T00:22:04.4450007Z ^[[31m     ^[[31m×^[[31m updates a Motion-owned Track through observation mutations^[[39m^[[32m 1^[[2mms^[[22m^[[39m
integration (node 24)	Run npm run test:integration	2026-08-23T00:22:04.4623908Z  ^[[31m❯^[[39m packages/core/test/integration/adopted-track-immutability.test.ts ^[[2m(^[[22m^[[2m4 tests^[[22m^[[2m | ^[[22m^[[31m4 failed^[[39m^[[2m)^[[22m^[[32m 26^[[2mms^[[22m^[[39m
integration (node 24)	Run npm run test:integration	2026-08-23T00:22:04.4626662Z ^[[31m     ^[[31m×^[[31m returns a deeply frozen runtime-owned definition^[[39m^[[32m 16^[[2mms^[[22m^[[39m
integration (node 24)	Run npm run test:integration	2026-08-23T00:22:04.4628430Z ^[[31m     ^[[31m×^[[31m isolates caller mutation from the frozen graph definition^[[39m^[[32m 1^[[2mms^[[22m^[[39m
integration (node 24)	Run npm run test:integration	2026-08-23T00:22:04.4630531Z ^[[31m     ^[[31m×^[[31m uses the authored validation owner for malformed runtime track structure^[[39m^[[32m 6^[[2mms^[[22m^[[39m
integration (node 24)	Run npm run test:integration	2026-08-23T00:22:04.4633284Z ^[[31m     ^[[31m×^[[31m keeps the existing same-source destroy and readopt path working^[[39m^[[32m 1^[[2mms^[[22m^[[39m
integration (node 24)	Run npm run test:integration	2026-08-23T00:22:04.6330642Z  ^[[31m❯^[[39m packages/core/test/integration/keyframe-groups.test.ts ^[[2m(^[[22m^[[2m3 tests^[[22m^[[2m | ^[[22m^[[31m3 failed^[[39m^[[2m)^[[22m^[[32m 15^[[2mms^[[22m^[[39m
integration (node 24)	Run npm run test:integration	2026-08-23T00:22:04.6332581Z ^[[31m     ^[[31m×^[[31m F-10 interpolates grouped leaves without renaming the owning plugin^[[39m^[[32m 10^[[2mms^[[22m^[[39m
integration (node 24)	Run npm run test:integration	2026-08-23T00:22:04.6334151Z ^[[31m     ^[[31m×^[[31m F-11 interpolates a grouped track when the Engine has no plugin registry^[[39m^[[32m 3^[[2mms^[[22m^[[39m
integration (node 24)	Run npm run test:integration	2026-08-23T00:22:04.6336024Z ^[[31m     ^[[31m×^[[31m F-12 publishes identical values for the flat and grouped spellings^[[39m^[[32m 1^[[2mms^[[22m^[[39m
integration (node 24)	Run npm run test:integration	2026-08-23T00:22:04.7114424Z  ^[[31m❯^[[39m packages/core/test/integration/engine-headless.test.ts ^[[2m(^[[22m^[[2m4 tests^[[22m^[[2m | ^[[22m^[[31m4 failed^[[39m^[[2m)^[[22m^[[32m 16^[[2mms^[[22m^[[39m
integration (node 24)	Run npm run test:integration	2026-08-23T00:22:04.7115834Z ^[[31m     ^[[31m×^[[31m publishes a progress change through the public project handle^[[39m^[[32m 10^[[2mms^[[22m^[[39m
integration (node 24)	Run npm run test:integration	2026-08-23T00:22:04.7117245Z ^[[31m     ^[[31m×^[[31m keeps one clock owner while clock progress publishes once^[[39m^[[32m 2^[[2mms^[[22m^[[39m
integration (node 24)	Run npm run test:integration	2026-08-23T00:22:04.7118165Z ^[[31m     ^[[31m×^[[31m still resolves authored-key plugins during progress updates^[[39m^[[32m 1^[[2mms^[[22m^[[39m
integration (node 24)	Run npm run test:integration	2026-08-23T00:22:04.7119121Z ^[[31m     ^[[31m×^[[31m routes a manual trigger through the public handle into a published patch^[[39m^[[32m 1^[[2mms^[[22m^[[39m
integration (node 24)	Run npm run test:integration	2026-08-23T00:22:04.7260721Z  ^[[31m❯^[[39m packages/core/test/integration/internal-key-strip.test.ts ^[[2m(^[[22m^[[2m3 tests^[[22m^[[2m | ^[[22m^[[31m3 failed^[[39m^[[2m)^[[22m^[[32m 16^[[2mms^[[22m^[[39m
integration (node 24)	Run npm run test:integration	2026-08-23T00:22:04.7268328Z ^[[31m     ^[[31m×^[[31m H-1 keeps a namespaced derived key out of every published surface^[[39m^[[32m 12^[[2mms^[[22m^[[39m
integration (node 24)	Run npm run test:integration	2026-08-23T00:22:04.7270454Z ^[[31m     ^[[31m×^[[31m H-2 keeps a declared unprefixed internal key out of the patch^[[39m^[[32m 1^[[2mms^[[22m^[[39m
integration (node 24)	Run npm run test:integration	2026-08-23T00:22:04.7272388Z ^[[31m     ^[[31m×^[[31m H-3 still rejects an underscore key returned from compose^[[39m^[[32m 1^[[2mms^[[22m^[[39m
integration (node 24)	Run npm run test:integration	2026-08-23T00:22:04.8500804Z  ^[[32m✓^[[39m packages/core/test/integration/publisher-output-merge-consistency.test.ts ^[[2m(^[[22m^[[2m2 tests^[[22m^[[2m)^[[22m^[[32m 7^[[2mms^[[22m^[[39m
integration (node 24)	Run npm run test:integration	2026-08-23T00:22:04.9403586Z  ^[[32m✓^[[39m packages/core/test/integration/remount.test.ts ^[[2m(^[[22m^[[2m2 tests^[[22m^[[2m)^[[22m^[[32m 23^[[2mms^[[22m^[[39m
integration (node 24)	Run npm run test:integration	2026-08-23T00:22:05.0174157Z  ^[[31m❯^[[39m packages/core/test/integration/handle-adoption.test.ts ^[[2m(^[[22m^[[2m4 tests^[[22m^[[2m | ^[[22m^[[31m2 failed^[[39m^[[2m)^[[22m^[[32m 34^[[2mms^[[22m^[[39m
integration (node 24)	Run npm run test:integration	2026-08-23T00:22:05.0175713Z      ^[[32m✓^[[39m adopts a free track and publishes a ready patch via seek^[[32m 13^[[2mms^[[22m^[[39m
integration (node 24)	Run npm run test:integration	2026-08-23T00:22:05.0177453Z      ^[[32m✓^[[39m destroyAdopted removes the node from the graph^[[32m 2^[[2mms^[[22m^[[39m
integration (node 24)	Run npm run test:integration	2026-08-23T00:22:05.0178885Z ^[[31m     ^[[31m×^[[31m rejects adoption of a track with malformed keyframes^[[39m^[[32m 10^[[2mms^[[22m^[[39m
integration (node 24)	Run npm run test:integration	2026-08-23T00:22:05.0179965Z ^[[31m     ^[[31m×^[[31m adopts a track into an existing motion and receives motion signals^[[39m^[[32m 6^[[2mms^[[22m^[[39m
integration (node 24)	Run npm run test:integration	2026-08-23T00:22:05.0777105Z  ^[[32m✓^[[39m packages/core/test/integration/graph-publisher.test.ts ^[[2m(^[[22m^[[2m3 tests^[[22m^[[2m)^[[22m^[[32m 10^[[2mms^[[22m^[[39m
integration (node 24)	Run npm run test:integration	2026-08-23T00:22:05.1524077Z  ^[[32m✓^[[39m packages/core/test/integration/project-runtime.test.ts ^[[2m(^[[22m^[[2m4 tests^[[22m^[[2m)^[[22m^[[32m 13^[[2mms^[[22m^[[39m
integration (node 24)	Run npm run test:integration	2026-08-23T00:22:05.2369436Z  ^[[32m✓^[[39m packages/core/test/integration/graph-runtime.test.ts ^[[2m(^[[22m^[[2m4 tests^[[22m^[[2m)^[[22m^[[32m 11^[[2mms^[[22m^[[39m
integration (node 24)	Run npm run test:integration	2026-08-23T00:22:05.2868537Z  ^[[32m✓^[[39m packages/core/test/integration/flush-output-merge.test.ts ^[[2m(^[[22m^[[2m2 tests^[[22m^[[2m)^[[22m^[[32m 6^[[2mms^[[22m^[[39m
integration (node 24)	Run npm run test:integration	2026-08-23T00:22:05.4446081Z  ^[[31m❯^[[39m packages/core/test/integration/engine-load-validation.test.ts ^[[2m(^[[22m^[[2m4 tests^[[22m^[[2m | ^[[22m^[[31m4 failed^[[39m^[[2m)^[[22m^[[32m 17^[[2mms^[[22m^[[39m
integration (node 24)	Run npm run test:integration	2026-08-23T00:22:05.4448761Z ^[[31m     ^[[31m×^[[31m rejects malformed authored stops before constructing a runtime^[[39m^[[32m 11^[[2mms^[[22m^[[39m
integration (node 24)	Run npm run test:integration	2026-08-23T00:22:05.4461024Z ^[[31m     ^[[31m×^[[31m rejects malformed authored stops before any timeline is created^[[39m^[[32m 1^[[2mms^[[22m^[[39m
integration (node 24)	Run npm run test:integration	2026-08-23T00:22:05.4471489Z ^[[31m     ^[[31m×^[[31m resolves authored plugin ownership during load, not on the first seek^[[39m^[[32m 1^[[2mms^[[22m^[[39m
integration (node 24)	Run npm run test:integration	2026-08-23T00:22:05.4473723Z ^[[31m     ^[[31m×^[[31m accepts a valid project and creates its timelines during load^[[39m^[[32m 2^[[2mms^[[22m^[[39m
integration (node 24)	Run npm run test:integration	2026-08-23T00:22:05.4485010Z  ^[[32m✓^[[39m packages/core/test/integration/graph-rollback.test.ts ^[[2m(^[[22m^[[2m4 tests^[[22m^[[2m)^[[22m^[[32m 14^[[2mms^[[22m^[[39m
integration (node 24)	Run npm run test:integration	2026-08-23T00:22:05.5442192Z  ^[[31m❯^[[39m packages/core/test/integration/single-input-channel.test.ts ^[[2m(^[[22m^[[2m1 test^[[22m^[[2m | ^[[22m^[[31m1 failed^[[39m^[[2m)^[[22m^[[32m 11^[[2mms^[[22m^[[39m
integration (node 24)	Run npm run test:integration	2026-08-23T00:22:05.5451031Z ^[[31m     ^[[31m×^[[31m J-8 composes an upstream value without it ever becoming an authored one^[[39m^[[32m 10^[[2mms^[[22m^[[39m
integration (node 24)	Run npm run test:integration	2026-08-23T00:22:05.6200290Z  ^[[32m✓^[[39m packages/core/test/integration/dom-patch-apply.test.ts ^[[2m(^[[22m^[[2m2 tests^[[22m^[[2m)^[[22m^[[32m 6^[[2mms^[[22m^[[39m
integration (node 24)	Run npm run test:integration	2026-08-23T00:22:05.6542810Z  ^[[32m✓^[[39m packages/core/test/integration/partial-seed-inputs.test.ts ^[[2m(^[[22m^[[2m1 test^[[22m^[[2m)^[[22m^[[32m 7^[[2mms^[[22m^[[39m
integration (node 24)	Run npm run test:integration	2026-08-23T00:22:05.8077476Z  ^[[31m❯^[[39m packages/core/test/integration/adopt-destroy-readopt.test.ts ^[[2m(^[[22m^[[2m1 test^[[22m^[[2m | ^[[22m^[[31m1 failed^[[39m^[[2m)^[[22m^[[32m 28^[[2mms^[[22m^[[39m
integration (node 24)	Run npm run test:integration	2026-08-23T00:22:05.8080695Z ^[[31m     ^[[31m×^[[31m tells subscribers the node was destroyed and reaches them again after re-adoption^[[39m^[[32m 25^[[2mms^[[22m^[[39m
integration (node 24)	Run npm run test:integration	2026-08-23T00:22:05.8215117Z  ^[[32m✓^[[39m packages/core/test/integration/motion-trigger-lifecycle.test.ts ^[[2m(^[[22m^[[2m1 test^[[22m^[[2m)^[[22m^[[32m 8^[[2mms^[[22m^[[39m
integration (node 24)	Run npm run test:integration	2026-08-23T00:22:06.0549151Z  ^[[32m✓^[[39m packages/core/test/integration/dom-plugin-metadata.test.ts ^[[2m(^[[22m^[[2m1 test^[[22m^[[2m)^[[22m^[[32m 6^[[2mms^[[22m^[[39m
integration (node 24)	Run npm run test:integration	2026-08-23T00:22:06.0639140Z  ^[[31m❯^[[39m packages/core/test/integration/end-to-end.test.ts ^[[2m(^[[22m^[[2m1 test^[[22m^[[2m | ^[[22m^[[31m1 failed^[[39m^[[2m)^[[22m^[[32m 12^[[2mms^[[22m^[[39m
integration (node 24)	Run npm run test:integration	2026-08-23T00:22:06.0658356Z ^[[31m     ^[[31m×^[[31m writes authored GSAP output through a patch into the DOM adapter^[[39m^[[32m 11^[[2mms^[[22m^[[39m
integration (node 24)	Run npm run test:integration	2026-08-23T00:22:06.0784439Z  ^[[32m✓^[[39m packages/core/test/integration/contract-baseline.test.ts ^[[2m(^[[22m^[[2m5 tests^[[22m^[[2m)^[[22m^[[32m 24^[[2mms^[[22m^[[39m
integration (node 24)	Run npm run test:integration	2026-08-23T00:22:06.2598745Z  ^[[32m✓^[[39m packages/core/test/integration/dom-transform-removal.test.ts ^[[2m(^[[22m^[[2m2 tests^[[22m^[[2m)^[[22m^[[32m 7^[[2mms^[[22m^[[39m
integration (node 24)	Run npm run test:integration	2026-08-23T00:22:06.2711275Z  ^[[32m✓^[[39m packages/core/test/integration/membership-gating.test.ts ^[[2m(^[[22m^[[2m1 test^[[22m^[[2m)^[[22m^[[32m 8^[[2mms^[[22m^[[39m
integration (node 24)	Run npm run test:integration	2026-08-23T00:22:06.3363072Z  ^[[32m✓^[[39m packages/core/test/integration/project-handle-surface.test.ts ^[[2m(^[[22m^[[2m1 test^[[22m^[[2m)^[[22m^[[32m 13^[[2mms^[[22m^[[39m
integration (node 24)	Run npm run test:integration	2026-08-23T00:22:06.4817205Z  ^[[32m✓^[[39m packages/core/test/integration/runtime-motion-trigger-validation.test.ts ^[[2m(^[[22m^[[2m1 test^[[22m^[[2m)^[[22m^[[32m 10^[[2mms^[[22m^[[39m
integration (node 24)	Run npm run test:integration	2026-08-23T00:22:06.5121205Z  ^[[32m✓^[[39m packages/core/test/integration/golden-roundtrip.test.ts ^[[2m(^[[22m^[[2m1 test^[[22m^[[2m)^[[22m^[[32m 11^[[2mms^[[22m^[[39m
integration (node 24)	Run npm run test:integration	2026-08-23T00:22:06.5147317Z  ^[[32m✓^[[39m packages/core/test/integration/plugin-use-contract.test.ts ^[[2m(^[[22m^[[2m1 test^[[22m^[[2m)^[[22m^[[32m 6^[[2mms^[[22m^[[39m
integration (node 24)	Run npm run test:integration	2026-08-23T00:22:06.5201488Z 
integration (node 24)	Run npm run test:integration	2026-08-23T00:22:06.5202116Z ^[[31m⎯⎯⎯⎯⎯⎯^[[39m^[[1m^[[41m Failed Tests 124 ^[[49m^[[22m^[[31m⎯⎯⎯⎯⎯⎯^[[39m
integration (node 24)	Run npm run test:integration	2026-08-23T00:22:06.5202433Z 
integration (node 24)	Run npm run test:integration	2026-08-23T00:22:06.5213336Z ^[[41m^[[1m FAIL ^[[22m^[[49m packages/core/test/integration/adopt-destroy-readopt.test.ts^[[2m > ^[[22madopt -> destroy -> re-adopt lifecycle on the wire (D1)^[[2m > ^[[22mtells subscribers the node was destroyed and reaches them again after re-adoption
integration (node 24)	Run npm run test:integration	2026-08-23T00:22:06.5222514Z ^[[31m^[[1mTypeError^[[22m: property-stops-wrapper at addTrack(arm).keyframes.x: The { stops: [...] } wrapper is retired; author the stops array directly as the value.^[[39m
integration (node 24)	Run npm run test:integration	2026-08-23T00:22:06.5225158Z ^[[36m ^[[2m❯^[[22m ProjectRuntime.#addTrack packages/core/src/runtime/project-runtime.ts:^[[2m281:13^[[22m^[[39m
integration (node 24)	Run npm run test:integration	2026-08-23T00:22:06.5318413Z     ^[[90m279|^[[39m     const validation = validateTrackDefinition(track, `addTrack(${trac…
integration (node 24)	Run npm run test:integration	2026-08-23T00:22:06.5320141Z     ^[[90m280|^[[39m     ^[[35mif^[[39m (^[[33m!^[[39mvalidation^[[33m.^[[39mvalid ^[[33m||^[[39m ^[[33m!^[[39mvalidation^[[33m.^[[39mvalue)
integration (node 24)	Run npm run test:integration	2026-08-23T00:22:06.5322082Z     ^[[90m281|^[[39m       ^[[35mthrow^[[39m ^[[35mnew^[[39m ^[[33mTypeError^[[39m(^[[34mdescribeDiagnostics^[[39m(validation^[[33m.^[[39mdiagnostics))^[[33m;^[[39m
integration (node 24)	Run npm run test:integration	2026-08-23T00:22:06.5323355Z     ^[[90m   |^[[39m             ^[[31m^^[[39m
integration (node 24)	Run npm run test:integration	2026-08-23T00:22:06.5324355Z     ^[[90m282|^[[39m     ^[[35mconst^[[39m accepted ^[[33m=^[[39m validation^[[33m.^[[39mvalue^[[33m;^[[39m
integration (node 24)	Run npm run test:integration	2026-08-23T00:22:06.5325846Z     ^[[90m283|^[[39m     ^[[35mconst^[[39m token ^[[33m=^[[39m ^[[35mthis^[[39m^[[33m.^[[39m#nextToken^[[33m++^[[39m^[[33m;^[[39m
integration (node 24)	Run npm run test:integration	2026-08-23T00:22:06.5327803Z ^[[90m ^[[2m❯^[[22m ProjectRuntime.adopt packages/core/src/runtime/project-runtime.ts:^[[2m247:25^[[22m^[[39m
integration (node 24)	Run npm run test:integration	2026-08-23T00:22:06.5329310Z ^[[90m ^[[2m❯^[[22m Object.adopt packages/core/src/engine.ts:^[[2m86:47^[[22m^[[39m
integration (node 24)	Run npm run test:integration	2026-08-23T00:22:06.5330738Z ^[[90m ^[[2m❯^[[22m packages/core/test/integration/adopt-destroy-readopt.test.ts:^[[2m40:28^[[22m^[[39m
integration (node 24)	Run npm run test:integration	2026-08-23T00:22:06.5331466Z 
integration (node 24)	Run npm run test:integration	2026-08-23T00:22:06.5331984Z ^[[31m^[[2m⎯⎯⎯⎯⎯⎯⎯⎯⎯⎯⎯⎯⎯⎯⎯⎯⎯⎯⎯⎯⎯⎯[1/124]⎯^[[22m^[[39m
integration (node 24)	Run npm run test:integration	2026-08-23T00:22:06.5332396Z 
integration (node 24)	Run npm run test:integration	2026-08-23T00:22:06.5334334Z ^[[41m^[[1m FAIL ^[[22m^[[49m packages/core/test/integration/adopted-track-immutability.test.ts^[[2m > ^[[22madopted track validation and immutability (W3)^[[2m > ^[[22mreturns a deeply frozen runtime-owned definition
integration (node 24)	Run npm run test:integration	2026-08-23T00:22:06.5337559Z ^[[31m^[[1mTypeError^[[22m: property-stops-wrapper at addTrack(arm).keyframes.x: The { stops: [...] } wrapper is retired; author the stops array directly as the value.^[[39m
integration (node 24)	Run npm run test:integration	2026-08-23T00:22:06.5339660Z ^[[36m ^[[2m❯^[[22m ProjectRuntime.#addTrack packages/core/src/runtime/project-runtime.ts:^[[2m281:13^[[22m^[[39m
integration (node 24)	Run npm run test:integration	2026-08-23T00:22:06.5341130Z     ^[[90m279|^[[39m     const validation = validateTrackDefinition(track, `addTrack(${trac…
integration (node 24)	Run npm run test:integration	2026-08-23T00:22:06.5342593Z     ^[[90m280|^[[39m     ^[[35mif^[[39m (^[[33m!^[[39mvalidation^[[33m.^[[39mvalid ^[[33m||^[[39m ^[[33m!^[[39mvalidation^[[33m.^[[39mvalue)
integration (node 24)	Run npm run test:integration	2026-08-23T00:22:06.5344448Z     ^[[90m281|^[[39m       ^[[35mthrow^[[39m ^[[35mnew^[[39m ^[[33mTypeError^[[39m(^[[34mdescribeDiagnostics^[[39m(validation^[[33m.^[[39mdiagnostics))^[[33m;^[[39m
integration (node 24)	Run npm run test:integration	2026-08-23T00:22:06.5345648Z     ^[[90m   |^[[39m             ^[[31m^^[[39m
integration (node 24)	Run npm run test:integration	2026-08-23T00:22:06.5348256Z     ^[[90m282|^[[39m     ^[[35mconst^[[39m accepted ^[[33m=^[[39m validation^[[33m.^[[39mvalue^[[33m;^[[39m
integration (node 24)	Run npm run test:integration	2026-08-23T00:22:06.5349737Z     ^[[90m283|^[[39m     ^[[35mconst^[[39m token ^[[33m=^[[39m ^[[35mthis^[[39m^[[33m.^[[39m#nextToken^[[33m++^[[39m^[[33m;^[[39m
integration (node 24)	Run npm run test:integration	2026-08-23T00:22:06.5351300Z ^[[90m ^[[2m❯^[[22m ProjectRuntime.adopt packages/core/src/runtime/project-runtime.ts:^[[2m247:25^[[22m^[[39m
integration (node 24)	Run npm run test:integration	2026-08-23T00:22:06.5352732Z ^[[90m ^[[2m❯^[[22m Object.adopt packages/core/src/engine.ts:^[[2m86:47^[[22m^[[39m
integration (node 24)	Run npm run test:integration	2026-08-23T00:22:06.5354265Z ^[[90m ^[[2m❯^[[22m packages/core/test/integration/adopted-track-immutability.test.ts:^[[2m33:28^[[22m^[[39m
integration (node 24)	Run npm run test:integration	2026-08-23T00:22:06.5355047Z 
integration (node 24)	Run npm run test:integration	2026-08-23T00:22:06.5355496Z ^[[31m^[[2m⎯⎯⎯⎯⎯⎯⎯⎯⎯⎯⎯⎯⎯⎯⎯⎯⎯⎯⎯⎯⎯⎯[2/124]⎯^[[22m^[[39m
integration (node 24)	Run npm run test:integration	2026-08-23T00:22:06.5355870Z 
integration (node 24)	Run npm run test:integration	2026-08-23T00:22:06.5358181Z ^[[41m^[[1m FAIL ^[[22m^[[49m packages/core/test/integration/adopted-track-immutability.test.ts^[[2m > ^[[22madopted track validation and immutability (W3)^[[2m > ^[[22misolates caller mutation from the frozen graph definition
integration (node 24)	Run npm run test:integration	2026-08-23T00:22:06.5361162Z ^[[31m^[[1mTypeError^[[22m: property-stops-wrapper at addTrack(arm).keyframes.x: The { stops: [...] } wrapper is retired; author the stops array directly as the value.^[[39m
integration (node 24)	Run npm run test:integration	2026-08-23T00:22:06.5363233Z ^[[36m ^[[2m❯^[[22m ProjectRuntime.#addTrack packages/core/src/runtime/project-runtime.ts:^[[2m281:13^[[22m^[[39m
integration (node 24)	Run npm run test:integration	2026-08-23T00:22:06.5364650Z     ^[[90m279|^[[39m     const validation = validateTrackDefinition(track, `addTrack(${trac…
integration (node 24)	Run npm run test:integration	2026-08-23T00:22:06.5366107Z     ^[[90m280|^[[39m     ^[[35mif^[[39m (^[[33m!^[[39mvalidation^[[33m.^[[39mvalid ^[[33m||^[[39m ^[[33m!^[[39mvalidation^[[33m.^[[39mvalue)
integration (node 24)	Run npm run test:integration	2026-08-23T00:22:06.5368632Z     ^[[90m281|^[[39m       ^[[35mthrow^[[39m ^[[35mnew^[[39m ^[[33mTypeError^[[39m(^[[34mdescribeDiagnostics^[[39m(validation^[[33m.^[[39mdiagnostics))^[[33m;^[[39m
integration (node 24)	Run npm run test:integration	2026-08-23T00:22:06.5370075Z     ^[[90m   |^[[39m             ^[[31m^^[[39m
integration (node 24)	Run npm run test:integration	2026-08-23T00:22:06.5371050Z     ^[[90m282|^[[39m     ^[[35mconst^[[39m accepted ^[[33m=^[[39m validation^[[33m.^[[39mvalue^[[33m;^[[39m
integration (node 24)	Run npm run test:integration	2026-08-23T00:22:06.5372415Z     ^[[90m283|^[[39m     ^[[35mconst^[[39m token ^[[33m=^[[39m ^[[35mthis^[[39m^[[33m.^[[39m#nextToken^[[33m++^[[39m^[[33m;^[[39m
integration (node 24)	Run npm run test:integration	2026-08-23T00:22:06.5373974Z ^[[90m ^[[2m❯^[[22m ProjectRuntime.adopt packages/core/src/runtime/project-runtime.ts:^[[2m247:25^[[22m^[[39m
integration (node 24)	Run npm run test:integration	2026-08-23T00:22:06.5375371Z ^[[90m ^[[2m❯^[[22m Object.adopt packages/core/src/engine.ts:^[[2m86:47^[[22m^[[39m
integration (node 24)	Run npm run test:integration	2026-08-23T00:22:06.5377002Z ^[[90m ^[[2m❯^[[22m packages/core/test/integration/adopted-track-immutability.test.ts:^[[2m56:28^[[22m^[[39m
integration (node 24)	Run npm run test:integration	2026-08-23T00:22:06.5377768Z 
integration (node 24)	Run npm run test:integration	2026-08-23T00:22:06.5378211Z ^[[31m^[[2m⎯⎯⎯⎯⎯⎯⎯⎯⎯⎯⎯⎯⎯⎯⎯⎯⎯⎯⎯⎯⎯⎯[3/124]⎯^[[22m^[[39m
integration (node 24)	Run npm run test:integration	2026-08-23T00:22:06.5378586Z 
integration (node 24)	Run npm run test:integration	2026-08-23T00:22:06.5380640Z ^[[41m^[[1m FAIL ^[[22m^[[49m packages/core/test/integration/adopted-track-immutability.test.ts^[[2m > ^[[22madopted track validation and immutability (W3)^[[2m > ^[[22muses the authored validation owner for malformed runtime track structure
integration (node 24)	Run npm run test:integration	2026-08-23T00:22:06.5383226Z ^[[31m^[[1mAssertionError^[[22m: expected [Function] to not throw an error but 'TypeError: property-stops-wrapper at …' was thrown^[[39m
integration (node 24)	Run npm run test:integration	2026-08-23T00:22:06.5384059Z 
integration (node 24)	Run npm run test:integration	2026-08-23T00:22:06.5384326Z ^[[32m- Expected:^[[39m
integration (node 24)	Run npm run test:integration	2026-08-23T00:22:06.5384745Z undefined
integration (node 24)	Run npm run test:integration	2026-08-23T00:22:06.5384965Z 
integration (node 24)	Run npm run test:integration	2026-08-23T00:22:06.5385253Z ^[[31m+ Received:^[[39m
integration (node 24)	Run npm run test:integration	2026-08-23T00:22:06.5387056Z "TypeError: property-stops-wrapper at addTrack(broken).keyframes.x: The { stops: [...] } wrapper is retired; author the stops array directly as the value."
integration (node 24)	Run npm run test:integration	2026-08-23T00:22:06.5388130Z 
integration (node 24)	Run npm run test:integration	2026-08-23T00:22:06.5389150Z ^[[36m ^[[2m❯^[[22m packages/core/test/integration/adopted-track-immutability.test.ts:^[[2m79:91^[[22m^[[39m
integration (node 24)	Run npm run test:integration	2026-08-23T00:22:06.5390180Z     ^[[90m 77|^[[39m
integration (node 24)	Run npm run test:integration	2026-08-23T00:22:06.5391070Z     ^[[90m 78|^[[39m     expect(() => handle.adopt(malformed, owner)).toThrow(/observes-sha…
integration (node 24)	Run npm run test:integration	2026-08-23T00:22:06.5392351Z     ^[[90m 79|^[[39m     expect(() => handle.adopt({ id: "broken", keyframes: { x: ramp(0, …
integration (node 24)	Run npm run test:integration	2026-08-23T00:22:06.5393586Z     ^[[90m   |^[[39m                                                                                           ^[[31m^^[[39m
integration (node 24)	Run npm run test:integration	2026-08-23T00:22:06.5394054Z     ^[[90m 80|^[[39m
integration (node 24)	Run npm run test:integration	2026-08-23T00:22:06.5394445Z     ^[[90m 81|^[[39m     handle^[[33m.^[[39m^[[34mdispose^[[39m()^[[33m;^[[39m
integration (node 24)	Run npm run test:integration	2026-08-23T00:22:06.5394709Z 
integration (node 24)	Run npm run test:integration	2026-08-23T00:22:06.5395425Z ^[[31m^[[2m⎯⎯⎯⎯⎯⎯⎯⎯⎯⎯⎯⎯⎯⎯⎯⎯⎯⎯⎯⎯⎯⎯[4/124]⎯^[[22m^[[39m
integration (node 24)	Run npm run test:integration	2026-08-23T00:22:06.5395832Z 
integration (node 24)	Run npm run test:integration	2026-08-23T00:22:06.5398115Z ^[[41m^[[1m FAIL ^[[22m^[[49m packages/core/test/integration/adopted-track-immutability.test.ts^[[2m > ^[[22madopted track validation and immutability (W3)^[[2m > ^[[22mkeeps the existing same-source destroy and readopt path working
integration (node 24)	Run npm run test:integration	2026-08-23T00:22:06.5401100Z ^[[31m^[[1mTypeError^[[22m: property-stops-wrapper at addTrack(arm).keyframes.x: The { stops: [...] } wrapper is retired; author the stops array directly as the value.^[[39m
integration (node 24)	Run npm run test:integration	2026-08-23T00:22:06.5403182Z ^[[36m ^[[2m❯^[[22m ProjectRuntime.#addTrack packages/core/src/runtime/project-runtime.ts:^[[2m281:13^[[22m^[[39m
integration (node 24)	Run npm run test:integration	2026-08-23T00:22:06.5404594Z     ^[[90m279|^[[39m     const validation = validateTrackDefinition(track, `addTrack(${trac…
integration (node 24)	Run npm run test:integration	2026-08-23T00:22:06.5406046Z     ^[[90m280|^[[39m     ^[[35mif^[[39m (^[[33m!^[[39mvalidation^[[33m.^[[39mvalid ^[[33m||^[[39m ^[[33m!^[[39mvalidation^[[33m.^[[39mvalue)
integration (node 24)	Run npm run test:integration	2026-08-23T00:22:06.5408139Z     ^[[90m281|^[[39m       ^[[35mthrow^[[39m ^[[35mnew^[[39m ^[[33mTypeError^[[39m(^[[34mdescribeDiagnostics^[[39m(validation^[[33m.^[[39mdiagnostics))^[[33m;^[[39m
integration (node 24)	Run npm run test:integration	2026-08-23T00:22:06.5409357Z     ^[[90m   |^[[39m             ^[[31m^^[[39m
integration (node 24)	Run npm run test:integration	2026-08-23T00:22:06.5410342Z     ^[[90m282|^[[39m     ^[[35mconst^[[39m accepted ^[[33m=^[[39m validation^[[33m.^[[39mvalue^[[33m;^[[39m
integration (node 24)	Run npm run test:integration	2026-08-23T00:22:06.5417715Z     ^[[90m283|^[[39m     ^[[35mconst^[[39m token ^[[33m=^[[39m ^[[35mthis^[[39m^[[33m.^[[39m#nextToken^[[33m++^[[39m^[[33m;^[[39m
integration (node 24)	Run npm run test:integration	2026-08-23T00:22:06.5419675Z ^[[90m ^[[2m❯^[[22m ProjectRuntime.adopt packages/core/src/runtime/project-runtime.ts:^[[2m247:25^[[22m^[[39m
integration (node 24)	Run npm run test:integration	2026-08-23T00:22:06.5447550Z ^[[90m ^[[2m❯^[[22m Object.adopt packages/core/src/engine.ts:^[[2m86:47^[[22m^[[39m
integration (node 24)	Run npm run test:integration	2026-08-23T00:22:06.5449105Z ^[[90m ^[[2m❯^[[22m packages/core/test/integration/adopted-track-immutability.test.ts:^[[2m89:26^[[22m^[[39m
integration (node 24)	Run npm run test:integration	2026-08-23T00:22:06.5449724Z 
integration (node 24)	Run npm run test:integration	2026-08-23T00:22:06.5450012Z ^[[31m^[[2m⎯⎯⎯⎯⎯⎯⎯⎯⎯⎯⎯⎯⎯⎯⎯⎯⎯⎯⎯⎯⎯⎯[5/124]⎯^[[22m^[[39m
integration (node 24)	Run npm run test:integration	2026-08-23T00:22:06.5450259Z 
integration (node 24)	Run npm run test:integration	2026-08-23T00:22:06.5451085Z ^[[41m^[[1m FAIL ^[[22m^[[49m packages/core/test/integration/adoption.test.ts^[[2m > ^[[22mP5-02 adopted free tracks^[[2m > ^[[22mrejects adopted tracks with non-finite stop positions
integration (node 24)	Run npm run test:integration	2026-08-23T00:22:06.5452500Z ^[[31m^[[1mAssertionError^[[22m: expected [Function] to throw error matching /stop-position/ but got 'property-stops-wrapper at addTrack(ba…'^[[39m
integration (node 24)	Run npm run test:integration	2026-08-23T00:22:06.5453073Z 
integration (node 24)	Run npm run test:integration	2026-08-23T00:22:06.5453220Z ^[[32m- Expected:^[[39m
integration (node 24)	Run npm run test:integration	2026-08-23T00:22:06.5453459Z /stop-position/
integration (node 24)	Run npm run test:integration	2026-08-23T00:22:06.5453596Z 
integration (node 24)	Run npm run test:integration	2026-08-23T00:22:06.5453740Z ^[[31m+ Received:^[[39m
integration (node 24)	Run npm run test:integration	2026-08-23T00:22:06.5454460Z "property-stops-wrapper at addTrack(bad).keyframes.x: The { stops: [...] } wrapper is retired; author the stops array directly as the value."
integration (node 24)	Run npm run test:integration	2026-08-23T00:22:06.5454984Z 
integration (node 24)	Run npm run test:integration	2026-08-23T00:22:06.5455388Z ^[[36m ^[[2m❯^[[22m packages/core/test/integration/adoption.test.ts:^[[2m79:7^[[22m^[[39m
integration (node 24)	Run npm run test:integration	2026-08-23T00:22:06.5455973Z     ^[[90m 77|^[[39m     ^[[34mexpect^[[39m(() ^[[33m=>^[[39m
integration (node 24)	Run npm run test:integration	2026-08-23T00:22:06.5457576Z     ^[[90m 78|^[[39m       runtime.adopt({ id: "bad", keyframes: { x: { stops: [{ p: Number…
integration (node 24)	Run npm run test:integration	2026-08-23T00:22:06.5458734Z     ^[[90m 79|^[[39m     )^[[33m.^[[39m^[[34mtoThrow^[[39m(^[[36m/stop-position/^[[39m)^[[33m;^[[39m
integration (node 24)	Run npm run test:integration	2026-08-23T00:22:06.5459504Z     ^[[90m   |^[[39m       ^[[31m^^[[39m
integration (node 24)	Run npm run test:integration	2026-08-23T00:22:06.5460228Z     ^[[90m 80|^[[39m     runtime^[[33m.^[[39m^[[34mdispose^[[39m()^[[33m;^[[39m
integration (node 24)	Run npm run test:integration	2026-08-23T00:22:06.5460854Z     ^[[90m 81|^[[39m   })^[[33m;^[[39m
integration (node 24)	Run npm run test:integration	2026-08-23T00:22:06.5461025Z 
integration (node 24)	Run npm run test:integration	2026-08-23T00:22:06.5461270Z ^[[31m^[[2m⎯⎯⎯⎯⎯⎯⎯⎯⎯⎯⎯⎯⎯⎯⎯⎯⎯⎯⎯⎯⎯⎯[6/124]⎯^[[22m^[[39m
integration (node 24)	Run npm run test:integration	2026-08-23T00:22:06.5461503Z 
integration (node 24)	Run npm run test:integration	2026-08-23T00:22:06.5462375Z ^[[41m^[[1m FAIL ^[[22m^[[49m packages/core/test/integration/adoption.test.ts^[[2m > ^[[22mP5-02 adopted free tracks^[[2m > ^[[22mrejects adopted tracks with non-monotonic stop positions
integration (node 24)	Run npm run test:integration	2026-08-23T00:22:06.5463704Z ^[[31m^[[1mAssertionError^[[22m: expected [Function] to throw error matching /stop-position/ but got 'property-stops-wrapper at addTrack(ba…'^[[39m
integration (node 24)	Run npm run test:integration	2026-08-23T00:22:06.5464255Z 
integration (node 24)	Run npm run test:integration	2026-08-23T00:22:06.5464388Z ^[[32m- Expected:^[[39m
integration (node 24)	Run npm run test:integration	2026-08-23T00:22:06.5464626Z /stop-position/
integration (node 24)	Run npm run test:integration	2026-08-23T00:22:06.5464756Z 
integration (node 24)	Run npm run test:integration	2026-08-23T00:22:06.5464890Z ^[[31m+ Received:^[[39m
integration (node 24)	Run npm run test:integration	2026-08-23T00:22:06.5465596Z "property-stops-wrapper at addTrack(bad).keyframes.x: The { stops: [...] } wrapper is retired; author the stops array directly as the value."
integration (node 24)	Run npm run test:integration	2026-08-23T00:22:06.5466109Z 
integration (node 24)	Run npm run test:integration	2026-08-23T00:22:06.5466766Z ^[[36m ^[[2m❯^[[22m packages/core/test/integration/adoption.test.ts:^[[2m100:7^[[22m^[[39m
integration (node 24)	Run npm run test:integration	2026-08-23T00:22:06.5467280Z     ^[[90m 98|^[[39m         {}^[[33m,^[[39m
integration (node 24)	Run npm run test:integration	2026-08-23T00:22:06.5467619Z     ^[[90m 99|^[[39m       )^[[33m,^[[39m
integration (node 24)	Run npm run test:integration	2026-08-23T00:22:06.5468116Z     ^[[90m100|^[[39m     )^[[33m.^[[39m^[[34mtoThrow^[[39m(^[[36m/stop-position/^[[39m)^[[33m;^[[39m
integration (node 24)	Run npm run test:integration	2026-08-23T00:22:06.5468565Z     ^[[90m   |^[[39m       ^[[31m^^[[39m
integration (node 24)	Run npm run test:integration	2026-08-23T00:22:06.5468987Z     ^[[90m101|^[[39m     runtime^[[33m.^[[39m^[[34mdispose^[[39m()^[[33m;^[[39m
integration (node 24)	Run npm run test:integration	2026-08-23T00:22:06.5469387Z     ^[[90m102|^[[39m   })^[[33m;^[[39m
integration (node 24)	Run npm run test:integration	2026-08-23T00:22:06.5469550Z 
integration (node 24)	Run npm run test:integration	2026-08-23T00:22:06.5469787Z ^[[31m^[[2m⎯⎯⎯⎯⎯⎯⎯⎯⎯⎯⎯⎯⎯⎯⎯⎯⎯⎯⎯⎯⎯⎯[7/124]⎯^[[22m^[[39m
integration (node 24)	Run npm run test:integration	2026-08-23T00:22:06.5469995Z 
integration (node 24)	Run npm run test:integration	2026-08-23T00:22:06.5470783Z ^[[41m^[[1m FAIL ^[[22m^[[49m packages/core/test/integration/adoption.test.ts^[[2m > ^[[22mP5-02 adopted free tracks^[[2m > ^[[22mrejects adopted tracks with duplicate stop positions
integration (node 24)	Run npm run test:integration	2026-08-23T00:22:06.5472063Z ^[[31m^[[1mAssertionError^[[22m: expected [Function] to throw error matching /stop-position/ but got 'property-stops-wrapper at addTrack(ba…'^[[39m
integration (node 24)	Run npm run test:integration	2026-08-23T00:22:06.5472831Z 
integration (node 24)	Run npm run test:integration	2026-08-23T00:22:06.5472965Z ^[[32m- Expected:^[[39m
integration (node 24)	Run npm run test:integration	2026-08-23T00:22:06.5473338Z /stop-position/
integration (node 24)	Run npm run test:integration	2026-08-23T00:22:06.5473463Z 
integration (node 24)	Run npm run test:integration	2026-08-23T00:22:06.5473595Z ^[[31m+ Received:^[[39m
integration (node 24)	Run npm run test:integration	2026-08-23T00:22:06.5474289Z "property-stops-wrapper at addTrack(bad).keyframes.x: The { stops: [...] } wrapper is retired; author the stops array directly as the value."
integration (node 24)	Run npm run test:integration	2026-08-23T00:22:06.5474804Z 
integration (node 24)	Run npm run test:integration	2026-08-23T00:22:06.5475191Z ^[[36m ^[[2m❯^[[22m packages/core/test/integration/adoption.test.ts:^[[2m121:7^[[22m^[[39m
integration (node 24)	Run npm run test:integration	2026-08-23T00:22:06.5475679Z     ^[[90m119|^[[39m         {}^[[33m,^[[39m
integration (node 24)	Run npm run test:integration	2026-08-23T00:22:06.5476002Z     ^[[90m120|^[[39m       )^[[33m,^[[39m
integration (node 24)	Run npm run test:integration	2026-08-23T00:22:06.5476833Z     ^[[90m121|^[[39m     )^[[33m.^[[39m^[[34mtoThrow^[[39m(^[[36m/stop-position/^[[39m)^[[33m;^[[39m
integration (node 24)	Run npm run test:integration	2026-08-23T00:22:06.5477314Z     ^[[90m   |^[[39m       ^[[31m^^[[39m
integration (node 24)	Run npm run test:integration	2026-08-23T00:22:06.5477741Z     ^[[90m122|^[[39m     runtime^[[33m.^[[39m^[[34mdispose^[[39m()^[[33m;^[[39m
integration (node 24)	Run npm run test:integration	2026-08-23T00:22:06.5478159Z     ^[[90m123|^[[39m   })^[[33m;^[[39m
integration (node 24)	Run npm run test:integration	2026-08-23T00:22:06.5478321Z 
integration (node 24)	Run npm run test:integration	2026-08-23T00:22:06.5478555Z ^[[31m^[[2m⎯⎯⎯⎯⎯⎯⎯⎯⎯⎯⎯⎯⎯⎯⎯⎯⎯⎯⎯⎯⎯⎯[8/124]⎯^[[22m^[[39m
integration (node 24)	Run npm run test:integration	2026-08-23T00:22:06.5478785Z 
integration (node 24)	Run npm run test:integration	2026-08-23T00:22:06.5479638Z ^[[41m^[[1m FAIL ^[[22m^[[49m packages/core/test/integration/bare-authored-leaf.test.ts^[[2m > ^[[22mthe bare authored leaf^[[2m > ^[[22mLF-10 closes the static domain instead of leaving it open
integration (node 24)	Run npm run test:integration	2026-08-23T00:22:06.5480841Z ^[[31m^[[1mAssertionError^[[22m: expected [ 'keyframes-missing-values-section' ] to deeply equal [ 'stops-shape' ]^[[39m
integration (node 24)	Run npm run test:integration	2026-08-23T00:22:06.5481293Z 
integration (node 24)	Run npm run test:integration	2026-08-23T00:22:06.5481427Z ^[[32m- Expected^[[39m
integration (node 24)	Run npm run test:integration	2026-08-23T00:22:06.5481681Z ^[[31m+ Received^[[39m
integration (node 24)	Run npm run test:integration	2026-08-23T00:22:06.5481814Z 
integration (node 24)	Run npm run test:integration	2026-08-23T00:22:06.5481923Z ^[[2m  [^[[22m
integration (node 24)	Run npm run test:integration	2026-08-23T00:22:06.5482210Z ^[[32m-   "stops-shape",^[[39m
integration (node 24)	Run npm run test:integration	2026-08-23T00:22:06.5482601Z ^[[31m+   "keyframes-missing-values-section",^[[39m
integration (node 24)	Run npm run test:integration	2026-08-23T00:22:06.5482943Z ^[[2m  ]^[[22m
integration (node 24)	Run npm run test:integration	2026-08-23T00:22:06.5483057Z 
integration (node 24)	Run npm run test:integration	2026-08-23T00:22:06.5483515Z ^[[36m ^[[2m❯^[[22m packages/core/test/integration/bare-authored-leaf.test.ts:^[[2m260:41^[[22m^[[39m
integration (node 24)	Run npm run test:integration	2026-08-23T00:22:06.5484239Z     ^[[90m258|^[[39m     expect(ruleIds({ x: Number.POSITIVE_INFINITY })).toEqual(["stops-s…
integration (node 24)	Run npm run test:integration	2026-08-23T00:22:06.5485191Z     ^[[90m259|^[[39m     ^[[34mexpect^[[39m(^[[34mruleIds^[[39m({ x^[[33m:^[[39m () ^[[33m=>^[[39m ^[[34m1^[[39m }))^[[33m.^[[39m^[[34mtoEqual^[[39m([^[[32m"stops-shape"^[[39m])^[[33m;^[[39m
integration (node 24)	Run npm run test:integration	2026-08-23T00:22:06.5486631Z     ^[[90m260|^[[39m     ^[[34mexpect^[[39m(^[[34mruleIds^[[39m({ x^[[33m:^[[39m { hold^[[33m:^[[39m ^[[34m1^[[39m } }))^[[33m.^[[39m^[[34mtoEqual^[[39m([^[[32m"stops-shape"^[[39m])^[[33m;^[[39m
integration (node 24)	Run npm run test:integration	2026-08-23T00:22:06.5487790Z     ^[[90m   |^[[39m                                         ^[[31m^^[[39m
integration (node 24)	Run npm run test:integration	2026-08-23T00:22:06.5488371Z     ^[[90m261|^[[39m     // The shape error cites the property the author wrote, not a `.st…
integration (node 24)	Run npm run test:integration	2026-08-23T00:22:06.5489042Z     ^[[90m262|^[[39m     ^[[90m// exists anywhere in the document.^[[39m
integration (node 24)	Run npm run test:integration	2026-08-23T00:22:06.5489511Z 
integration (node 24)	Run npm run test:integration	2026-08-23T00:22:06.5489962Z ^[[31m^[[2m⎯⎯⎯⎯⎯⎯⎯⎯⎯⎯⎯⎯⎯⎯⎯⎯⎯⎯⎯⎯⎯⎯[9/124]⎯^[[22m^[[39m
integration (node 24)	Run npm run test:integration	2026-08-23T00:22:06.5490361Z 
integration (node 24)	Run npm run test:integration	2026-08-23T00:22:06.5492130Z ^[[41m^[[1m FAIL ^[[22m^[[49m packages/core/test/integration/bare-authored-leaf.test.ts^[[2m > ^[[22mthe bare authored leaf^[[2m > ^[[22mLF-16 leaves no authored schema in the repository on the retired form
integration (node 24)	Run npm run test:integration	2026-08-23T00:22:06.5494119Z ^[[31m^[[1mAssertionError^[[22m: expected [ …(58) ] to deeply equal []^[[39m
integration (node 24)	Run npm run test:integration	2026-08-23T00:22:06.5494673Z 
integration (node 24)	Run npm run test:integration	2026-08-23T00:22:06.5494962Z ^[[32m- Expected^[[39m
integration (node 24)	Run npm run test:integration	2026-08-23T00:22:06.5495462Z ^[[31m+ Received^[[39m
integration (node 24)	Run npm run test:integration	2026-08-23T00:22:06.5495714Z 
integration (node 24)	Run npm run test:integration	2026-08-23T00:22:06.5495924Z ^[[32m- []^[[39m
integration (node 24)	Run npm run test:integration	2026-08-23T00:22:06.5496618Z ^[[31m+ [^[[39m
integration (node 24)	Run npm run test:integration	2026-08-23T00:22:06.5497354Z ^[[31m+   "packages/core/src/contract/authored-leaf.ts",^[[39m
integration (node 24)	Run npm run test:integration	2026-08-23T00:22:06.5498205Z ^[[31m+   "packages/core/src/contract/v5.ts",^[[39m
integration (node 24)	Run npm run test:integration	2026-08-23T00:22:06.5499074Z ^[[31m+   "packages/core/src/contract/validate-v5.ts",^[[39m
integration (node 24)	Run npm run test:integration	2026-08-23T00:22:06.5500002Z ^[[31m+   "packages/core/test/contract/adapters.test.ts",^[[39m
integration (node 24)	Run npm run test:integration	2026-08-23T00:22:06.5501152Z ^[[31m+   "packages/core/test/contract/graph-builder-incremental.test.ts",^[[39m
integration (node 24)	Run npm run test:integration	2026-08-23T00:22:06.5502626Z ^[[31m+   "packages/core/test/contract/gsap-absolute-stops.test.ts",^[[39m
integration (node 24)	Run npm run test:integration	2026-08-23T00:22:06.5503781Z ^[[31m+   "packages/core/test/contract/gsap-authored-duration.test.ts",^[[39m
integration (node 24)	Run npm run test:integration	2026-08-23T00:22:06.5505165Z ^[[31m+   "packages/core/test/contract/gsap-equivalence.test.ts",^[[39m
integration (node 24)	Run npm run test:integration	2026-08-23T00:22:06.5506189Z ^[[31m+   "packages/core/test/contract/gsap-multi-stop.test.ts",^[[39m
integration (node 24)	Run npm run test:integration	2026-08-23T00:22:06.5507486Z ^[[31m+   "packages/core/test/contract/gsap-one-tween.test.ts",^[[39m
integration (node 24)	Run npm run test:integration	2026-08-23T00:22:06.5508550Z ^[[31m+   "packages/core/test/contract/gsap-paused-timeline.test.ts",^[[39m
integration (node 24)	Run npm run test:integration	2026-08-23T00:22:06.5509684Z ^[[31m+   "packages/core/test/contract/gsap-sparse-percent-map.test.ts",^[[39m
integration (node 24)	Run npm run test:integration	2026-08-23T00:22:06.5510665Z ^[[31m+   "packages/core/test/contract/ports.test.ts",^[[39m
integration (node 24)	Run npm run test:integration	2026-08-23T00:22:06.5511656Z ^[[31m+   "packages/core/test/contract/s4-validation-owner.test.ts",^[[39m
integration (node 24)	Run npm run test:integration	2026-08-23T00:22:06.5512658Z ^[[31m+   "packages/core/test/contract/v5-validator.test.ts",^[[39m
integration (node 24)	Run npm run test:integration	2026-08-23T00:22:06.5513650Z ^[[31m+   "packages/core/test/contract/validation-owner.test.ts",^[[39m
integration (node 24)	Run npm run test:integration	2026-08-23T00:22:06.5514741Z ^[[31m+   "packages/core/test/integration/adopt-destroy-readopt.test.ts",^[[39m
integration (node 24)	Run npm run test:integration	2026-08-23T00:22:06.5515962Z ^[[31m+   "packages/core/test/integration/adopted-track-immutability.test.ts",^[[39m
integration (node 24)	Run npm run test:integration	2026-08-23T00:22:06.5517258Z ^[[31m+   "packages/core/test/integration/adoption.test.ts",^[[39m
integration (node 24)	Run npm run test:integration	2026-08-23T00:22:06.5518212Z ^[[31m+   "packages/core/test/integration/end-to-end.test.ts",^[[39m
integration (node 24)	Run npm run test:integration	2026-08-23T00:22:06.5519233Z ^[[31m+   "packages/core/test/integration/engine-headless.test.ts",^[[39m
integration (node 24)	Run npm run test:integration	2026-08-23T00:22:06.5520350Z ^[[31m+   "packages/core/test/integration/engine-load-validation.test.ts",^[[39m
integration (node 24)	Run npm run test:integration	2026-08-23T00:22:06.5521511Z ^[[31m+   "packages/core/test/integration/engine-x3-contribution.test.ts",^[[39m
integration (node 24)	Run npm run test:integration	2026-08-23T00:22:06.5522615Z ^[[31m+   "packages/core/test/integration/handle-adoption.test.ts",^[[39m
integration (node 24)	Run npm run test:integration	2026-08-23T00:22:06.5523688Z ^[[31m+   "packages/core/test/integration/internal-key-strip.test.ts",^[[39m
integration (node 24)	Run npm run test:integration	2026-08-23T00:22:06.5524948Z ^[[31m+   "packages/core/test/integration/issue-114-motion-track-regressions.test.ts",^[[39m
integration (node 24)	Run npm run test:integration	2026-08-23T00:22:06.5526144Z ^[[31m+   "packages/core/test/integration/keyframe-groups.test.ts",^[[39m
integration (node 24)	Run npm run test:integration	2026-08-23T00:22:06.5527456Z ^[[31m+   "packages/core/test/integration/motion-trigger-types.test.ts",^[[39m
integration (node 24)	Run npm run test:integration	2026-08-23T00:22:06.5528653Z ^[[31m+   "packages/core/test/integration/mutation-transactionality.test.ts",^[[39m
integration (node 24)	Run npm run test:integration	2026-08-23T00:22:06.5529835Z ^[[31m+   "packages/core/test/integration/observation-identity.test.ts",^[[39m
integration (node 24)	Run npm run test:integration	2026-08-23T00:22:06.5531012Z ^[[31m+   "packages/core/test/integration/option-c-track-resolution.test.ts",^[[39m
integration (node 24)	Run npm run test:integration	2026-08-23T00:22:06.5532101Z ^[[31m+   "packages/core/test/integration/per-plugin-key-ownership.test.ts",^[[39m
integration (node 24)	Run npm run test:integration	2026-08-23T00:22:06.5532783Z ^[[31m+   "packages/core/test/integration/phase0-red-baseline.test.ts",^[[39m
integration (node 24)	Run npm run test:integration	2026-08-23T00:22:06.5533445Z ^[[31m+   "packages/core/test/integration/phase2-motion-scheduling.test.ts",^[[39m
integration (node 24)	Run npm run test:integration	2026-08-23T00:22:06.5534104Z ^[[31m+   "packages/core/test/integration/phase3-trigger-port.test.ts",^[[39m
integration (node 24)	Run npm run test:integration	2026-08-23T00:22:06.5535352Z ^[[31m+   "packages/core/test/integration/phase4-dynamic-lifecycle.test.ts",^[[39m
integration (node 24)	Run npm run test:integration	2026-08-23T00:22:06.5536681Z ^[[31m+   "packages/core/test/integration/phase7-walker-demo.test.ts",^[[39m
integration (node 24)	Run npm run test:integration	2026-08-23T00:22:06.5537885Z ^[[31m+   "packages/core/test/integration/plugin-group-values-section.test.ts",^[[39m
integration (node 24)	Run npm run test:integration	2026-08-23T00:22:06.5539132Z ^[[31m+   "packages/core/test/integration/plugin-owned-requirements.test.ts",^[[39m
integration (node 24)	Run npm run test:integration	2026-08-23T00:22:06.5540296Z ^[[31m+   "packages/core/test/integration/replace-motion-track.test.ts",^[[39m
integration (node 24)	Run npm run test:integration	2026-08-23T00:22:06.5541532Z ^[[31m+   "packages/core/test/integration/replace-track-transactionality.test.ts",^[[39m
integration (node 24)	Run npm run test:integration	2026-08-23T00:22:06.5542779Z ^[[31m+   "packages/core/test/integration/runtime-motion-lifecycle.test.ts",^[[39m
integration (node 24)	Run npm run test:integration	2026-08-23T00:22:06.5543930Z ^[[31m+   "packages/core/test/integration/single-input-channel.test.ts",^[[39m
integration (node 24)	Run npm run test:integration	2026-08-23T00:22:06.5545093Z ^[[31m+   "packages/core/test/integration/t4-runtime-motion-parity.test.ts",^[[39m
integration (node 24)	Run npm run test:integration	2026-08-23T00:22:06.5546610Z ^[[31m+   "packages/core/test/integration/trigger-scroll.test.ts",^[[39m
integration (node 24)	Run npm run test:integration	2026-08-23T00:22:06.5547680Z ^[[31m+   "packages/core/test/integration/trigger-time-loop.test.ts",^[[39m
integration (node 24)	Run npm run test:integration	2026-08-23T00:22:06.5548936Z ^[[31m+   "packages/core/test/integration/trigger-time.test.ts",^[[39m
integration (node 24)	Run npm run test:integration	2026-08-23T00:22:06.5550060Z ^[[31m+   "packages/core/test/integration/unified-mutation-surface.test.ts",^[[39m
integration (node 24)	Run npm run test:integration	2026-08-23T00:22:06.5551334Z ^[[31m+   "packages/core/test/unit/domain/plugin-contribution-completeness.test.ts",^[[39m
integration (node 24)	Run npm run test:integration	2026-08-23T00:22:06.5552643Z ^[[31m+   "packages/core/test/unit/domain/plugin-contribution-contract.test.ts",^[[39m
integration (node 24)	Run npm run test:integration	2026-08-23T00:22:06.5553800Z ^[[31m+   "packages/core/test/unit/domain/plugin-requirements.test.ts",^[[39m
integration (node 24)	Run npm run test:integration	2026-08-23T00:22:06.5554798Z ^[[31m+   "packages/core/test/unit/domain/plugins.test.ts",^[[39m
integration (node 24)	Run npm run test:integration	2026-08-23T00:22:06.5555818Z ^[[31m+   "packages/core/test/unit/domain/s7-plugin-evidence.test.ts",^[[39m
integration (node 24)	Run npm run test:integration	2026-08-23T00:22:06.5557096Z ^[[31m+   "packages/core/test/unit/graph/incremental-cache.test.ts",^[[39m
integration (node 24)	Run npm run test:integration	2026-08-23T00:22:06.5558284Z ^[[31m+   "packages/core/test/unit/graph/requirement-edge-construction.test.ts",^[[39m
integration (node 24)	Run npm run test:integration	2026-08-23T00:22:06.5559469Z ^[[31m+   "packages/core/test/unit/graph/single-input-channel.test.ts",^[[39m
integration (node 24)	Run npm run test:integration	2026-08-23T00:22:06.5560640Z ^[[31m+   "packages/core/test/unit/runtime/composition-output-shape.test.ts",^[[39m
integration (node 24)	Run npm run test:integration	2026-08-23T00:22:06.5561744Z ^[[31m+   "packages/react/test/public-hook-render.test.ts",^[[39m
integration (node 24)	Run npm run test:integration	2026-08-23T00:22:06.5562379Z ^[[31m+ ]^[[39m
integration (node 24)	Run npm run test:integration	2026-08-23T00:22:06.5562578Z 
integration (node 24)	Run npm run test:integration	2026-08-23T00:22:06.5563387Z ^[[36m ^[[2m❯^[[22m packages/core/test/integration/bare-authored-leaf.test.ts:^[[2m344:30^[[22m^[[39m
integration (node 24)	Run npm run test:integration	2026-08-23T00:22:06.5564607Z     ^[[90m342|^[[39m     // be red for a fixture that authors the retired form, but a fixtu…
integration (node 24)	Run npm run test:integration	2026-08-23T00:22:06.5565696Z     ^[[90m343|^[[39m     // and that is the one that reads as an accepted second shape late…
integration (node 24)	Run npm run test:integration	2026-08-23T00:22:06.5567192Z     ^[[90m344|^[[39m     ^[[34mexpect^[[39m(offenders^[[33m.^[[39m^[[34msort^[[39m())^[[33m.^[[39m^[[34mtoEqual^[[39m([])^[[33m;^[[39m
integration (node 24)	Run npm run test:integration	2026-08-23T00:22:06.5568242Z     ^[[90m   |^[[39m                              ^[[31m^^[[39m
integration (node 24)	Run npm run test:integration	2026-08-23T00:22:06.5568877Z     ^[[90m345|^[[39m   })^[[33m;^[[39m
integration (node 24)	Run npm run test:integration	2026-08-23T00:22:06.5569423Z     ^[[90m346|^[[39m })^[[33m;^[[39m
integration (node 24)	Run npm run test:integration	2026-08-23T00:22:06.5569689Z 
integration (node 24)	Run npm run test:integration	2026-08-23T00:22:06.5570094Z ^[[31m^[[2m⎯⎯⎯⎯⎯⎯⎯⎯⎯⎯⎯⎯⎯⎯⎯⎯⎯⎯⎯⎯⎯[10/124]⎯^[[22m^[[39m
integration (node 24)	Run npm run test:integration	2026-08-23T00:22:06.5570443Z 
integration (node 24)	Run npm run test:integration	2026-08-23T00:22:06.5572055Z ^[[41m^[[1m FAIL ^[[22m^[[49m packages/core/test/integration/end-to-end.test.ts^[[2m > ^[[22mreal end-to-end product path (E2)^[[2m > ^[[22mwrites authored GSAP output through a patch into the DOM adapter
integration (node 24)	Run npm run test:integration	2026-08-23T00:22:06.5574719Z ^[[31m^[[1mTypeError^[[22m: property-stops-wrapper at motions[0].tracks[0].keyframes.opacity: The { stops: [...] } wrapper is retired; author the stops array directly as the value.^[[39m
integration (node 24)	Run npm run test:integration	2026-08-23T00:22:06.5576753Z ^[[36m ^[[2m❯^[[22m assertValidProject packages/core/src/engine.ts:^[[2m101:11^[[22m^[[39m
integration (node 24)	Run npm run test:integration	2026-08-23T00:22:06.5578039Z     ^[[90m 99|^[[39m   ^[[35mconst^[[39m result ^[[33m=^[[39m ^[[34mvalidateV5^[[39m(project)^[[33m;^[[39m
integration (node 24)	Run npm run test:integration	2026-08-23T00:22:06.5579463Z     ^[[90m100|^[[39m   ^[[35mif^[[39m (^[[33m!^[[39mresult^[[33m.^[[39mvalid ^[[33m||^[[39m result^[[33m.^[[39mvalue ^[[33m===^[[39m ^[[35mnull^[[39m)
integration (node 24)	Run npm run test:integration	2026-08-23T00:22:06.5580653Z     ^[[90m101|^[[39m     ^[[35mthrow^[[39m ^[[35mnew^[[39m ^[[33mTypeError^[[39m(
integration (node 24)	Run npm run test:integration	2026-08-23T00:22:06.5581362Z     ^[[90m   |^[[39m           ^[[31m^^[[39m
integration (node 24)	Run npm run test:integration	2026-08-23T00:22:06.5582267Z     ^[[90m102|^[[39m       result^[[33m.^[[39mdiagnostics^[[33m.^[[39mlength ^[[33m===^[[39m ^[[34m0^[[39m
integration (node 24)	Run npm run test:integration	2026-08-23T00:22:06.5583316Z     ^[[90m103|^[[39m         ^[[33m?^[[39m ^[[32m"Project failed v5 validation."^[[39m
integration (node 24)	Run npm run test:integration	2026-08-23T00:22:06.5584372Z ^[[90m ^[[2m❯^[[22m Engine.load packages/core/src/engine.ts:^[[2m170:29^[[22m^[[39m
integration (node 24)	Run npm run test:integration	2026-08-23T00:22:06.5585538Z ^[[90m ^[[2m❯^[[22m packages/core/test/integration/end-to-end.test.ts:^[[2m45:8^[[22m^[[39m
integration (node 24)	Run npm run test:integration	2026-08-23T00:22:06.5586018Z 
integration (node 24)	Run npm run test:integration	2026-08-23T00:22:06.5586518Z ^[[31m^[[2m⎯⎯⎯⎯⎯⎯⎯⎯⎯⎯⎯⎯⎯⎯⎯⎯⎯⎯⎯⎯⎯[11/124]⎯^[[22m^[[39m
integration (node 24)	Run npm run test:integration	2026-08-23T00:22:06.5586743Z 
integration (node 24)	Run npm run test:integration	2026-08-23T00:22:06.5587556Z ^[[41m^[[1m FAIL ^[[22m^[[49m packages/core/test/integration/engine-headless.test.ts^[[2m > ^[[22mEngine^[[2m > ^[[22mpublishes a progress change through the public project handle
integration (node 24)	Run npm run test:integration	2026-08-23T00:22:06.5589311Z ^[[31m^[[1mTypeError^[[22m: property-stops-wrapper at motions[0].tracks[0].keyframes.opacity: The { stops: [...] } wrapper is retired; author the stops array directly as the value.^[[39m
integration (node 24)	Run npm run test:integration	2026-08-23T00:22:06.5590327Z ^[[36m ^[[2m❯^[[22m assertValidProject packages/core/src/engine.ts:^[[2m101:11^[[22m^[[39m
integration (node 24)	Run npm run test:integration	2026-08-23T00:22:06.5590990Z     ^[[90m 99|^[[39m   ^[[35mconst^[[39m result ^[[33m=^[[39m ^[[34mvalidateV5^[[39m(project)^[[33m;^[[39m
integration (node 24)	Run npm run test:integration	2026-08-23T00:22:06.5591796Z     ^[[90m100|^[[39m   ^[[35mif^[[39m (^[[33m!^[[39mresult^[[33m.^[[39mvalid ^[[33m||^[[39m result^[[33m.^[[39mvalue ^[[33m===^[[39m ^[[35mnull^[[39m)
integration (node 24)	Run npm run test:integration	2026-08-23T00:22:06.5592773Z     ^[[90m101|^[[39m     ^[[35mthrow^[[39m ^[[35mnew^[[39m ^[[33mTypeError^[[39m(
integration (node 24)	Run npm run test:integration	2026-08-23T00:22:06.5593480Z     ^[[90m   |^[[39m           ^[[31m^^[[39m
integration (node 24)	Run npm run test:integration	2026-08-23T00:22:06.5594399Z     ^[[90m102|^[[39m       result^[[33m.^[[39mdiagnostics^[[33m.^[[39mlength ^[[33m===^[[39m ^[[34m0^[[39m
integration (node 24)	Run npm run test:integration	2026-08-23T00:22:06.5595461Z     ^[[90m103|^[[39m         ^[[33m?^[[39m ^[[32m"Project failed v5 validation."^[[39m
integration (node 24)	Run npm run test:integration	2026-08-23T00:22:06.5596754Z ^[[90m ^[[2m❯^[[22m Engine.load packages/core/src/engine.ts:^[[2m170:29^[[22m^[[39m
integration (node 24)	Run npm run test:integration	2026-08-23T00:22:06.5597991Z ^[[90m ^[[2m❯^[[22m packages/core/test/integration/engine-headless.test.ts:^[[2m38:8^[[22m^[[39m
integration (node 24)	Run npm run test:integration	2026-08-23T00:22:06.5598594Z 
integration (node 24)	Run npm run test:integration	2026-08-23T00:22:06.5599006Z ^[[31m^[[2m⎯⎯⎯⎯⎯⎯⎯⎯⎯⎯⎯⎯⎯⎯⎯⎯⎯⎯⎯⎯⎯[12/124]⎯^[[22m^[[39m
integration (node 24)	Run npm run test:integration	2026-08-23T00:22:06.5599355Z 
integration (node 24)	Run npm run test:integration	2026-08-23T00:22:06.5600722Z ^[[41m^[[1m FAIL ^[[22m^[[49m packages/core/test/integration/engine-headless.test.ts^[[2m > ^[[22mEngine^[[2m > ^[[22mkeeps one clock owner while clock progress publishes once
integration (node 24)	Run npm run test:integration	2026-08-23T00:22:06.5603241Z ^[[31m^[[1mTypeError^[[22m: property-stops-wrapper at motions[0].tracks[0].keyframes.opacity: The { stops: [...] } wrapper is retired; author the stops array directly as the value.^[[39m
integration (node 24)	Run npm run test:integration	2026-08-23T00:22:06.5605007Z ^[[36m ^[[2m❯^[[22m assertValidProject packages/core/src/engine.ts:^[[2m101:11^[[22m^[[39m
integration (node 24)	Run npm run test:integration	2026-08-23T00:22:06.5606198Z     ^[[90m 99|^[[39m   ^[[35mconst^[[39m result ^[[33m=^[[39m ^[[34mvalidateV5^[[39m(project)^[[33m;^[[39m
integration (node 24)	Run npm run test:integration	2026-08-23T00:22:06.5607816Z     ^[[90m100|^[[39m   ^[[35mif^[[39m (^[[33m!^[[39mresult^[[33m.^[[39mvalid ^[[33m||^[[39m result^[[33m.^[[39mvalue ^[[33m===^[[39m ^[[35mnull^[[39m)
integration (node 24)	Run npm run test:integration	2026-08-23T00:22:06.5609004Z     ^[[90m101|^[[39m     ^[[35mthrow^[[39m ^[[35mnew^[[39m ^[[33mTypeError^[[39m(
integration (node 24)	Run npm run test:integration	2026-08-23T00:22:06.5609719Z     ^[[90m   |^[[39m           ^[[31m^^[[39m
integration (node 24)	Run npm run test:integration	2026-08-23T00:22:06.5610620Z     ^[[90m102|^[[39m       result^[[33m.^[[39mdiagnostics^[[33m.^[[39mlength ^[[33m===^[[39m ^[[34m0^[[39m
integration (node 24)	Run npm run test:integration	2026-08-23T00:22:06.5611658Z     ^[[90m103|^[[39m         ^[[33m?^[[39m ^[[32m"Project failed v5 validation."^[[39m
integration (node 24)	Run npm run test:integration	2026-08-23T00:22:06.5612427Z ^[[90m ^[[2m❯^[[22m Engine.load packages/core/src/engine.ts:^[[2m170:29^[[22m^[[39m
integration (node 24)	Run npm run test:integration	2026-08-23T00:22:06.5613134Z ^[[90m ^[[2m❯^[[22m packages/core/test/integration/engine-headless.test.ts:^[[2m60:8^[[22m^[[39m
integration (node 24)	Run npm run test:integration	2026-08-23T00:22:06.5613483Z 
integration (node 24)	Run npm run test:integration	2026-08-23T00:22:06.5613708Z ^[[31m^[[2m⎯⎯⎯⎯⎯⎯⎯⎯⎯⎯⎯⎯⎯⎯⎯⎯⎯⎯⎯⎯⎯[13/124]⎯^[[22m^[[39m
integration (node 24)	Run npm run test:integration	2026-08-23T00:22:06.5613925Z 
integration (node 24)	Run npm run test:integration	2026-08-23T00:22:06.5615193Z ^[[41m^[[1m FAIL ^[[22m^[[49m packages/core/test/integration/engine-headless.test.ts^[[2m > ^[[22mEngine^[[2m > ^[[22mstill resolves authored-key plugins during progress updates
integration (node 24)	Run npm run test:integration	2026-08-23T00:22:06.5618235Z ^[[31m^[[1mTypeError^[[22m: property-stops-wrapper at motions[0].tracks[0].keyframes.opacity: The { stops: [...] } wrapper is retired; author the stops array directly as the value.^[[39m
integration (node 24)	Run npm run test:integration	2026-08-23T00:22:06.5620039Z ^[[36m ^[[2m❯^[[22m assertValidProject packages/core/src/engine.ts:^[[2m101:11^[[22m^[[39m
integration (node 24)	Run npm run test:integration	2026-08-23T00:22:06.5621203Z     ^[[90m 99|^[[39m   ^[[35mconst^[[39m result ^[[33m=^[[39m ^[[34mvalidateV5^[[39m(project)^[[33m;^[[39m
integration (node 24)	Run npm run test:integration	2026-08-23T00:22:06.5622613Z     ^[[90m100|^[[39m   ^[[35mif^[[39m (^[[33m!^[[39mresult^[[33m.^[[39mvalid ^[[33m||^[[39m result^[[33m.^[[39mvalue ^[[33m===^[[39m ^[[35mnull^[[39m)
integration (node 24)	Run npm run test:integration	2026-08-23T00:22:06.5623784Z     ^[[90m101|^[[39m     ^[[35mthrow^[[39m ^[[35mnew^[[39m ^[[33mTypeError^[[39m(
integration (node 24)	Run npm run test:integration	2026-08-23T00:22:06.5624488Z     ^[[90m   |^[[39m           ^[[31m^^[[39m
integration (node 24)	Run npm run test:integration	2026-08-23T00:22:06.5625601Z     ^[[90m102|^[[39m       result^[[33m.^[[39mdiagnostics^[[33m.^[[39mlength ^[[33m===^[[39m ^[[34m0^[[39m
integration (node 24)	Run npm run test:integration	2026-08-23T00:22:06.5626861Z     ^[[90m103|^[[39m         ^[[33m?^[[39m ^[[32m"Project failed v5 validation."^[[39m
integration (node 24)	Run npm run test:integration	2026-08-23T00:22:06.5627918Z ^[[90m ^[[2m❯^[[22m Engine.load packages/core/src/engine.ts:^[[2m170:29^[[22m^[[39m
integration (node 24)	Run npm run test:integration	2026-08-23T00:22:06.5629154Z ^[[90m ^[[2m❯^[[22m packages/core/test/integration/engine-headless.test.ts:^[[2m79:8^[[22m^[[39m
integration (node 24)	Run npm run test:integration	2026-08-23T00:22:06.5629749Z 
integration (node 24)	Run npm run test:integration	2026-08-23T00:22:06.5630146Z ^[[31m^[[2m⎯⎯⎯⎯⎯⎯⎯⎯⎯⎯⎯⎯⎯⎯⎯⎯⎯⎯⎯⎯⎯[14/124]⎯^[[22m^[[39m
integration (node 24)	Run npm run test:integration	2026-08-23T00:22:06.5630495Z 
integration (node 24)	Run npm run test:integration	2026-08-23T00:22:06.5632241Z ^[[41m^[[1m FAIL ^[[22m^[[49m packages/core/test/integration/engine-headless.test.ts^[[2m > ^[[22mEngine^[[2m > ^[[22mroutes a manual trigger through the public handle into a published patch
integration (node 24)	Run npm run test:integration	2026-08-23T00:22:06.5634901Z ^[[31m^[[1mTypeError^[[22m: property-stops-wrapper at motions[0].tracks[0].keyframes.opacity: The { stops: [...] } wrapper is retired; author the stops array directly as the value.^[[39m
integration (node 24)	Run npm run test:integration	2026-08-23T00:22:06.5636872Z ^[[36m ^[[2m❯^[[22m assertValidProject packages/core/src/engine.ts:^[[2m101:11^[[22m^[[39m
integration (node 24)	Run npm run test:integration	2026-08-23T00:22:06.5638060Z     ^[[90m 99|^[[39m   ^[[35mconst^[[39m result ^[[33m=^[[39m ^[[34mvalidateV5^[[39m(project)^[[33m;^[[39m
integration (node 24)	Run npm run test:integration	2026-08-23T00:22:06.5639476Z     ^[[90m100|^[[39m   ^[[35mif^[[39m (^[[33m!^[[39mresult^[[33m.^[[39mvalid ^[[33m||^[[39m result^[[33m.^[[39mvalue ^[[33m===^[[39m ^[[35mnull^[[39m)
integration (node 24)	Run npm run test:integration	2026-08-23T00:22:06.5640648Z     ^[[90m101|^[[39m     ^[[35mthrow^[[39m ^[[35mnew^[[39m ^[[33mTypeError^[[39m(
integration (node 24)	Run npm run test:integration	2026-08-23T00:22:06.5641353Z     ^[[90m   |^[[39m           ^[[31m^^[[39m
integration (node 24)	Run npm run test:integration	2026-08-23T00:22:06.5642248Z     ^[[90m102|^[[39m       result^[[33m.^[[39mdiagnostics^[[33m.^[[39mlength ^[[33m===^[[39m ^[[34m0^[[39m
integration (node 24)	Run npm run test:integration	2026-08-23T00:22:06.5643279Z     ^[[90m103|^[[39m         ^[[33m?^[[39m ^[[32m"Project failed v5 validation."^[[39m
integration (node 24)	Run npm run test:integration	2026-08-23T00:22:06.5644339Z ^[[90m ^[[2m❯^[[22m Engine.load packages/core/src/engine.ts:^[[2m170:29^[[22m^[[39m
integration (node 24)	Run npm run test:integration	2026-08-23T00:22:06.5645545Z ^[[90m ^[[2m❯^[[22m packages/core/test/integration/engine-headless.test.ts:^[[2m94:8^[[22m^[[39m
integration (node 24)	Run npm run test:integration	2026-08-23T00:22:06.5646158Z 
integration (node 24)	Run npm run test:integration	2026-08-23T00:22:06.5646734Z ^[[31m^[[2m⎯⎯⎯⎯⎯⎯⎯⎯⎯⎯⎯⎯⎯⎯⎯⎯⎯⎯⎯⎯⎯[15/124]⎯^[[22m^[[39m
integration (node 24)	Run npm run test:integration	2026-08-23T00:22:06.5647110Z 
integration (node 24)	Run npm run test:integration	2026-08-23T00:22:06.5648987Z ^[[41m^[[1m FAIL ^[[22m^[[49m packages/core/test/integration/engine-load-validation.test.ts^[[2m > ^[[22mEngine product-load validation (X-1 follow-up)^[[2m > ^[[22mrejects malformed authored stops before constructing a runtime
integration (node 24)	Run npm run test:integration	2026-08-23T00:22:06.5651556Z ^[[31m^[[1mAssertionError^[[22m: expected [Function] to throw error matching /stop-position/ but got 'property-stops-wrapper at motions[0].…'^[[39m
integration (node 24)	Run npm run test:integration	2026-08-23T00:22:06.5652478Z 
integration (node 24)	Run npm run test:integration	2026-08-23T00:22:06.5652719Z ^[[32m- Expected:^[[39m
integration (node 24)	Run npm run test:integration	2026-08-23T00:22:06.5653101Z /stop-position/
integration (node 24)	Run npm run test:integration	2026-08-23T00:22:06.5653322Z 
integration (node 24)	Run npm run test:integration	2026-08-23T00:22:06.5653537Z ^[[31m+ Received:^[[39m
integration (node 24)	Run npm run test:integration	2026-08-23T00:22:06.5654863Z "property-stops-wrapper at motions[0].tracks[0].keyframes.opacity: The { stops: [...] } wrapper is retired; author the stops array directly as the value."
integration (node 24)	Run npm run test:integration	2026-08-23T00:22:06.5656024Z 
integration (node 24)	Run npm run test:integration	2026-08-23T00:22:06.5657053Z ^[[36m ^[[2m❯^[[22m packages/core/test/integration/engine-load-validation.test.ts:^[[2m31:49^[[22m^[[39m
integration (node 24)	Run npm run test:integration	2026-08-23T00:22:06.5658315Z     ^[[90m 29|^[[39m     const invalid = projectWith({ opacity: { stops: [{ p: Number.NaN, …
integration (node 24)	Run npm run test:integration	2026-08-23T00:22:06.5659271Z     ^[[90m 30|^[[39m
integration (node 24)	Run npm run test:integration	2026-08-23T00:22:06.5660053Z     ^[[90m 31|^[[39m     expect(() => engine.load(invalid as never)).toThrow(/stop-position…
integration (node 24)	Run npm run test:integration	2026-08-23T00:22:06.5661017Z     ^[[90m   |^[[39m                                                 ^[[31m^^[[39m
integration (node 24)	Run npm run test:integration	2026-08-23T00:22:06.5662209Z     ^[[90m 32|^[[39m     ^[[34mexpect^[[39m(create)^[[33m.^[[39mnot^[[33m.^[[39m^[[34mtoHaveBeenCalled^[[39m()^[[33m;^[[39m
integration (node 24)	Run npm run test:integration	2026-08-23T00:22:06.5663143Z     ^[[90m 33|^[[39m   })^[[33m;^[[39m
integration (node 24)	Run npm run test:integration	2026-08-23T00:22:06.5663443Z 
integration (node 24)	Run npm run test:integration	2026-08-23T00:22:06.5663843Z ^[[31m^[[2m⎯⎯⎯⎯⎯⎯⎯⎯⎯⎯⎯⎯⎯⎯⎯⎯⎯⎯⎯⎯⎯[16/124]⎯^[[22m^[[39m
integration (node 24)	Run npm run test:integration	2026-08-23T00:22:06.5664196Z 
integration (node 24)	Run npm run test:integration	2026-08-23T00:22:06.5666071Z ^[[41m^[[1m FAIL ^[[22m^[[49m packages/core/test/integration/engine-load-validation.test.ts^[[2m > ^[[22mEngine product-load validation (X-1 follow-up)^[[2m > ^[[22mrejects malformed authored stops before any timeline is created
integration (node 24)	Run npm run test:integration	2026-08-23T00:22:06.5668926Z ^[[31m^[[1mAssertionError^[[22m: expected [Function] to throw error matching /stop-position-order/ but got 'property-stops-wrapper at motions[0].…'^[[39m
integration (node 24)	Run npm run test:integration	2026-08-23T00:22:06.5669920Z 
integration (node 24)	Run npm run test:integration	2026-08-23T00:22:06.5670153Z ^[[32m- Expected:^[[39m
integration (node 24)	Run npm run test:integration	2026-08-23T00:22:06.5670568Z /stop-position-order/
integration (node 24)	Run npm run test:integration	2026-08-23T00:22:06.5670807Z 
integration (node 24)	Run npm run test:integration	2026-08-23T00:22:06.5671026Z ^[[31m+ Received:^[[39m
integration (node 24)	Run npm run test:integration	2026-08-23T00:22:06.5672347Z "property-stops-wrapper at motions[0].tracks[0].keyframes.opacity: The { stops: [...] } wrapper is retired; author the stops array directly as the value."
integration (node 24)	Run npm run test:integration	2026-08-23T00:22:06.5673306Z 
integration (node 24)	Run npm run test:integration	2026-08-23T00:22:06.5674122Z ^[[36m ^[[2m❯^[[22m packages/core/test/integration/engine-load-validation.test.ts:^[[2m48:49^[[22m^[[39m
integration (node 24)	Run npm run test:integration	2026-08-23T00:22:06.5675041Z     ^[[90m 46|^[[39m     })^[[33m;^[[39m
integration (node 24)	Run npm run test:integration	2026-08-23T00:22:06.5675520Z     ^[[90m 47|^[[39m
integration (node 24)	Run npm run test:integration	2026-08-23T00:22:06.5676478Z     ^[[90m 48|^[[39m     expect(() => engine.load(invalid as never)).toThrow(/stop-position…
integration (node 24)	Run npm run test:integration	2026-08-23T00:22:06.5677487Z     ^[[90m   |^[[39m                                                 ^[[31m^^[[39m
integration (node 24)	Run npm run test:integration	2026-08-23T00:22:06.5678637Z     ^[[90m 49|^[[39m     ^[[34mexpect^[[39m(create)^[[33m.^[[39mnot^[[33m.^[[39m^[[34mtoHaveBeenCalled^[[39m()^[[33m;^[[39m
integration (node 24)	Run npm run test:integration	2026-08-23T00:22:06.5679527Z     ^[[90m 50|^[[39m   })^[[33m;^[[39m
integration (node 24)	Run npm run test:integration	2026-08-23T00:22:06.5679816Z 
integration (node 24)	Run npm run test:integration	2026-08-23T00:22:06.5680217Z ^[[31m^[[2m⎯⎯⎯⎯⎯⎯⎯⎯⎯⎯⎯⎯⎯⎯⎯⎯⎯⎯⎯⎯⎯[17/124]⎯^[[22m^[[39m
integration (node 24)	Run npm run test:integration	2026-08-23T00:22:06.5680560Z 
integration (node 24)	Run npm run test:integration	2026-08-23T00:22:06.5682483Z ^[[41m^[[1m FAIL ^[[22m^[[49m packages/core/test/integration/engine-load-validation.test.ts^[[2m > ^[[22mEngine product-load validation (X-1 follow-up)^[[2m > ^[[22mresolves authored plugin ownership during load, not on the first seek
integration (node 24)	Run npm run test:integration	2026-08-23T00:22:06.5685146Z ^[[31m^[[1mAssertionError^[[22m: expected [Function] to throw error matching /plugin-unknown-key/ but got 'property-stops-wrapper at motions[0].…'^[[39m
integration (node 24)	Run npm run test:integration	2026-08-23T00:22:06.5686115Z 
integration (node 24)	Run npm run test:integration	2026-08-23T00:22:06.5686527Z ^[[32m- Expected:^[[39m
integration (node 24)	Run npm run test:integration	2026-08-23T00:22:06.5686963Z /plugin-unknown-key/
integration (node 24)	Run npm run test:integration	2026-08-23T00:22:06.5687207Z 
integration (node 24)	Run npm run test:integration	2026-08-23T00:22:06.5687435Z ^[[31m+ Received:^[[39m
integration (node 24)	Run npm run test:integration	2026-08-23T00:22:06.5688768Z "property-stops-wrapper at motions[0].tracks[0].keyframes.unknown: The { stops: [...] } wrapper is retired; author the stops array directly as the value."
integration (node 24)	Run npm run test:integration	2026-08-23T00:22:06.5689759Z 
integration (node 24)	Run npm run test:integration	2026-08-23T00:22:06.5690352Z ^[[36m ^[[2m❯^[[22m packages/core/test/integration/engine-load-validation.test.ts:^[[2m65:7^[[22m^[[39m
integration (node 24)	Run npm run test:integration	2026-08-23T00:22:06.5691256Z     ^[[90m 63|^[[39m     ^[[34mexpect^[[39m(() ^[[33m=>^[[39m
integration (node 24)	Run npm run test:integration	2026-08-23T00:22:06.5691827Z     ^[[90m 64|^[[39m       engine.load(projectWith({ unknown: { stops: [{ p: 0, v: 0 }] } }…
integration (node 24)	Run npm run test:integration	2026-08-23T00:22:06.5692490Z     ^[[90m 65|^[[39m     )^[[33m.^[[39m^[[34mtoThrow^[[39m(^[[36m/plugin-unknown-key/^[[39m)^[[33m;^[[39m
integration (node 24)	Run npm run test:integration	2026-08-23T00:22:06.5692959Z     ^[[90m   |^[[39m       ^[[31m^^[[39m
integration (node 24)	Run npm run test:integration	2026-08-23T00:22:06.5693540Z     ^[[90m 66|^[[39m     ^[[34mexpect^[[39m(create)^[[33m.^[[39mnot^[[33m.^[[39m^[[34mtoHaveBeenCalled^[[39m()^[[33m;^[[39m
integration (node 24)	Run npm run test:integration	2026-08-23T00:22:06.5694045Z     ^[[90m 67|^[[39m   })^[[33m;^[[39m
integration (node 24)	Run npm run test:integration	2026-08-23T00:22:06.5694403Z 
integration (node 24)	Run npm run test:integration	2026-08-23T00:22:06.5694640Z ^[[31m^[[2m⎯⎯⎯⎯⎯⎯⎯⎯⎯⎯⎯⎯⎯⎯⎯⎯⎯⎯⎯⎯⎯[18/124]⎯^[[22m^[[39m
integration (node 24)	Run npm run test:integration	2026-08-23T00:22:06.5694979Z 
integration (node 24)	Run npm run test:integration	2026-08-23T00:22:06.5696015Z ^[[41m^[[1m FAIL ^[[22m^[[49m packages/core/test/integration/engine-load-validation.test.ts^[[2m > ^[[22mEngine product-load validation (X-1 follow-up)^[[2m > ^[[22maccepts a valid project and creates its timelines during load
integration (node 24)	Run npm run test:integration	2026-08-23T00:22:06.5699181Z ^[[31m^[[1mTypeError^[[22m: property-stops-wrapper at motions[0].tracks[0].keyframes.opacity: The { stops: [...] } wrapper is retired; author the stops array directly as the value.^[[39m
integration (node 24)	Run npm run test:integration	2026-08-23T00:22:06.5701143Z ^[[36m ^[[2m❯^[[22m assertValidProject packages/core/src/engine.ts:^[[2m101:11^[[22m^[[39m
integration (node 24)	Run npm run test:integration	2026-08-23T00:22:06.5702478Z     ^[[90m 99|^[[39m   ^[[35mconst^[[39m result ^[[33m=^[[39m ^[[34mvalidateV5^[[39m(project)^[[33m;^[[39m
integration (node 24)	Run npm run test:integration	2026-08-23T00:22:06.5703911Z     ^[[90m100|^[[39m   ^[[35mif^[[39m (^[[33m!^[[39mresult^[[33m.^[[39mvalid ^[[33m||^[[39m result^[[33m.^[[39mvalue ^[[33m===^[[39m ^[[35mnull^[[39m)
integration (node 24)	Run npm run test:integration	2026-08-23T00:22:06.5705125Z     ^[[90m101|^[[39m     ^[[35mthrow^[[39m ^[[35mnew^[[39m ^[[33mTypeError^[[39m(
integration (node 24)	Run npm run test:integration	2026-08-23T00:22:06.5705836Z     ^[[90m   |^[[39m           ^[[31m^^[[39m
integration (node 24)	Run npm run test:integration	2026-08-23T00:22:06.5706963Z     ^[[90m102|^[[39m       result^[[33m.^[[39mdiagnostics^[[33m.^[[39mlength ^[[33m===^[[39m ^[[34m0^[[39m
integration (node 24)	Run npm run test:integration	2026-08-23T00:22:06.5707799Z     ^[[90m103|^[[39m         ^[[33m?^[[39m ^[[32m"Project failed v5 validation."^[[39m
integration (node 24)	Run npm run test:integration	2026-08-23T00:22:06.5708442Z ^[[90m ^[[2m❯^[[22m Engine.load packages/core/src/engine.ts:^[[2m170:29^[[22m^[[39m
integration (node 24)	Run npm run test:integration	2026-08-23T00:22:06.5709204Z ^[[90m ^[[2m❯^[[22m packages/core/test/integration/engine-load-validation.test.ts:^[[2m74:28^[[22m^[[39m
integration (node 24)	Run npm run test:integration	2026-08-23T00:22:06.5709595Z 
integration (node 24)	Run npm run test:integration	2026-08-23T00:22:06.5709836Z ^[[31m^[[2m⎯⎯⎯⎯⎯⎯⎯⎯⎯⎯⎯⎯⎯⎯⎯⎯⎯⎯⎯⎯⎯[19/124]⎯^[[22m^[[39m
integration (node 24)	Run npm run test:integration	2026-08-23T00:22:06.5710040Z 
integration (node 24)	Run npm run test:integration	2026-08-23T00:22:06.5711109Z ^[[41m^[[1m FAIL ^[[22m^[[49m packages/core/test/integration/engine-x3-contribution.test.ts^[[2m > ^[[22mX-3 contribution through the product load path^[[2m > ^[[22mpasses contribution context and creates the prepared timeline at load
integration (node 24)	Run npm run test:integration	2026-08-23T00:22:06.5712738Z ^[[31m^[[1mTypeError^[[22m: property-stops-wrapper at motions[0].tracks[0].keyframes.x: The { stops: [...] } wrapper is retired; author the stops array directly as the value.^[[39m
integration (node 24)	Run npm run test:integration	2026-08-23T00:22:06.5713734Z ^[[36m ^[[2m❯^[[22m assertValidProject packages/core/src/engine.ts:^[[2m101:11^[[22m^[[39m
integration (node 24)	Run npm run test:integration	2026-08-23T00:22:06.5714398Z     ^[[90m 99|^[[39m   ^[[35mconst^[[39m result ^[[33m=^[[39m ^[[34mvalidateV5^[[39m(project)^[[33m;^[[39m
integration (node 24)	Run npm run test:integration	2026-08-23T00:22:06.5715203Z     ^[[90m100|^[[39m   ^[[35mif^[[39m (^[[33m!^[[39mresult^[[33m.^[[39mvalid ^[[33m||^[[39m result^[[33m.^[[39mvalue ^[[33m===^[[39m ^[[35mnull^[[39m)
integration (node 24)	Run npm run test:integration	2026-08-23T00:22:06.5715889Z     ^[[90m101|^[[39m     ^[[35mthrow^[[39m ^[[35mnew^[[39m ^[[33mTypeError^[[39m(
integration (node 24)	Run npm run test:integration	2026-08-23T00:22:06.5716479Z     ^[[90m   |^[[39m           ^[[31m^^[[39m
integration (node 24)	Run npm run test:integration	2026-08-23T00:22:06.5717012Z     ^[[90m102|^[[39m       result^[[33m.^[[39mdiagnostics^[[33m.^[[39mlength ^[[33m===^[[39m ^[[34m0^[[39m
integration (node 24)	Run npm run test:integration	2026-08-23T00:22:06.5717612Z     ^[[90m103|^[[39m         ^[[33m?^[[39m ^[[32m"Project failed v5 validation."^[[39m
integration (node 24)	Run npm run test:integration	2026-08-23T00:22:06.5718239Z ^[[90m ^[[2m❯^[[22m Engine.load packages/core/src/engine.ts:^[[2m170:29^[[22m^[[39m
integration (node 24)	Run npm run test:integration	2026-08-23T00:22:06.5718986Z ^[[90m ^[[2m❯^[[22m packages/core/test/integration/engine-x3-contribution.test.ts:^[[2m38:83^[[22m^[[39m
integration (node 24)	Run npm run test:integration	2026-08-23T00:22:06.5719369Z 
integration (node 24)	Run npm run test:integration	2026-08-23T00:22:06.5719593Z ^[[31m^[[2m⎯⎯⎯⎯⎯⎯⎯⎯⎯⎯⎯⎯⎯⎯⎯⎯⎯⎯⎯⎯⎯[20/124]⎯^[[22m^[[39m
integration (node 24)	Run npm run test:integration	2026-08-23T00:22:06.5719798Z 
integration (node 24)	Run npm run test:integration	2026-08-23T00:22:06.5720777Z ^[[41m^[[1m FAIL ^[[22m^[[49m packages/core/test/integration/engine-x3-contribution.test.ts^[[2m > ^[[22mX-3 contribution through the product load path^[[2m > ^[[22mselects one predicate contributor through Engine.load
integration (node 24)	Run npm run test:integration	2026-08-23T00:22:06.5722313Z ^[[31m^[[1mTypeError^[[22m: property-stops-wrapper at motions[0].tracks[0].keyframes.x: The { stops: [...] } wrapper is retired; author the stops array directly as the value.^[[39m
integration (node 24)	Run npm run test:integration	2026-08-23T00:22:06.5723291Z ^[[36m ^[[2m❯^[[22m assertValidProject packages/core/src/engine.ts:^[[2m101:11^[[22m^[[39m
integration (node 24)	Run npm run test:integration	2026-08-23T00:22:06.5723954Z     ^[[90m 99|^[[39m   ^[[35mconst^[[39m result ^[[33m=^[[39m ^[[34mvalidateV5^[[39m(project)^[[33m;^[[39m
integration (node 24)	Run npm run test:integration	2026-08-23T00:22:06.5725001Z     ^[[90m100|^[[39m   ^[[35mif^[[39m (^[[33m!^[[39mresult^[[33m.^[[39mvalid ^[[33m||^[[39m result^[[33m.^[[39mvalue ^[[33m===^[[39m ^[[35mnull^[[39m)
integration (node 24)	Run npm run test:integration	2026-08-23T00:22:06.5725808Z     ^[[90m101|^[[39m     ^[[35mthrow^[[39m ^[[35mnew^[[39m ^[[33mTypeError^[[39m(
integration (node 24)	Run npm run test:integration	2026-08-23T00:22:06.5726443Z     ^[[90m   |^[[39m           ^[[31m^^[[39m
integration (node 24)	Run npm run test:integration	2026-08-23T00:22:06.5727041Z     ^[[90m102|^[[39m       result^[[33m.^[[39mdiagnostics^[[33m.^[[39mlength ^[[33m===^[[39m ^[[34m0^[[39m
integration (node 24)	Run npm run test:integration	2026-08-23T00:22:06.5727644Z     ^[[90m103|^[[39m         ^[[33m?^[[39m ^[[32m"Project failed v5 validation."^[[39m
integration (node 24)	Run npm run test:integration	2026-08-23T00:22:06.5728255Z ^[[90m ^[[2m❯^[[22m Engine.load packages/core/src/engine.ts:^[[2m170:29^[[22m^[[39m
integration (node 24)	Run npm run test:integration	2026-08-23T00:22:06.5728994Z ^[[90m ^[[2m❯^[[22m packages/core/test/integration/engine-x3-contribution.test.ts:^[[2m75:83^[[22m^[[39m
integration (node 24)	Run npm run test:integration	2026-08-23T00:22:06.5729587Z 
integration (node 24)	Run npm run test:integration	2026-08-23T00:22:06.5730045Z ^[[31m^[[2m⎯⎯⎯⎯⎯⎯⎯⎯⎯⎯⎯⎯⎯⎯⎯⎯⎯⎯⎯⎯⎯[21/124]⎯^[[22m^[[39m
integration (node 24)	Run npm run test:integration	2026-08-23T00:22:06.5730427Z 
integration (node 24)	Run npm run test:integration	2026-08-23T00:22:06.5732301Z ^[[41m^[[1m FAIL ^[[22m^[[49m packages/core/test/integration/engine-x3-contribution.test.ts^[[2m > ^[[22mX-3 contribution through the product load path^[[2m > ^[[22mrejects malformed contributions during Engine.load
integration (node 24)	Run npm run test:integration	2026-08-23T00:22:06.5735045Z ^[[31m^[[1mAssertionError^[[22m: expected [Function] to throw error matching /plugin-contribution-stop-order/ but got 'property-stops-wrapper at motions[0].…'^[[39m
integration (node 24)	Run npm run test:integration	2026-08-23T00:22:06.5736100Z 
integration (node 24)	Run npm run test:integration	2026-08-23T00:22:06.5736626Z ^[[32m- Expected:^[[39m
integration (node 24)	Run npm run test:integration	2026-08-23T00:22:06.5737149Z /plugin-contribution-stop-order/
integration (node 24)	Run npm run test:integration	2026-08-23T00:22:06.5737446Z 
integration (node 24)	Run npm run test:integration	2026-08-23T00:22:06.5737766Z ^[[31m+ Received:^[[39m
integration (node 24)	Run npm run test:integration	2026-08-23T00:22:06.5738996Z "property-stops-wrapper at motions[0].tracks[0].keyframes.x: The { stops: [...] } wrapper is retired; author the stops array directly as the value."
integration (node 24)	Run npm run test:integration	2026-08-23T00:22:06.5739898Z 
integration (node 24)	Run npm run test:integration	2026-08-23T00:22:06.5740721Z ^[[36m ^[[2m❯^[[22m packages/core/test/integration/engine-x3-contribution.test.ts:^[[2m108:7^[[22m^[[39m
integration (node 24)	Run npm run test:integration	2026-08-23T00:22:06.5742262Z     ^[[90m106|^[[39m         ^[[34mprojectWith^[[39m({ x^[[33m:^[[39m ^[[34mproperty^[[39m(^[[34m1^[[39m) }) ^[[35mas^[[39m never^[[33m,^[[39m
integration (node 24)	Run npm run test:integration	2026-08-23T00:22:06.5743278Z     ^[[90m107|^[[39m       )^[[33m,^[[39m
integration (node 24)	Run npm run test:integration	2026-08-23T00:22:06.5744264Z     ^[[90m108|^[[39m     )^[[33m.^[[39m^[[34mtoThrow^[[39m(^[[36m/plugin-contribution-stop-order/^[[39m)^[[33m;^[[39m
integration (node 24)	Run npm run test:integration	2026-08-23T00:22:06.5744834Z     ^[[90m   |^[[39m       ^[[31m^^[[39m
integration (node 24)	Run npm run test:integration	2026-08-23T00:22:06.5745424Z     ^[[90m109|^[[39m     ^[[34mexpect^[[39m(create)^[[33m.^[[39mnot^[[33m.^[[39m^[[34mtoHaveBeenCalled^[[39m()^[[33m;^[[39m
integration (node 24)	Run npm run test:integration	2026-08-23T00:22:06.5745935Z     ^[[90m110|^[[39m   })^[[33m;^[[39m
integration (node 24)	Run npm run test:integration	2026-08-23T00:22:06.5746104Z 
integration (node 24)	Run npm run test:integration	2026-08-23T00:22:06.5746715Z ^[[31m^[[2m⎯⎯⎯⎯⎯⎯⎯⎯⎯⎯⎯⎯⎯⎯⎯⎯⎯⎯⎯⎯⎯[22/124]⎯^[[22m^[[39m
integration (node 24)	Run npm run test:integration	2026-08-23T00:22:06.5747112Z 
integration (node 24)	Run npm run test:integration	2026-08-23T00:22:06.5748972Z ^[[41m^[[1m FAIL ^[[22m^[[49m packages/core/test/integration/engine-x3-contribution.test.ts^[[2m > ^[[22mX-3 contribution through the product load path^[[2m > ^[[22mrejects authored ease collisions before any timeline is created
integration (node 24)	Run npm run test:integration	2026-08-23T00:22:06.5751239Z ^[[31m^[[1mAssertionError^[[22m: expected [Function] to throw error matching /plugin-contribution-ease-collision/ but got 'property-stops-wrapper at motions[0].…'^[[39m
integration (node 24)	Run npm run test:integration	2026-08-23T00:22:06.5752314Z 
integration (node 24)	Run npm run test:integration	2026-08-23T00:22:06.5752603Z ^[[32m- Expected:^[[39m
integration (node 24)	Run npm run test:integration	2026-08-23T00:22:06.5753096Z /plugin-contribution-ease-collision/
integration (node 24)	Run npm run test:integration	2026-08-23T00:22:06.5753443Z 
integration (node 24)	Run npm run test:integration	2026-08-23T00:22:06.5753698Z ^[[31m+ Received:^[[39m
integration (node 24)	Run npm run test:integration	2026-08-23T00:22:06.5756037Z "property-stops-wrapper at motions[0].tracks[0].keyframes.x: The { stops: [...] } wrapper is retired; author the stops array directly as the value. property-stops-wrapper at motions[0].tracks[0].keyframes.y: The { stops: [...] } wrapper is retired; author the stops array directly as the value."
integration (node 24)	Run npm run test:integration	2026-08-23T00:22:06.5758007Z 
integration (node 24)	Run npm run test:integration	2026-08-23T00:22:06.5758894Z ^[[36m ^[[2m❯^[[22m packages/core/test/integration/engine-x3-contribution.test.ts:^[[2m133:7^[[22m^[[39m
integration (node 24)	Run npm run test:integration	2026-08-23T00:22:06.5759930Z     ^[[90m131|^[[39m         }) ^[[35mas^[[39m never^[[33m,^[[39m
integration (node 24)	Run npm run test:integration	2026-08-23T00:22:06.5760581Z     ^[[90m132|^[[39m       )^[[33m,^[[39m
integration (node 24)	Run npm run test:integration	2026-08-23T00:22:06.5761950Z     ^[[90m133|^[[39m     )^[[33m.^[[39m^[[34mtoThrow^[[39m(^[[36m/plugin-contribution-ease-collision/^[[39m)^[[33m;^[[39m
integration (node 24)	Run npm run test:integration	2026-08-23T00:22:06.5762868Z     ^[[90m   |^[[39m       ^[[31m^^[[39m
integration (node 24)	Run npm run test:integration	2026-08-23T00:22:06.5764075Z     ^[[90m134|^[[39m     ^[[34mexpect^[[39m(create)^[[33m.^[[39mnot^[[33m.^[[39m^[[34mtoHaveBeenCalled^[[39m()^[[33m;^[[39m
integration (node 24)	Run npm run test:integration	2026-08-23T00:22:06.5764969Z     ^[[90m135|^[[39m   })^[[33m;^[[39m
integration (node 24)	Run npm run test:integration	2026-08-23T00:22:06.5765258Z 
integration (node 24)	Run npm run test:integration	2026-08-23T00:22:06.5765567Z ^[[31m^[[2m⎯⎯⎯⎯⎯⎯⎯⎯⎯⎯⎯⎯⎯⎯⎯⎯⎯⎯⎯⎯⎯[23/124]⎯^[[22m^[[39m
integration (node 24)	Run npm run test:integration	2026-08-23T00:22:06.5765780Z 
integration (node 24)	Run npm run test:integration	2026-08-23T00:22:06.5767157Z ^[[41m^[[1m FAIL ^[[22m^[[49m packages/core/test/integration/engine-x3-contribution.test.ts^[[2m > ^[[22mX-3 contribution through the product load path^[[2m > ^[[22mmerges contributed keyframes into compiler diagnostics before timeline creation
integration (node 24)	Run npm run test:integration	2026-08-23T00:22:06.5768826Z ^[[31m^[[1mAssertionError^[[22m: expected [Function] to throw error matching /plugin-contribution-ease-collision/ but got 'property-stops-wrapper at motions[0].…'^[[39m
integration (node 24)	Run npm run test:integration	2026-08-23T00:22:06.5769451Z 
integration (node 24)	Run npm run test:integration	2026-08-23T00:22:06.5769598Z ^[[32m- Expected:^[[39m
integration (node 24)	Run npm run test:integration	2026-08-23T00:22:06.5769896Z /plugin-contribution-ease-collision/
integration (node 24)	Run npm run test:integration	2026-08-23T00:22:06.5770095Z 
integration (node 24)	Run npm run test:integration	2026-08-23T00:22:06.5770225Z ^[[31m+ Received:^[[39m
integration (node 24)	Run npm run test:integration	2026-08-23T00:22:06.5770954Z "property-stops-wrapper at motions[0].tracks[0].keyframes.x: The { stops: [...] } wrapper is retired; author the stops array directly as the value."
integration (node 24)	Run npm run test:integration	2026-08-23T00:22:06.5771488Z 
integration (node 24)	Run npm run test:integration	2026-08-23T00:22:06.5771947Z ^[[36m ^[[2m❯^[[22m packages/core/test/integration/engine-x3-contribution.test.ts:^[[2m170:7^[[22m^[[39m
integration (node 24)	Run npm run test:integration	2026-08-23T00:22:06.5772543Z     ^[[90m168|^[[39m         }) ^[[35mas^[[39m never^[[33m,^[[39m
integration (node 24)	Run npm run test:integration	2026-08-23T00:22:06.5772930Z     ^[[90m169|^[[39m       )^[[33m,^[[39m
integration (node 24)	Run npm run test:integration	2026-08-23T00:22:06.5773520Z     ^[[90m170|^[[39m     )^[[33m.^[[39m^[[34mtoThrow^[[39m(^[[36m/plugin-contribution-ease-collision/^[[39m)^[[33m;^[[39m
integration (node 24)	Run npm run test:integration	2026-08-23T00:22:06.5774053Z     ^[[90m   |^[[39m       ^[[31m^^[[39m
integration (node 24)	Run npm run test:integration	2026-08-23T00:22:06.5774616Z     ^[[90m171|^[[39m     ^[[34mexpect^[[39m(create)^[[33m.^[[39mnot^[[33m.^[[39m^[[34mtoHaveBeenCalled^[[39m()^[[33m;^[[39m
integration (node 24)	Run npm run test:integration	2026-08-23T00:22:06.5775138Z     ^[[90m172|^[[39m   })^[[33m;^[[39m
integration (node 24)	Run npm run test:integration	2026-08-23T00:22:06.5775307Z 
integration (node 24)	Run npm run test:integration	2026-08-23T00:22:06.5775534Z ^[[31m^[[2m⎯⎯⎯⎯⎯⎯⎯⎯⎯⎯⎯⎯⎯⎯⎯⎯⎯⎯⎯⎯⎯[24/124]⎯^[[22m^[[39m
integration (node 24)	Run npm run test:integration	2026-08-23T00:22:06.5775745Z 
integration (node 24)	Run npm run test:integration	2026-08-23T00:22:06.5777084Z ^[[41m^[[1m FAIL ^[[22m^[[49m packages/core/test/integration/handle-adoption.test.ts^[[2m > ^[[22madoption through ProjectHandle (G2)^[[2m > ^[[22mrejects adoption of a track with malformed keyframes
integration (node 24)	Run npm run test:integration	2026-08-23T00:22:06.5779505Z ^[[31m^[[1mAssertionError^[[22m: expected [Function] to throw error matching /stop-position/ but got 'property-stops-wrapper at addTrack(ba…'^[[39m
integration (node 24)	Run npm run test:integration	2026-08-23T00:22:06.5780437Z 
integration (node 24)	Run npm run test:integration	2026-08-23T00:22:06.5780669Z ^[[32m- Expected:^[[39m
integration (node 24)	Run npm run test:integration	2026-08-23T00:22:06.5781048Z /stop-position/
integration (node 24)	Run npm run test:integration	2026-08-23T00:22:06.5781264Z 
integration (node 24)	Run npm run test:integration	2026-08-23T00:22:06.5781485Z ^[[31m+ Received:^[[39m
integration (node 24)	Run npm run test:integration	2026-08-23T00:22:06.5782663Z "property-stops-wrapper at addTrack(bad).keyframes.x: The { stops: [...] } wrapper is retired; author the stops array directly as the value."
integration (node 24)	Run npm run test:integration	2026-08-23T00:22:06.5783189Z 
integration (node 24)	Run npm run test:integration	2026-08-23T00:22:06.5783635Z ^[[36m ^[[2m❯^[[22m packages/core/test/integration/handle-adoption.test.ts:^[[2m57:44^[[22m^[[39m
integration (node 24)	Run npm run test:integration	2026-08-23T00:22:06.5784147Z     ^[[90m 55|^[[39m       }^[[33m,^[[39m
integration (node 24)	Run npm run test:integration	2026-08-23T00:22:06.5784467Z     ^[[90m 56|^[[39m     }^[[33m;^[[39m
integration (node 24)	Run npm run test:integration	2026-08-23T00:22:06.5785270Z     ^[[90m 57|^[[39m     ^[[34mexpect^[[39m(() ^[[33m=>^[[39m handle^[[33m.^[[39m^[[34madopt^[[39m(bad^[[33m,^[[39m owner))^[[33m.^[[39m^[[34mtoThrow^[[39m(^[[36m/stop-position/^[[39m)^[[33m;^[[39m
integration (node 24)	Run npm run test:integration	2026-08-23T00:22:06.5786038Z     ^[[90m   |^[[39m                                            ^[[31m^^[[39m
integration (node 24)	Run npm run test:integration	2026-08-23T00:22:06.5787002Z     ^[[90m 58|^[[39m     handle^[[33m.^[[39m^[[34mdispose^[[39m()^[[33m;^[[39m
integration (node 24)	Run npm run test:integration	2026-08-23T00:22:06.5787696Z     ^[[90m 59|^[[39m   })^[[33m;^[[39m
integration (node 24)	Run npm run test:integration	2026-08-23T00:22:06.5787979Z 
integration (node 24)	Run npm run test:integration	2026-08-23T00:22:06.5788387Z ^[[31m^[[2m⎯⎯⎯⎯⎯⎯⎯⎯⎯⎯⎯⎯⎯⎯⎯⎯⎯⎯⎯⎯⎯[25/124]⎯^[[22m^[[39m
integration (node 24)	Run npm run test:integration	2026-08-23T00:22:06.5788732Z 
integration (node 24)	Run npm run test:integration	2026-08-23T00:22:06.5790457Z ^[[41m^[[1m FAIL ^[[22m^[[49m packages/core/test/integration/handle-adoption.test.ts^[[2m > ^[[22madoption through ProjectHandle (G2)^[[2m > ^[[22madopts a track into an existing motion and receives motion signals
integration (node 24)	Run npm run test:integration	2026-08-23T00:22:06.5793429Z ^[[31m^[[1mTypeError^[[22m: property-stops-wrapper at addTrack(leg).keyframes.x: The { stops: [...] } wrapper is retired; author the stops array directly as the value.^[[39m
integration (node 24)	Run npm run test:integration	2026-08-23T00:22:06.5795537Z ^[[36m ^[[2m❯^[[22m ProjectRuntime.#addTrack packages/core/src/runtime/project-runtime.ts:^[[2m281:13^[[22m^[[39m
integration (node 24)	Run npm run test:integration	2026-08-23T00:22:06.5797094Z     ^[[90m279|^[[39m     const validation = validateTrackDefinition(track, `addTrack(${trac…
integration (node 24)	Run npm run test:integration	2026-08-23T00:22:06.5798491Z     ^[[90m280|^[[39m     ^[[35mif^[[39m (^[[33m!^[[39mvalidation^[[33m.^[[39mvalid ^[[33m||^[[39m ^[[33m!^[[39mvalidation^[[33m.^[[39mvalue)
integration (node 24)	Run npm run test:integration	2026-08-23T00:22:06.5800233Z     ^[[90m281|^[[39m       ^[[35mthrow^[[39m ^[[35mnew^[[39m ^[[33mTypeError^[[39m(^[[34mdescribeDiagnostics^[[39m(validation^[[33m.^[[39mdiagnostics))^[[33m;^[[39m
integration (node 24)	Run npm run test:integration	2026-08-23T00:22:06.5801223Z     ^[[90m   |^[[39m             ^[[31m^^[[39m
integration (node 24)	Run npm run test:integration	2026-08-23T00:22:06.5801774Z     ^[[90m282|^[[39m     ^[[35mconst^[[39m accepted ^[[33m=^[[39m validation^[[33m.^[[39mvalue^[[33m;^[[39m
integration (node 24)	Run npm run test:integration	2026-08-23T00:22:06.5802542Z     ^[[90m283|^[[39m     ^[[35mconst^[[39m token ^[[33m=^[[39m ^[[35mthis^[[39m^[[33m.^[[39m#nextToken^[[33m++^[[39m^[[33m;^[[39m
integration (node 24)	Run npm run test:integration	2026-08-23T00:22:06.5803425Z ^[[90m ^[[2m❯^[[22m ProjectRuntime.adopt packages/core/src/runtime/project-runtime.ts:^[[2m247:25^[[22m^[[39m
integration (node 24)	Run npm run test:integration	2026-08-23T00:22:06.5804151Z ^[[90m ^[[2m❯^[[22m Object.adopt packages/core/src/engine.ts:^[[2m86:47^[[22m^[[39m
integration (node 24)	Run npm run test:integration	2026-08-23T00:22:06.5804846Z ^[[90m ^[[2m❯^[[22m packages/core/test/integration/handle-adoption.test.ts:^[[2m69:28^[[22m^[[39m
integration (node 24)	Run npm run test:integration	2026-08-23T00:22:06.5805200Z 
integration (node 24)	Run npm run test:integration	2026-08-23T00:22:06.5805429Z ^[[31m^[[2m⎯⎯⎯⎯⎯⎯⎯⎯⎯⎯⎯⎯⎯⎯⎯⎯⎯⎯⎯⎯⎯[26/124]⎯^[[22m^[[39m
integration (node 24)	Run npm run test:integration	2026-08-23T00:22:06.5805631Z 
integration (node 24)	Run npm run test:integration	2026-08-23T00:22:06.5806972Z ^[[41m^[[1m FAIL ^[[22m^[[49m packages/core/test/integration/internal-key-strip.test.ts^[[2m > ^[[22minternal keys are stripped once, before publication^[[2m > ^[[22mH-1 keeps a namespaced derived key out of every published surface
integration (node 24)	Run npm run test:integration	2026-08-23T00:22:06.5808574Z ^[[31m^[[1mTypeError^[[22m: property-stops-wrapper at motions[0].tracks[0].keyframes.x: The { stops: [...] } wrapper is retired; author the stops array directly as the value.^[[39m
integration (node 24)	Run npm run test:integration	2026-08-23T00:22:06.5809590Z ^[[36m ^[[2m❯^[[22m assertValidProject packages/core/src/engine.ts:^[[2m101:11^[[22m^[[39m
integration (node 24)	Run npm run test:integration	2026-08-23T00:22:06.5810261Z     ^[[90m 99|^[[39m   ^[[35mconst^[[39m result ^[[33m=^[[39m ^[[34mvalidateV5^[[39m(project)^[[33m;^[[39m
integration (node 24)	Run npm run test:integration	2026-08-23T00:22:06.5811067Z     ^[[90m100|^[[39m   ^[[35mif^[[39m (^[[33m!^[[39mresult^[[33m.^[[39mvalid ^[[33m||^[[39m result^[[33m.^[[39mvalue ^[[33m===^[[39m ^[[35mnull^[[39m)
integration (node 24)	Run npm run test:integration	2026-08-23T00:22:06.5811744Z     ^[[90m101|^[[39m     ^[[35mthrow^[[39m ^[[35mnew^[[39m ^[[33mTypeError^[[39m(
integration (node 24)	Run npm run test:integration	2026-08-23T00:22:06.5812164Z     ^[[90m   |^[[39m           ^[[31m^^[[39m
integration (node 24)	Run npm run test:integration	2026-08-23T00:22:06.5812694Z     ^[[90m102|^[[39m       result^[[33m.^[[39mdiagnostics^[[33m.^[[39mlength ^[[33m===^[[39m ^[[34m0^[[39m
integration (node 24)	Run npm run test:integration	2026-08-23T00:22:06.5813284Z     ^[[90m103|^[[39m         ^[[33m?^[[39m ^[[32m"Project failed v5 validation."^[[39m
integration (node 24)	Run npm run test:integration	2026-08-23T00:22:06.5813891Z ^[[90m ^[[2m❯^[[22m Engine.load packages/core/src/engine.ts:^[[2m170:29^[[22m^[[39m
integration (node 24)	Run npm run test:integration	2026-08-23T00:22:06.5814636Z ^[[90m ^[[2m❯^[[22m load packages/core/test/integration/internal-key-strip.test.ts:^[[2m22:6^[[22m^[[39m
integration (node 24)	Run npm run test:integration	2026-08-23T00:22:06.5815424Z ^[[90m ^[[2m❯^[[22m packages/core/test/integration/internal-key-strip.test.ts:^[[2m42:20^[[22m^[[39m
integration (node 24)	Run npm run test:integration	2026-08-23T00:22:06.5815800Z 
integration (node 24)	Run npm run test:integration	2026-08-23T00:22:06.5816024Z ^[[31m^[[2m⎯⎯⎯⎯⎯⎯⎯⎯⎯⎯⎯⎯⎯⎯⎯⎯⎯⎯⎯⎯⎯[27/124]⎯^[[22m^[[39m
integration (node 24)	Run npm run test:integration	2026-08-23T00:22:06.5816487Z 
integration (node 24)	Run npm run test:integration	2026-08-23T00:22:06.5817548Z ^[[41m^[[1m FAIL ^[[22m^[[49m packages/core/test/integration/internal-key-strip.test.ts^[[2m > ^[[22minternal keys are stripped once, before publication^[[2m > ^[[22mH-2 keeps a declared unprefixed internal key out of the patch
integration (node 24)	Run npm run test:integration	2026-08-23T00:22:06.5819122Z ^[[31m^[[1mTypeError^[[22m: property-stops-wrapper at motions[0].tracks[0].keyframes.x: The { stops: [...] } wrapper is retired; author the stops array directly as the value.^[[39m
integration (node 24)	Run npm run test:integration	2026-08-23T00:22:06.5820107Z ^[[36m ^[[2m❯^[[22m assertValidProject packages/core/src/engine.ts:^[[2m101:11^[[22m^[[39m
integration (node 24)	Run npm run test:integration	2026-08-23T00:22:06.5820762Z     ^[[90m 99|^[[39m   ^[[35mconst^[[39m result ^[[33m=^[[39m ^[[34mvalidateV5^[[39m(project)^[[33m;^[[39m
integration (node 24)	Run npm run test:integration	2026-08-23T00:22:06.5821766Z     ^[[90m100|^[[39m   ^[[35mif^[[39m (^[[33m!^[[39mresult^[[33m.^[[39mvalid ^[[33m||^[[39m result^[[33m.^[[39mvalue ^[[33m===^[[39m ^[[35mnull^[[39m)
integration (node 24)	Run npm run test:integration	2026-08-23T00:22:06.5822580Z     ^[[90m101|^[[39m     ^[[35mthrow^[[39m ^[[35mnew^[[39m ^[[33mTypeError^[[39m(
integration (node 24)	Run npm run test:integration	2026-08-23T00:22:06.5822989Z     ^[[90m   |^[[39m           ^[[31m^^[[39m
integration (node 24)	Run npm run test:integration	2026-08-23T00:22:06.5823497Z     ^[[90m102|^[[39m       result^[[33m.^[[39mdiagnostics^[[33m.^[[39mlength ^[[33m===^[[39m ^[[34m0^[[39m
integration (node 24)	Run npm run test:integration	2026-08-23T00:22:06.5824091Z     ^[[90m103|^[[39m         ^[[33m?^[[39m ^[[32m"Project failed v5 validation."^[[39m
integration (node 24)	Run npm run test:integration	2026-08-23T00:22:06.5824692Z ^[[90m ^[[2m❯^[[22m Engine.load packages/core/src/engine.ts:^[[2m170:29^[[22m^[[39m
integration (node 24)	Run npm run test:integration	2026-08-23T00:22:06.5825425Z ^[[90m ^[[2m❯^[[22m load packages/core/test/integration/internal-key-strip.test.ts:^[[2m22:6^[[22m^[[39m
integration (node 24)	Run npm run test:integration	2026-08-23T00:22:06.5826209Z ^[[90m ^[[2m❯^[[22m packages/core/test/integration/internal-key-strip.test.ts:^[[2m66:20^[[22m^[[39m
integration (node 24)	Run npm run test:integration	2026-08-23T00:22:06.5827154Z 
integration (node 24)	Run npm run test:integration	2026-08-23T00:22:06.5827596Z ^[[31m^[[2m⎯⎯⎯⎯⎯⎯⎯⎯⎯⎯⎯⎯⎯⎯⎯⎯⎯⎯⎯⎯⎯[28/124]⎯^[[22m^[[39m
integration (node 24)	Run npm run test:integration	2026-08-23T00:22:06.5827958Z 
integration (node 24)	Run npm run test:integration	2026-08-23T00:22:06.5829767Z ^[[41m^[[1m FAIL ^[[22m^[[49m packages/core/test/integration/internal-key-strip.test.ts^[[2m > ^[[22minternal keys are stripped once, before publication^[[2m > ^[[22mH-3 still rejects an underscore key returned from compose
integration (node 24)	Run npm run test:integration	2026-08-23T00:22:06.5832545Z ^[[31m^[[1mTypeError^[[22m: property-stops-wrapper at motions[0].tracks[0].keyframes.x: The { stops: [...] } wrapper is retired; author the stops array directly as the value.^[[39m
integration (node 24)	Run npm run test:integration	2026-08-23T00:22:06.5834273Z ^[[36m ^[[2m❯^[[22m assertValidProject packages/core/src/engine.ts:^[[2m101:11^[[22m^[[39m
integration (node 24)	Run npm run test:integration	2026-08-23T00:22:06.5835450Z     ^[[90m 99|^[[39m   ^[[35mconst^[[39m result ^[[33m=^[[39m ^[[34mvalidateV5^[[39m(project)^[[33m;^[[39m
integration (node 24)	Run npm run test:integration	2026-08-23T00:22:06.5837067Z     ^[[90m100|^[[39m   ^[[35mif^[[39m (^[[33m!^[[39mresult^[[33m.^[[39mvalid ^[[33m||^[[39m result^[[33m.^[[39mvalue ^[[33m===^[[39m ^[[35mnull^[[39m)
integration (node 24)	Run npm run test:integration	2026-08-23T00:22:06.5838267Z     ^[[90m101|^[[39m     ^[[35mthrow^[[39m ^[[35mnew^[[39m ^[[33mTypeError^[[39m(
integration (node 24)	Run npm run test:integration	2026-08-23T00:22:06.5839008Z     ^[[90m   |^[[39m           ^[[31m^^[[39m
integration (node 24)	Run npm run test:integration	2026-08-23T00:22:06.5839914Z     ^[[90m102|^[[39m       result^[[33m.^[[39mdiagnostics^[[33m.^[[39mlength ^[[33m===^[[39m ^[[34m0^[[39m
integration (node 24)	Run npm run test:integration	2026-08-23T00:22:06.5840967Z     ^[[90m103|^[[39m         ^[[33m?^[[39m ^[[32m"Project failed v5 validation."^[[39m
integration (node 24)	Run npm run test:integration	2026-08-23T00:22:06.5842030Z ^[[90m ^[[2m❯^[[22m Engine.load packages/core/src/engine.ts:^[[2m170:29^[[22m^[[39m
integration (node 24)	Run npm run test:integration	2026-08-23T00:22:06.5843330Z ^[[90m ^[[2m❯^[[22m load packages/core/test/integration/internal-key-strip.test.ts:^[[2m22:6^[[22m^[[39m
integration (node 24)	Run npm run test:integration	2026-08-23T00:22:06.5844727Z ^[[90m ^[[2m❯^[[22m packages/core/test/integration/internal-key-strip.test.ts:^[[2m84:20^[[22m^[[39m
integration (node 24)	Run npm run test:integration	2026-08-23T00:22:06.5845349Z 
integration (node 24)	Run npm run test:integration	2026-08-23T00:22:06.5845747Z ^[[31m^[[2m⎯⎯⎯⎯⎯⎯⎯⎯⎯⎯⎯⎯⎯⎯⎯⎯⎯⎯⎯⎯⎯[29/124]⎯^[[22m^[[39m
integration (node 24)	Run npm run test:integration	2026-08-23T00:22:06.5846092Z 
integration (node 24)	Run npm run test:integration	2026-08-23T00:22:06.5848171Z ^[[41m^[[1m FAIL ^[[22m^[[49m packages/core/test/integration/issue-114-motion-track-regressions.test.ts^[[2m > ^[[22missue 114: Motion-owned Track replacement^[[2m > ^[[22mdoes not drive the disposed Track after direct replacement
integration (node 24)	Run npm run test:integration	2026-08-23T00:22:06.5851004Z ^[[31m^[[1mTypeError^[[22m: property-stops-wrapper at motions[0].tracks[0].keyframes.x: The { stops: [...] } wrapper is retired; author the stops array directly as the value.^[[39m
integration (node 24)	Run npm run test:integration	2026-08-23T00:22:06.5852734Z ^[[36m ^[[2m❯^[[22m assertValidProject packages/core/src/engine.ts:^[[2m101:11^[[22m^[[39m
integration (node 24)	Run npm run test:integration	2026-08-23T00:22:06.5853900Z     ^[[90m 99|^[[39m   ^[[35mconst^[[39m result ^[[33m=^[[39m ^[[34mvalidateV5^[[39m(project)^[[33m;^[[39m
integration (node 24)	Run npm run test:integration	2026-08-23T00:22:06.5855318Z     ^[[90m100|^[[39m   ^[[35mif^[[39m (^[[33m!^[[39mresult^[[33m.^[[39mvalid ^[[33m||^[[39m result^[[33m.^[[39mvalue ^[[33m===^[[39m ^[[35mnull^[[39m)
integration (node 24)	Run npm run test:integration	2026-08-23T00:22:06.5856656Z     ^[[90m101|^[[39m     ^[[35mthrow^[[39m ^[[35mnew^[[39m ^[[33mTypeError^[[39m(
integration (node 24)	Run npm run test:integration	2026-08-23T00:22:06.5857390Z     ^[[90m   |^[[39m           ^[[31m^^[[39m
integration (node 24)	Run npm run test:integration	2026-08-23T00:22:06.5858331Z     ^[[90m102|^[[39m       result^[[33m.^[[39mdiagnostics^[[33m.^[[39mlength ^[[33m===^[[39m ^[[34m0^[[39m
integration (node 24)	Run npm run test:integration	2026-08-23T00:22:06.5859384Z     ^[[90m103|^[[39m         ^[[33m?^[[39m ^[[32m"Project failed v5 validation."^[[39m
integration (node 24)	Run npm run test:integration	2026-08-23T00:22:06.5860683Z ^[[90m ^[[2m❯^[[22m Engine.load packages/core/src/engine.ts:^[[2m170:29^[[22m^[[39m
integration (node 24)	Run npm run test:integration	2026-08-23T00:22:06.5862401Z ^[[90m ^[[2m❯^[[22m load packages/core/test/integration/issue-114-motion-track-regressions.test.ts:^[[2m21:91^[[22m^[[39m
integration (node 24)	Run npm run test:integration	2026-08-23T00:22:06.5864115Z ^[[90m ^[[2m❯^[[22m packages/core/test/integration/issue-114-motion-track-regressions.test.ts:^[[2m41:42^[[22m^[[39m
integration (node 24)	Run npm run test:integration	2026-08-23T00:22:06.5864854Z 
integration (node 24)	Run npm run test:integration	2026-08-23T00:22:06.5865251Z ^[[31m^[[2m⎯⎯⎯⎯⎯⎯⎯⎯⎯⎯⎯⎯⎯⎯⎯⎯⎯⎯⎯⎯⎯[30/124]⎯^[[22m^[[39m
integration (node 24)	Run npm run test:integration	2026-08-23T00:22:06.5865597Z 
integration (node 24)	Run npm run test:integration	2026-08-23T00:22:06.5867532Z ^[[41m^[[1m FAIL ^[[22m^[[49m packages/core/test/integration/issue-114-motion-track-regressions.test.ts^[[2m > ^[[22missue 114: Motion-owned Track replacement^[[2m > ^[[22mpreserves current progress when replacing
integration (node 24)	Run npm run test:integration	2026-08-23T00:22:06.5870285Z ^[[31m^[[1mTypeError^[[22m: property-stops-wrapper at motions[0].tracks[0].keyframes.x: The { stops: [...] } wrapper is retired; author the stops array directly as the value.^[[39m
integration (node 24)	Run npm run test:integration	2026-08-23T00:22:06.5872018Z ^[[36m ^[[2m❯^[[22m assertValidProject packages/core/src/engine.ts:^[[2m101:11^[[22m^[[39m
integration (node 24)	Run npm run test:integration	2026-08-23T00:22:06.5873198Z     ^[[90m 99|^[[39m   ^[[35mconst^[[39m result ^[[33m=^[[39m ^[[34mvalidateV5^[[39m(project)^[[33m;^[[39m
integration (node 24)	Run npm run test:integration	2026-08-23T00:22:06.5874613Z     ^[[90m100|^[[39m   ^[[35mif^[[39m (^[[33m!^[[39mresult^[[33m.^[[39mvalid ^[[33m||^[[39m result^[[33m.^[[39mvalue ^[[33m===^[[39m ^[[35mnull^[[39m)
integration (node 24)	Run npm run test:integration	2026-08-23T00:22:06.5875776Z     ^[[90m101|^[[39m     ^[[35mthrow^[[39m ^[[35mnew^[[39m ^[[33mTypeError^[[39m(
integration (node 24)	Run npm run test:integration	2026-08-23T00:22:06.5876669Z     ^[[90m   |^[[39m           ^[[31m^^[[39m
integration (node 24)	Run npm run test:integration	2026-08-23T00:22:06.5877573Z     ^[[90m102|^[[39m       result^[[33m.^[[39mdiagnostics^[[33m.^[[39mlength ^[[33m===^[[39m ^[[34m0^[[39m
integration (node 24)	Run npm run test:integration	2026-08-23T00:22:06.5878607Z     ^[[90m103|^[[39m         ^[[33m?^[[39m ^[[32m"Project failed v5 validation."^[[39m
integration (node 24)	Run npm run test:integration	2026-08-23T00:22:06.5879671Z ^[[90m ^[[2m❯^[[22m Engine.load packages/core/src/engine.ts:^[[2m170:29^[[22m^[[39m
integration (node 24)	Run npm run test:integration	2026-08-23T00:22:06.5881130Z ^[[90m ^[[2m❯^[[22m load packages/core/test/integration/issue-114-motion-track-regressions.test.ts:^[[2m21:91^[[22m^[[39m
integration (node 24)	Run npm run test:integration	2026-08-23T00:22:06.5882825Z ^[[90m ^[[2m❯^[[22m packages/core/test/integration/issue-114-motion-track-regressions.test.ts:^[[2m56:42^[[22m^[[39m
integration (node 24)	Run npm run test:integration	2026-08-23T00:22:06.5883571Z 
integration (node 24)	Run npm run test:integration	2026-08-23T00:22:06.5883964Z ^[[31m^[[2m⎯⎯⎯⎯⎯⎯⎯⎯⎯⎯⎯⎯⎯⎯⎯⎯⎯⎯⎯⎯⎯[31/124]⎯^[[22m^[[39m
integration (node 24)	Run npm run test:integration	2026-08-23T00:22:06.5884305Z 
integration (node 24)	Run npm run test:integration	2026-08-23T00:22:06.5887012Z ^[[41m^[[1m FAIL ^[[22m^[[49m packages/core/test/integration/issue-114-motion-track-regressions.test.ts^[[2m > ^[[22missue 114: Motion-owned Track replacement^[[2m > ^[[22mpreserves the original array index and stagger timing
integration (node 24)	Run npm run test:integration	2026-08-23T00:22:06.5892331Z ^[[31m^[[1mTypeError^[[22m: property-stops-wrapper at motions[0].tracks[0].keyframes.x: The { stops: [...] } wrapper is retired; author the stops array directly as the value. property-stops-wrapper at motions[0].tracks[1].keyframes.x: The { stops: [...] } wrapper is retired; author the stops array directly as the value. property-stops-wrapper at motions[0].tracks[2].keyframes.x: The { stops: [...] } wrapper is retired; author the stops array directly as the value.^[[39m
integration (node 24)	Run npm run test:integration	2026-08-23T00:22:06.5895196Z ^[[36m ^[[2m❯^[[22m assertValidProject packages/core/src/engine.ts:^[[2m101:11^[[22m^[[39m
integration (node 24)	Run npm run test:integration	2026-08-23T00:22:06.5895902Z     ^[[90m 99|^[[39m   ^[[35mconst^[[39m result ^[[33m=^[[39m ^[[34mvalidateV5^[[39m(project)^[[33m;^[[39m
integration (node 24)	Run npm run test:integration	2026-08-23T00:22:06.5897292Z     ^[[90m100|^[[39m   ^[[35mif^[[39m (^[[33m!^[[39mresult^[[33m.^[[39mvalid ^[[33m||^[[39m result^[[33m.^[[39mvalue ^[[33m===^[[39m ^[[35mnull^[[39m)
integration (node 24)	Run npm run test:integration	2026-08-23T00:22:06.5898401Z     ^[[90m101|^[[39m     ^[[35mthrow^[[39m ^[[35mnew^[[39m ^[[33mTypeError^[[39m(
integration (node 24)	Run npm run test:integration	2026-08-23T00:22:06.5899139Z     ^[[90m   |^[[39m           ^[[31m^^[[39m
integration (node 24)	Run npm run test:integration	2026-08-23T00:22:06.5899971Z     ^[[90m102|^[[39m       result^[[33m.^[[39mdiagnostics^[[33m.^[[39mlength ^[[33m===^[[39m ^[[34m0^[[39m
integration (node 24)	Run npm run test:integration	2026-08-23T00:22:06.5900768Z     ^[[90m103|^[[39m         ^[[33m?^[[39m ^[[32m"Project failed v5 validation."^[[39m
integration (node 24)	Run npm run test:integration	2026-08-23T00:22:06.5901418Z ^[[90m ^[[2m❯^[[22m Engine.load packages/core/src/engine.ts:^[[2m170:29^[[22m^[[39m
integration (node 24)	Run npm run test:integration	2026-08-23T00:22:06.5902253Z ^[[90m ^[[2m❯^[[22m load packages/core/test/integration/issue-114-motion-track-regressions.test.ts:^[[2m21:91^[[22m^[[39m
integration (node 24)	Run npm run test:integration	2026-08-23T00:22:06.5903459Z ^[[90m ^[[2m❯^[[22m packages/core/test/integration/issue-114-motion-track-regressions.test.ts:^[[2m72:42^[[22m^[[39m
integration (node 24)	Run npm run test:integration	2026-08-23T00:22:06.5904014Z 
integration (node 24)	Run npm run test:integration	2026-08-23T00:22:06.5904254Z ^[[31m^[[2m⎯⎯⎯⎯⎯⎯⎯⎯⎯⎯⎯⎯⎯⎯⎯⎯⎯⎯⎯⎯⎯[32/124]⎯^[[22m^[[39m
integration (node 24)	Run npm run test:integration	2026-08-23T00:22:06.5904466Z 
integration (node 24)	Run npm run test:integration	2026-08-23T00:22:06.5905461Z ^[[41m^[[1m FAIL ^[[22m^[[49m packages/core/test/integration/issue-114-motion-track-regressions.test.ts^[[2m > ^[[22missue 114: Motion-owned Track replacement^[[2m > ^[[22mkeeps sibling progress healthy after replacement
integration (node 24)	Run npm run test:integration	2026-08-23T00:22:06.5907913Z ^[[31m^[[1mTypeError^[[22m: property-stops-wrapper at motions[0].tracks[0].keyframes.x: The { stops: [...] } wrapper is retired; author the stops array directly as the value. property-stops-wrapper at motions[0].tracks[1].keyframes.x: The { stops: [...] } wrapper is retired; author the stops array directly as the value.^[[39m
integration (node 24)	Run npm run test:integration	2026-08-23T00:22:06.5909390Z ^[[36m ^[[2m❯^[[22m assertValidProject packages/core/src/engine.ts:^[[2m101:11^[[22m^[[39m
integration (node 24)	Run npm run test:integration	2026-08-23T00:22:06.5910085Z     ^[[90m 99|^[[39m   ^[[35mconst^[[39m result ^[[33m=^[[39m ^[[34mvalidateV5^[[39m(project)^[[33m;^[[39m
integration (node 24)	Run npm run test:integration	2026-08-23T00:22:06.5910907Z     ^[[90m100|^[[39m   ^[[35mif^[[39m (^[[33m!^[[39mresult^[[33m.^[[39mvalid ^[[33m||^[[39m result^[[33m.^[[39mvalue ^[[33m===^[[39m ^[[35mnull^[[39m)
integration (node 24)	Run npm run test:integration	2026-08-23T00:22:06.5911579Z     ^[[90m101|^[[39m     ^[[35mthrow^[[39m ^[[35mnew^[[39m ^[[33mTypeError^[[39m(
integration (node 24)	Run npm run test:integration	2026-08-23T00:22:06.5912010Z     ^[[90m   |^[[39m           ^[[31m^^[[39m
integration (node 24)	Run npm run test:integration	2026-08-23T00:22:06.5912523Z     ^[[90m102|^[[39m       result^[[33m.^[[39mdiagnostics^[[33m.^[[39mlength ^[[33m===^[[39m ^[[34m0^[[39m
integration (node 24)	Run npm run test:integration	2026-08-23T00:22:06.5913124Z     ^[[90m103|^[[39m         ^[[33m?^[[39m ^[[32m"Project failed v5 validation."^[[39m
integration (node 24)	Run npm run test:integration	2026-08-23T00:22:06.5913731Z ^[[90m ^[[2m❯^[[22m Engine.load packages/core/src/engine.ts:^[[2m170:29^[[22m^[[39m
integration (node 24)	Run npm run test:integration	2026-08-23T00:22:06.5914554Z ^[[90m ^[[2m❯^[[22m load packages/core/test/integration/issue-114-motion-track-regressions.test.ts:^[[2m21:91^[[22m^[[39m
integration (node 24)	Run npm run test:integration	2026-08-23T00:22:06.5915511Z ^[[90m ^[[2m❯^[[22m packages/core/test/integration/issue-114-motion-track-regressions.test.ts:^[[2m86:35^[[22m^[[39m
integration (node 24)	Run npm run test:integration	2026-08-23T00:22:06.5915950Z 
integration (node 24)	Run npm run test:integration	2026-08-23T00:22:06.5916182Z ^[[31m^[[2m⎯⎯⎯⎯⎯⎯⎯⎯⎯⎯⎯⎯⎯⎯⎯⎯⎯⎯⎯⎯⎯[33/124]⎯^[[22m^[[39m
integration (node 24)	Run npm run test:integration	2026-08-23T00:22:06.5916519Z 
integration (node 24)	Run npm run test:integration	2026-08-23T00:22:06.5917776Z ^[[41m^[[1m FAIL ^[[22m^[[49m packages/core/test/integration/issue-114-motion-track-regressions.test.ts^[[2m > ^[[22missue 114: Motion-owned Track replacement^[[2m > ^[[22mkeeps the observation replacement path live
integration (node 24)	Run npm run test:integration	2026-08-23T00:22:06.5920235Z ^[[31m^[[1mTypeError^[[22m: property-stops-wrapper at motions[0].tracks[0].keyframes.x: The { stops: [...] } wrapper is retired; author the stops array directly as the value. property-stops-wrapper at motions[0].tracks[1].keyframes.x: The { stops: [...] } wrapper is retired; author the stops array directly as the value.^[[39m
integration (node 24)	Run npm run test:integration	2026-08-23T00:22:06.5921701Z ^[[36m ^[[2m❯^[[22m assertValidProject packages/core/src/engine.ts:^[[2m101:11^[[22m^[[39m
integration (node 24)	Run npm run test:integration	2026-08-23T00:22:06.5922366Z     ^[[90m 99|^[[39m   ^[[35mconst^[[39m result ^[[33m=^[[39m ^[[34mvalidateV5^[[39m(project)^[[33m;^[[39m
integration (node 24)	Run npm run test:integration	2026-08-23T00:22:06.5923350Z     ^[[90m100|^[[39m   ^[[35mif^[[39m (^[[33m!^[[39mresult^[[33m.^[[39mvalid ^[[33m||^[[39m result^[[33m.^[[39mvalue ^[[33m===^[[39m ^[[35mnull^[[39m)
integration (node 24)	Run npm run test:integration	2026-08-23T00:22:06.5924153Z     ^[[90m101|^[[39m     ^[[35mthrow^[[39m ^[[35mnew^[[39m ^[[33mTypeError^[[39m(
integration (node 24)	Run npm run test:integration	2026-08-23T00:22:06.5924568Z     ^[[90m   |^[[39m           ^[[31m^^[[39m
integration (node 24)	Run npm run test:integration	2026-08-23T00:22:06.5925084Z     ^[[90m102|^[[39m       result^[[33m.^[[39mdiagnostics^[[33m.^[[39mlength ^[[33m===^[[39m ^[[34m0^[[39m
integration (node 24)	Run npm run test:integration	2026-08-23T00:22:06.5925677Z     ^[[90m103|^[[39m         ^[[33m?^[[39m ^[[32m"Project failed v5 validation."^[[39m
integration (node 24)	Run npm run test:integration	2026-08-23T00:22:06.5926467Z ^[[90m ^[[2m❯^[[22m Engine.load packages/core/src/engine.ts:^[[2m170:29^[[22m^[[39m
integration (node 24)	Run npm run test:integration	2026-08-23T00:22:06.5927322Z ^[[90m ^[[2m❯^[[22m load packages/core/test/integration/issue-114-motion-track-regressions.test.ts:^[[2m21:91^[[22m^[[39m
integration (node 24)	Run npm run test:integration	2026-08-23T00:22:06.5928280Z ^[[90m ^[[2m❯^[[22m packages/core/test/integration/issue-114-motion-track-regressions.test.ts:^[[2m103:35^[[22m^[[39m
integration (node 24)	Run npm run test:integration	2026-08-23T00:22:06.5928721Z 
integration (node 24)	Run npm run test:integration	2026-08-23T00:22:06.5928958Z ^[[31m^[[2m⎯⎯⎯⎯⎯⎯⎯⎯⎯⎯⎯⎯⎯⎯⎯⎯⎯⎯⎯⎯⎯[34/124]⎯^[[22m^[[39m
integration (node 24)	Run npm run test:integration	2026-08-23T00:22:06.5929157Z 
integration (node 24)	Run npm run test:integration	2026-08-23T00:22:06.5930143Z ^[[41m^[[1m FAIL ^[[22m^[[49m packages/core/test/integration/keyframe-groups.test.ts^[[2m > ^[[22mplugin-named authored keyframe groups^[[2m > ^[[22mF-10 interpolates grouped leaves without renaming the owning plugin
integration (node 24)	Run npm run test:integration	2026-08-23T00:22:06.5932594Z ^[[31m^[[1mTypeError^[[22m: property-stops-wrapper at motions[0].tracks[0].keyframes.fk.values.boneLength: The { stops: [...] } wrapper is retired; author the stops array directly as the value. property-stops-wrapper at motions[0].tracks[0].keyframes.fk.values.boneRotation: The { stops: [...] } wrapper is retired; author the stops array directly as the value.^[[39m
integration (node 24)	Run npm run test:integration	2026-08-23T00:22:06.5934211Z ^[[36m ^[[2m❯^[[22m assertValidProject packages/core/src/engine.ts:^[[2m101:11^[[22m^[[39m
integration (node 24)	Run npm run test:integration	2026-08-23T00:22:06.5934877Z     ^[[90m 99|^[[39m   ^[[35mconst^[[39m result ^[[33m=^[[39m ^[[34mvalidateV5^[[39m(project)^[[33m;^[[39m
integration (node 24)	Run npm run test:integration	2026-08-23T00:22:06.5935694Z     ^[[90m100|^[[39m   ^[[35mif^[[39m (^[[33m!^[[39mresult^[[33m.^[[39mvalid ^[[33m||^[[39m result^[[33m.^[[39mvalue ^[[33m===^[[39m ^[[35mnull^[[39m)
integration (node 24)	Run npm run test:integration	2026-08-23T00:22:06.5936517Z     ^[[90m101|^[[39m     ^[[35mthrow^[[39m ^[[35mnew^[[39m ^[[33mTypeError^[[39m(
integration (node 24)	Run npm run test:integration	2026-08-23T00:22:06.5936937Z     ^[[90m   |^[[39m           ^[[31m^^[[39m
integration (node 24)	Run npm run test:integration	2026-08-23T00:22:06.5937450Z     ^[[90m102|^[[39m       result^[[33m.^[[39mdiagnostics^[[33m.^[[39mlength ^[[33m===^[[39m ^[[34m0^[[39m
integration (node 24)	Run npm run test:integration	2026-08-23T00:22:06.5938038Z     ^[[90m103|^[[39m         ^[[33m?^[[39m ^[[32m"Project failed v5 validation."^[[39m
integration (node 24)	Run npm run test:integration	2026-08-23T00:22:06.5938639Z ^[[90m ^[[2m❯^[[22m Engine.load packages/core/src/engine.ts:^[[2m170:29^[[22m^[[39m
integration (node 24)	Run npm run test:integration	2026-08-23T00:22:06.5939361Z ^[[90m ^[[2m❯^[[22m load packages/core/test/integration/keyframe-groups.test.ts:^[[2m50:6^[[22m^[[39m
integration (node 24)	Run npm run test:integration	2026-08-23T00:22:06.5940119Z ^[[90m ^[[2m❯^[[22m packages/core/test/integration/keyframe-groups.test.ts:^[[2m56:20^[[22m^[[39m
integration (node 24)	Run npm run test:integration	2026-08-23T00:22:06.5940462Z 
integration (node 24)	Run npm run test:integration	2026-08-23T00:22:06.5940686Z ^[[31m^[[2m⎯⎯⎯⎯⎯⎯⎯⎯⎯⎯⎯⎯⎯⎯⎯⎯⎯⎯⎯⎯⎯[35/124]⎯^[[22m^[[39m
integration (node 24)	Run npm run test:integration	2026-08-23T00:22:06.5940892Z 
integration (node 24)	Run npm run test:integration	2026-08-23T00:22:06.5941897Z ^[[41m^[[1m FAIL ^[[22m^[[49m packages/core/test/integration/keyframe-groups.test.ts^[[2m > ^[[22mplugin-named authored keyframe groups^[[2m > ^[[22mF-11 interpolates a grouped track when the Engine has no plugin registry
integration (node 24)	Run npm run test:integration	2026-08-23T00:22:06.5943565Z ^[[31m^[[1mTypeError^[[22m: property-stops-wrapper at motions[0].tracks[0].keyframes.fk.values.boneLength: The { stops: [...] } wrapper is retired; author the stops array directly as the value.^[[39m
integration (node 24)	Run npm run test:integration	2026-08-23T00:22:06.5944627Z ^[[36m ^[[2m❯^[[22m assertValidProject packages/core/src/engine.ts:^[[2m101:11^[[22m^[[39m
integration (node 24)	Run npm run test:integration	2026-08-23T00:22:06.5945286Z     ^[[90m 99|^[[39m   ^[[35mconst^[[39m result ^[[33m=^[[39m ^[[34mvalidateV5^[[39m(project)^[[33m;^[[39m
integration (node 24)	Run npm run test:integration	2026-08-23T00:22:06.5946084Z     ^[[90m100|^[[39m   ^[[35mif^[[39m (^[[33m!^[[39mresult^[[33m.^[[39mvalid ^[[33m||^[[39m result^[[33m.^[[39mvalue ^[[33m===^[[39m ^[[35mnull^[[39m)
integration (node 24)	Run npm run test:integration	2026-08-23T00:22:06.5947168Z     ^[[90m101|^[[39m     ^[[35mthrow^[[39m ^[[35mnew^[[39m ^[[33mTypeError^[[39m(
integration (node 24)	Run npm run test:integration	2026-08-23T00:22:06.5948017Z     ^[[90m   |^[[39m           ^[[31m^^[[39m
integration (node 24)	Run npm run test:integration	2026-08-23T00:22:06.5948561Z     ^[[90m102|^[[39m       result^[[33m.^[[39mdiagnostics^[[33m.^[[39mlength ^[[33m===^[[39m ^[[34m0^[[39m
integration (node 24)	Run npm run test:integration	2026-08-23T00:22:06.5949297Z     ^[[90m103|^[[39m         ^[[33m?^[[39m ^[[32m"Project failed v5 validation."^[[39m
integration (node 24)	Run npm run test:integration	2026-08-23T00:22:06.5949917Z ^[[90m ^[[2m❯^[[22m Engine.load packages/core/src/engine.ts:^[[2m170:29^[[22m^[[39m
integration (node 24)	Run npm run test:integration	2026-08-23T00:22:06.5950635Z ^[[90m ^[[2m❯^[[22m load packages/core/test/integration/keyframe-groups.test.ts:^[[2m50:6^[[22m^[[39m
integration (node 24)	Run npm run test:integration	2026-08-23T00:22:06.5951390Z ^[[90m ^[[2m❯^[[22m packages/core/test/integration/keyframe-groups.test.ts:^[[2m70:20^[[22m^[[39m
integration (node 24)	Run npm run test:integration	2026-08-23T00:22:06.5951733Z 
integration (node 24)	Run npm run test:integration	2026-08-23T00:22:06.5951959Z ^[[31m^[[2m⎯⎯⎯⎯⎯⎯⎯⎯⎯⎯⎯⎯⎯⎯⎯⎯⎯⎯⎯⎯⎯[36/124]⎯^[[22m^[[39m
integration (node 24)	Run npm run test:integration	2026-08-23T00:22:06.5952162Z 
integration (node 24)	Run npm run test:integration	2026-08-23T00:22:06.5953126Z ^[[41m^[[1m FAIL ^[[22m^[[49m packages/core/test/integration/keyframe-groups.test.ts^[[2m > ^[[22mplugin-named authored keyframe groups^[[2m > ^[[22mF-12 publishes identical values for the flat and grouped spellings
integration (node 24)	Run npm run test:integration	2026-08-23T00:22:06.5954711Z ^[[31m^[[1mTypeError^[[22m: property-stops-wrapper at motions[0].tracks[0].keyframes.boneLength: The { stops: [...] } wrapper is retired; author the stops array directly as the value.^[[39m
integration (node 24)	Run npm run test:integration	2026-08-23T00:22:06.5955745Z ^[[36m ^[[2m❯^[[22m assertValidProject packages/core/src/engine.ts:^[[2m101:11^[[22m^[[39m
integration (node 24)	Run npm run test:integration	2026-08-23T00:22:06.5956571Z     ^[[90m 99|^[[39m   ^[[35mconst^[[39m result ^[[33m=^[[39m ^[[34mvalidateV5^[[39m(project)^[[33m;^[[39m
integration (node 24)	Run npm run test:integration	2026-08-23T00:22:06.5957380Z     ^[[90m100|^[[39m   ^[[35mif^[[39m (^[[33m!^[[39mresult^[[33m.^[[39mvalid ^[[33m||^[[39m result^[[33m.^[[39mvalue ^[[33m===^[[39m ^[[35mnull^[[39m)
integration (node 24)	Run npm run test:integration	2026-08-23T00:22:06.5958056Z     ^[[90m101|^[[39m     ^[[35mthrow^[[39m ^[[35mnew^[[39m ^[[33mTypeError^[[39m(
integration (node 24)	Run npm run test:integration	2026-08-23T00:22:06.5958461Z     ^[[90m   |^[[39m           ^[[31m^^[[39m
integration (node 24)	Run npm run test:integration	2026-08-23T00:22:06.5958968Z     ^[[90m102|^[[39m       result^[[33m.^[[39mdiagnostics^[[33m.^[[39mlength ^[[33m===^[[39m ^[[34m0^[[39m
integration (node 24)	Run npm run test:integration	2026-08-23T00:22:06.5959562Z     ^[[90m103|^[[39m         ^[[33m?^[[39m ^[[32m"Project failed v5 validation."^[[39m
integration (node 24)	Run npm run test:integration	2026-08-23T00:22:06.5960180Z ^[[90m ^[[2m❯^[[22m Engine.load packages/core/src/engine.ts:^[[2m170:29^[[22m^[[39m
integration (node 24)	Run npm run test:integration	2026-08-23T00:22:06.5960887Z ^[[90m ^[[2m❯^[[22m load packages/core/test/integration/keyframe-groups.test.ts:^[[2m50:6^[[22m^[[39m
integration (node 24)	Run npm run test:integration	2026-08-23T00:22:06.5961638Z ^[[90m ^[[2m❯^[[22m packages/core/test/integration/keyframe-groups.test.ts:^[[2m81:18^[[22m^[[39m
integration (node 24)	Run npm run test:integration	2026-08-23T00:22:06.5962023Z 
integration (node 24)	Run npm run test:integration	2026-08-23T00:22:06.5962244Z ^[[31m^[[2m⎯⎯⎯⎯⎯⎯⎯⎯⎯⎯⎯⎯⎯⎯⎯⎯⎯⎯⎯⎯⎯[37/124]⎯^[[22m^[[39m
integration (node 24)	Run npm run test:integration	2026-08-23T00:22:06.5962444Z 
integration (node 24)	Run npm run test:integration	2026-08-23T00:22:06.5963471Z ^[[41m^[[1m FAIL ^[[22m^[[49m packages/core/test/integration/motion-trigger-types.test.ts^[[2m > ^[[22mMotion trigger types and clock ownership^[[2m > ^[[22mT-11 gives each trigger type its own input path instead of the manual one
integration (node 24)	Run npm run test:integration	2026-08-23T00:22:06.5965038Z ^[[31m^[[1mTypeError^[[22m: property-stops-wrapper at motions[0].tracks[0].keyframes.x: The { stops: [...] } wrapper is retired; author the stops array directly as the value.^[[39m
integration (node 24)	Run npm run test:integration	2026-08-23T00:22:06.5966010Z ^[[36m ^[[2m❯^[[22m assertValidProject packages/core/src/engine.ts:^[[2m101:11^[[22m^[[39m
integration (node 24)	Run npm run test:integration	2026-08-23T00:22:06.5967014Z     ^[[90m 99|^[[39m   ^[[35mconst^[[39m result ^[[33m=^[[39m ^[[34mvalidateV5^[[39m(project)^[[33m;^[[39m
integration (node 24)	Run npm run test:integration	2026-08-23T00:22:06.5968522Z     ^[[90m100|^[[39m   ^[[35mif^[[39m (^[[33m!^[[39mresult^[[33m.^[[39mvalid ^[[33m||^[[39m result^[[33m.^[[39mvalue ^[[33m===^[[39m ^[[35mnull^[[39m)
integration (node 24)	Run npm run test:integration	2026-08-23T00:22:06.5969752Z     ^[[90m101|^[[39m     ^[[35mthrow^[[39m ^[[35mnew^[[39m ^[[33mTypeError^[[39m(
integration (node 24)	Run npm run test:integration	2026-08-23T00:22:06.5970468Z     ^[[90m   |^[[39m           ^[[31m^^[[39m
integration (node 24)	Run npm run test:integration	2026-08-23T00:22:06.5971372Z     ^[[90m102|^[[39m       result^[[33m.^[[39mdiagnostics^[[33m.^[[39mlength ^[[33m===^[[39m ^[[34m0^[[39m
integration (node 24)	Run npm run test:integration	2026-08-23T00:22:06.5972414Z     ^[[90m103|^[[39m         ^[[33m?^[[39m ^[[32m"Project failed v5 validation."^[[39m
integration (node 24)	Run npm run test:integration	2026-08-23T00:22:06.5973467Z ^[[90m ^[[2m❯^[[22m Engine.load packages/core/src/engine.ts:^[[2m170:29^[[22m^[[39m
integration (node 24)	Run npm run test:integration	2026-08-23T00:22:06.5974810Z ^[[90m ^[[2m❯^[[22m loadOne packages/core/test/integration/motion-trigger-types.test.ts:^[[2m64:6^[[22m^[[39m
integration (node 24)	Run npm run test:integration	2026-08-23T00:22:06.5976765Z ^[[90m ^[[2m❯^[[22m packages/core/test/integration/motion-trigger-types.test.ts:^[[2m104:44^[[22m^[[39m
integration (node 24)	Run npm run test:integration	2026-08-23T00:22:06.5977421Z 
integration (node 24)	Run npm run test:integration	2026-08-23T00:22:06.5977827Z ^[[31m^[[2m⎯⎯⎯⎯⎯⎯⎯⎯⎯⎯⎯⎯⎯⎯⎯⎯⎯⎯⎯⎯⎯[38/124]⎯^[[22m^[[39m
integration (node 24)	Run npm run test:integration	2026-08-23T00:22:06.5978368Z 
integration (node 24)	Run npm run test:integration	2026-08-23T00:22:06.5980228Z ^[[41m^[[1m FAIL ^[[22m^[[49m packages/core/test/integration/motion-trigger-types.test.ts^[[2m > ^[[22mMotion trigger types and clock ownership^[[2m > ^[[22mT-12 lets seek scrub a driver-backed node and lets the driver overwrite it
integration (node 24)	Run npm run test:integration	2026-08-23T00:22:06.5983006Z ^[[31m^[[1mTypeError^[[22m: property-stops-wrapper at motions[0].tracks[0].keyframes.x: The { stops: [...] } wrapper is retired; author the stops array directly as the value.^[[39m
integration (node 24)	Run npm run test:integration	2026-08-23T00:22:06.5984735Z ^[[36m ^[[2m❯^[[22m assertValidProject packages/core/src/engine.ts:^[[2m101:11^[[22m^[[39m
integration (node 24)	Run npm run test:integration	2026-08-23T00:22:06.5985904Z     ^[[90m 99|^[[39m   ^[[35mconst^[[39m result ^[[33m=^[[39m ^[[34mvalidateV5^[[39m(project)^[[33m;^[[39m
integration (node 24)	Run npm run test:integration	2026-08-23T00:22:06.5987511Z     ^[[90m100|^[[39m   ^[[35mif^[[39m (^[[33m!^[[39mresult^[[33m.^[[39mvalid ^[[33m||^[[39m result^[[33m.^[[39mvalue ^[[33m===^[[39m ^[[35mnull^[[39m)
integration (node 24)	Run npm run test:integration	2026-08-23T00:22:06.5988700Z     ^[[90m101|^[[39m     ^[[35mthrow^[[39m ^[[35mnew^[[39m ^[[33mTypeError^[[39m(
integration (node 24)	Run npm run test:integration	2026-08-23T00:22:06.5989426Z     ^[[90m   |^[[39m           ^[[31m^^[[39m
integration (node 24)	Run npm run test:integration	2026-08-23T00:22:06.5990321Z     ^[[90m102|^[[39m       result^[[33m.^[[39mdiagnostics^[[33m.^[[39mlength ^[[33m===^[[39m ^[[34m0^[[39m
integration (node 24)	Run npm run test:integration	2026-08-23T00:22:06.5991351Z     ^[[90m103|^[[39m         ^[[33m?^[[39m ^[[32m"Project failed v5 validation."^[[39m
integration (node 24)	Run npm run test:integration	2026-08-23T00:22:06.5992458Z ^[[90m ^[[2m❯^[[22m Engine.load packages/core/src/engine.ts:^[[2m170:29^[[22m^[[39m
integration (node 24)	Run npm run test:integration	2026-08-23T00:22:06.5993799Z ^[[90m ^[[2m❯^[[22m loadOne packages/core/test/integration/motion-trigger-types.test.ts:^[[2m64:6^[[22m^[[39m
integration (node 24)	Run npm run test:integration	2026-08-23T00:22:06.5995279Z ^[[90m ^[[2m❯^[[22m packages/core/test/integration/motion-trigger-types.test.ts:^[[2m123:42^[[22m^[[39m
integration (node 24)	Run npm run test:integration	2026-08-23T00:22:06.5995922Z 
integration (node 24)	Run npm run test:integration	2026-08-23T00:22:06.5996497Z ^[[31m^[[2m⎯⎯⎯⎯⎯⎯⎯⎯⎯⎯⎯⎯⎯⎯⎯⎯⎯⎯⎯⎯⎯[39/124]⎯^[[22m^[[39m
integration (node 24)	Run npm run test:integration	2026-08-23T00:22:06.5996861Z 
integration (node 24)	Run npm run test:integration	2026-08-23T00:22:06.5998848Z ^[[41m^[[1m FAIL ^[[22m^[[49m packages/core/test/integration/mutation-transactionality.test.ts^[[2m > ^[[22mruntime mutation transactionality (W2)^[[2m > ^[[22mrejects destroying a source without changing graph state or the observation wire
integration (node 24)	Run npm run test:integration	2026-08-23T00:22:06.6004724Z ^[[31m^[[1mTypeError^[[22m: property-stops-wrapper at addTrack(root).keyframes.transform.values.x: The { stops: [...] } wrapper is retired; author the stops array directly as the value. property-stops-wrapper at addTrack(root).keyframes.transform.values.y: The { stops: [...] } wrapper is retired; author the stops array directly as the value. property-stops-wrapper at addTrack(root).keyframes.transform.values.rotation: The { stops: [...] } wrapper is retired; author the stops array directly as the value.^[[39m
integration (node 24)	Run npm run test:integration	2026-08-23T00:22:06.6008356Z ^[[36m ^[[2m❯^[[22m ProjectRuntime.#addTrack packages/core/src/runtime/project-runtime.ts:^[[2m281:13^[[22m^[[39m
integration (node 24)	Run npm run test:integration	2026-08-23T00:22:06.6009722Z     ^[[90m279|^[[39m     const validation = validateTrackDefinition(track, `addTrack(${trac…
integration (node 24)	Run npm run test:integration	2026-08-23T00:22:06.6010879Z     ^[[90m280|^[[39m     ^[[35mif^[[39m (^[[33m!^[[39mvalidation^[[33m.^[[39mvalid ^[[33m||^[[39m ^[[33m!^[[39mvalidation^[[33m.^[[39mvalue)
integration (node 24)	Run npm run test:integration	2026-08-23T00:22:06.6011896Z     ^[[90m281|^[[39m       ^[[35mthrow^[[39m ^[[35mnew^[[39m ^[[33mTypeError^[[39m(^[[34mdescribeDiagnostics^[[39m(validation^[[33m.^[[39mdiagnostics))^[[33m;^[[39m
integration (node 24)	Run npm run test:integration	2026-08-23T00:22:06.6012549Z     ^[[90m   |^[[39m             ^[[31m^^[[39m
integration (node 24)	Run npm run test:integration	2026-08-23T00:22:06.6013089Z     ^[[90m282|^[[39m     ^[[35mconst^[[39m accepted ^[[33m=^[[39m validation^[[33m.^[[39mvalue^[[33m;^[[39m
integration (node 24)	Run npm run test:integration	2026-08-23T00:22:06.6014034Z     ^[[90m283|^[[39m     ^[[35mconst^[[39m token ^[[33m=^[[39m ^[[35mthis^[[39m^[[33m.^[[39m#nextToken^[[33m++^[[39m^[[33m;^[[39m
integration (node 24)	Run npm run test:integration	2026-08-23T00:22:06.6014931Z ^[[90m ^[[2m❯^[[22m ProjectRuntime.adopt packages/core/src/runtime/project-runtime.ts:^[[2m247:25^[[22m^[[39m
integration (node 24)	Run npm run test:integration	2026-08-23T00:22:06.6015663Z ^[[90m ^[[2m❯^[[22m Object.adopt packages/core/src/engine.ts:^[[2m86:47^[[22m^[[39m
integration (node 24)	Run npm run test:integration	2026-08-23T00:22:06.6016626Z ^[[90m ^[[2m❯^[[22m packages/core/test/integration/mutation-transactionality.test.ts:^[[2m79:25^[[22m^[[39m
integration (node 24)	Run npm run test:integration	2026-08-23T00:22:06.6017252Z 
integration (node 24)	Run npm run test:integration	2026-08-23T00:22:06.6017502Z ^[[31m^[[2m⎯⎯⎯⎯⎯⎯⎯⎯⎯⎯⎯⎯⎯⎯⎯⎯⎯⎯⎯⎯⎯[40/124]⎯^[[22m^[[39m
integration (node 24)	Run npm run test:integration	2026-08-23T00:22:06.6017896Z 
integration (node 24)	Run npm run test:integration	2026-08-23T00:22:06.6019169Z ^[[41m^[[1m FAIL ^[[22m^[[49m packages/core/test/integration/mutation-transactionality.test.ts^[[2m > ^[[22mruntime mutation transactionality (W2)^[[2m > ^[[22mleaves a rejected unknown-source adoption retryable
integration (node 24)	Run npm run test:integration	2026-08-23T00:22:06.6020690Z ^[[31m^[[1mAssertionError^[[22m: expected [Function] to throw error matching /observation-unknown-source/ but got 'property-stops-wrapper at addTrack(ch…'^[[39m
integration (node 24)	Run npm run test:integration	2026-08-23T00:22:06.6021296Z 
integration (node 24)	Run npm run test:integration	2026-08-23T00:22:06.6021434Z ^[[32m- Expected:^[[39m
integration (node 24)	Run npm run test:integration	2026-08-23T00:22:06.6021695Z /observation-unknown-source/
integration (node 24)	Run npm run test:integration	2026-08-23T00:22:06.6021872Z 
integration (node 24)	Run npm run test:integration	2026-08-23T00:22:06.6021999Z ^[[31m+ Received:^[[39m
integration (node 24)	Run npm run test:integration	2026-08-23T00:22:06.6022724Z "property-stops-wrapper at addTrack(child).keyframes.x: The { stops: [...] } wrapper is retired; author the stops array directly as the value."
integration (node 24)	Run npm run test:integration	2026-08-23T00:22:06.6023251Z 
integration (node 24)	Run npm run test:integration	2026-08-23T00:22:06.6023756Z ^[[36m ^[[2m❯^[[22m packages/core/test/integration/mutation-transactionality.test.ts:^[[2m118:48^[[22m^[[39m
integration (node 24)	Run npm run test:integration	2026-08-23T00:22:06.6024310Z     ^[[90m116|^[[39m     }^[[33m;^[[39m
integration (node 24)	Run npm run test:integration	2026-08-23T00:22:06.6024599Z     ^[[90m117|^[[39m
integration (node 24)	Run npm run test:integration	2026-08-23T00:22:06.6025055Z     ^[[90m118|^[[39m     expect(() => handle.adopt(invalid, owner)).toThrow(/observation-un…
integration (node 24)	Run npm run test:integration	2026-08-23T00:22:06.6025609Z     ^[[90m   |^[[39m                                                ^[[31m^^[[39m
integration (node 24)	Run npm run test:integration	2026-08-23T00:22:06.6025958Z     ^[[90m119|^[[39m
integration (node 24)	Run npm run test:integration	2026-08-23T00:22:06.6026827Z     ^[[90m120|^[[39m     const replacement = handle.adopt({ id: "child", keyframes: { x: ra…
integration (node 24)	Run npm run test:integration	2026-08-23T00:22:06.6027434Z 
integration (node 24)	Run npm run test:integration	2026-08-23T00:22:06.6027860Z ^[[31m^[[2m⎯⎯⎯⎯⎯⎯⎯⎯⎯⎯⎯⎯⎯⎯⎯⎯⎯⎯⎯⎯⎯[41/124]⎯^[[22m^[[39m
integration (node 24)	Run npm run test:integration	2026-08-23T00:22:06.6028213Z 
integration (node 24)	Run npm run test:integration	2026-08-23T00:22:06.6029959Z ^[[41m^[[1m FAIL ^[[22m^[[49m packages/core/test/integration/mutation-transactionality.test.ts^[[2m > ^[[22mruntime mutation transactionality (W2)^[[2m > ^[[22mleaves a rejected self-reference adoption retryable
integration (node 24)	Run npm run test:integration	2026-08-23T00:22:06.6032338Z ^[[31m^[[1mAssertionError^[[22m: expected [Function] to throw error matching /observation-self-reference/ but got 'property-stops-wrapper at addTrack(se…'^[[39m
integration (node 24)	Run npm run test:integration	2026-08-23T00:22:06.6033086Z 
integration (node 24)	Run npm run test:integration	2026-08-23T00:22:06.6033370Z ^[[32m- Expected:^[[39m
integration (node 24)	Run npm run test:integration	2026-08-23T00:22:06.6033828Z /observation-self-reference/
integration (node 24)	Run npm run test:integration	2026-08-23T00:22:06.6034140Z 
integration (node 24)	Run npm run test:integration	2026-08-23T00:22:06.6034379Z ^[[31m+ Received:^[[39m
integration (node 24)	Run npm run test:integration	2026-08-23T00:22:06.6035212Z "property-stops-wrapper at addTrack(self).keyframes.x: The { stops: [...] } wrapper is retired; author the stops array directly as the value."
integration (node 24)	Run npm run test:integration	2026-08-23T00:22:06.6035733Z 
integration (node 24)	Run npm run test:integration	2026-08-23T00:22:06.6036411Z ^[[36m ^[[2m❯^[[22m packages/core/test/integration/mutation-transactionality.test.ts:^[[2m140:48^[[22m^[[39m
integration (node 24)	Run npm run test:integration	2026-08-23T00:22:06.6036983Z     ^[[90m138|^[[39m     }^[[33m;^[[39m
integration (node 24)	Run npm run test:integration	2026-08-23T00:22:06.6037265Z     ^[[90m139|^[[39m
integration (node 24)	Run npm run test:integration	2026-08-23T00:22:06.6037729Z     ^[[90m140|^[[39m     expect(() => handle.adopt(invalid, owner)).toThrow(/observation-se…
integration (node 24)	Run npm run test:integration	2026-08-23T00:22:06.6038293Z     ^[[90m   |^[[39m                                                ^[[31m^^[[39m
integration (node 24)	Run npm run test:integration	2026-08-23T00:22:06.6038886Z     ^[[90m141|^[[39m     const replacement = handle.adopt({ id: "self", keyframes: { x: ram…
integration (node 24)	Run npm run test:integration	2026-08-23T00:22:06.6039666Z     ^[[90m142|^[[39m     ^[[34mexpect^[[39m(replacement^[[33m.^[[39mid)^[[33m.^[[39m^[[34mtoBe^[[39m(^[[32m"~/self"^[[39m)^[[33m;^[[39m
integration (node 24)	Run npm run test:integration	2026-08-23T00:22:06.6040068Z 
integration (node 24)	Run npm run test:integration	2026-08-23T00:22:06.6040346Z ^[[31m^[[2m⎯⎯⎯⎯⎯⎯⎯⎯⎯⎯⎯⎯⎯⎯⎯⎯⎯⎯⎯⎯⎯[42/124]⎯^[[22m^[[39m
integration (node 24)	Run npm run test:integration	2026-08-23T00:22:06.6040574Z 
integration (node 24)	Run npm run test:integration	2026-08-23T00:22:06.6041470Z ^[[41m^[[1m FAIL ^[[22m^[[49m packages/core/test/integration/observation-identity.test.ts^[[2m > ^[[22mobservation identity^[[2m > ^[[22mcovers source spelling across an add and its matching remove
integration (node 24)	Run npm run test:integration	2026-08-23T00:22:06.6043653Z ^[[31m^[[1mTypeError^[[22m: property-stops-wrapper at motions[0].tracks[0].keyframes.x: The { stops: [...] } wrapper is retired; author the stops array directly as the value. property-stops-wrapper at motions[0].tracks[1].keyframes.x: The { stops: [...] } wrapper is retired; author the stops array directly as the value.^[[39m
integration (node 24)	Run npm run test:integration	2026-08-23T00:22:06.6045379Z ^[[36m ^[[2m❯^[[22m assertValidProject packages/core/src/engine.ts:^[[2m101:11^[[22m^[[39m
integration (node 24)	Run npm run test:integration	2026-08-23T00:22:06.6046045Z     ^[[90m 99|^[[39m   ^[[35mconst^[[39m result ^[[33m=^[[39m ^[[34mvalidateV5^[[39m(project)^[[33m;^[[39m
integration (node 24)	Run npm run test:integration	2026-08-23T00:22:06.6047313Z     ^[[90m100|^[[39m   ^[[35mif^[[39m (^[[33m!^[[39mresult^[[33m.^[[39mvalid ^[[33m||^[[39m result^[[33m.^[[39mvalue ^[[33m===^[[39m ^[[35mnull^[[39m)
integration (node 24)	Run npm run test:integration	2026-08-23T00:22:06.6047999Z     ^[[90m101|^[[39m     ^[[35mthrow^[[39m ^[[35mnew^[[39m ^[[33mTypeError^[[39m(
integration (node 24)	Run npm run test:integration	2026-08-23T00:22:06.6048412Z     ^[[90m   |^[[39m           ^[[31m^^[[39m
integration (node 24)	Run npm run test:integration	2026-08-23T00:22:06.6048929Z     ^[[90m102|^[[39m       result^[[33m.^[[39mdiagnostics^[[33m.^[[39mlength ^[[33m===^[[39m ^[[34m0^[[39m
integration (node 24)	Run npm run test:integration	2026-08-23T00:22:06.6049534Z     ^[[90m103|^[[39m         ^[[33m?^[[39m ^[[32m"Project failed v5 validation."^[[39m
integration (node 24)	Run npm run test:integration	2026-08-23T00:22:06.6050137Z ^[[90m ^[[2m❯^[[22m Engine.load packages/core/src/engine.ts:^[[2m170:29^[[22m^[[39m
integration (node 24)	Run npm run test:integration	2026-08-23T00:22:06.6051079Z ^[[90m ^[[2m❯^[[22m makeHandle packages/core/test/integration/observation-identity.test.ts:^[[2m49:6^[[22m^[[39m
integration (node 24)	Run npm run test:integration	2026-08-23T00:22:06.6052757Z ^[[90m ^[[2m❯^[[22m packages/core/test/integration/observation-identity.test.ts:^[[2m66:20^[[22m^[[39m
integration (node 24)	Run npm run test:integration	2026-08-23T00:22:06.6053506Z 
integration (node 24)	Run npm run test:integration	2026-08-23T00:22:06.6054066Z ^[[31m^[[2m⎯⎯⎯⎯⎯⎯⎯⎯⎯⎯⎯⎯⎯⎯⎯⎯⎯⎯⎯⎯⎯[43/124]⎯^[[22m^[[39m
integration (node 24)	Run npm run test:integration	2026-08-23T00:22:06.6054400Z 
integration (node 24)	Run npm run test:integration	2026-08-23T00:22:06.6055354Z ^[[41m^[[1m FAIL ^[[22m^[[49m packages/core/test/integration/observation-identity.test.ts^[[2m > ^[[22mobservation identity^[[2m > ^[[22mdeduplicates equivalent observations and preserves no-op sequence
integration (node 24)	Run npm run test:integration	2026-08-23T00:22:06.6058164Z ^[[31m^[[1mTypeError^[[22m: property-stops-wrapper at motions[0].tracks[0].keyframes.x: The { stops: [...] } wrapper is retired; author the stops array directly as the value. property-stops-wrapper at motions[0].tracks[1].keyframes.x: The { stops: [...] } wrapper is retired; author the stops array directly as the value.^[[39m
integration (node 24)	Run npm run test:integration	2026-08-23T00:22:06.6060781Z ^[[36m ^[[2m❯^[[22m assertValidProject packages/core/src/engine.ts:^[[2m101:11^[[22m^[[39m
integration (node 24)	Run npm run test:integration	2026-08-23T00:22:06.6062042Z     ^[[90m 99|^[[39m   ^[[35mconst^[[39m result ^[[33m=^[[39m ^[[34mvalidateV5^[[39m(project)^[[33m;^[[39m
integration (node 24)	Run npm run test:integration	2026-08-23T00:22:06.6063481Z     ^[[90m100|^[[39m   ^[[35mif^[[39m (^[[33m!^[[39mresult^[[33m.^[[39mvalid ^[[33m||^[[39m result^[[33m.^[[39mvalue ^[[33m===^[[39m ^[[35mnull^[[39m)
integration (node 24)	Run npm run test:integration	2026-08-23T00:22:06.6064677Z     ^[[90m101|^[[39m     ^[[35mthrow^[[39m ^[[35mnew^[[39m ^[[33mTypeError^[[39m(
integration (node 24)	Run npm run test:integration	2026-08-23T00:22:06.6065385Z     ^[[90m   |^[[39m           ^[[31m^^[[39m
integration (node 24)	Run npm run test:integration	2026-08-23T00:22:06.6066492Z     ^[[90m102|^[[39m       result^[[33m.^[[39mdiagnostics^[[33m.^[[39mlength ^[[33m===^[[39m ^[[34m0^[[39m
integration (node 24)	Run npm run test:integration	2026-08-23T00:22:06.6067777Z     ^[[90m103|^[[39m         ^[[33m?^[[39m ^[[32m"Project failed v5 validation."^[[39m
integration (node 24)	Run npm run test:integration	2026-08-23T00:22:06.6069012Z ^[[90m ^[[2m❯^[[22m Engine.load packages/core/src/engine.ts:^[[2m170:29^[[22m^[[39m
integration (node 24)	Run npm run test:integration	2026-08-23T00:22:06.6070683Z ^[[90m ^[[2m❯^[[22m makeHandle packages/core/test/integration/observation-identity.test.ts:^[[2m49:6^[[22m^[[39m
integration (node 24)	Run npm run test:integration	2026-08-23T00:22:06.6072314Z ^[[90m ^[[2m❯^[[22m packages/core/test/integration/observation-identity.test.ts:^[[2m75:20^[[22m^[[39m
integration (node 24)	Run npm run test:integration	2026-08-23T00:22:06.6073129Z 
integration (node 24)	Run npm run test:integration	2026-08-23T00:22:06.6073741Z ^[[31m^[[2m⎯⎯⎯⎯⎯⎯⎯⎯⎯⎯⎯⎯⎯⎯⎯⎯⎯⎯⎯⎯⎯[44/124]⎯^[[22m^[[39m
integration (node 24)	Run npm run test:integration	2026-08-23T00:22:06.6074194Z 
integration (node 24)	Run npm run test:integration	2026-08-23T00:22:06.6075892Z ^[[41m^[[1m FAIL ^[[22m^[[49m packages/core/test/integration/observation-identity.test.ts^[[2m > ^[[22mobservation identity^[[2m > ^[[22mrejects an invalid free-track observation with stable diagnostics
integration (node 24)	Run npm run test:integration	2026-08-23T00:22:06.6081427Z ^[[31m^[[1mTypeError^[[22m: property-stops-wrapper at motions[0].tracks[0].keyframes.x: The { stops: [...] } wrapper is retired; author the stops array directly as the value. property-stops-wrapper at motions[0].tracks[1].keyframes.x: The { stops: [...] } wrapper is retired; author the stops array directly as the value. property-stops-wrapper at freeTracks[0].keyframes.x: The { stops: [...] } wrapper is retired; author the stops array directly as the value.^[[39m
integration (node 24)	Run npm run test:integration	2026-08-23T00:22:06.6084906Z ^[[36m ^[[2m❯^[[22m assertValidProject packages/core/src/engine.ts:^[[2m101:11^[[22m^[[39m
integration (node 24)	Run npm run test:integration	2026-08-23T00:22:06.6086600Z     ^[[90m 99|^[[39m   ^[[35mconst^[[39m result ^[[33m=^[[39m ^[[34mvalidateV5^[[39m(project)^[[33m;^[[39m
integration (node 24)	Run npm run test:integration	2026-08-23T00:22:06.6103582Z     ^[[90m100|^[[39m   ^[[35mif^[[39m (^[[33m!^[[39mresult^[[33m.^[[39mvalid ^[[33m||^[[39m result^[[33m.^[[39mvalue ^[[33m===^[[39m ^[[35mnull^[[39m)
integration (node 24)	Run npm run test:integration	2026-08-23T00:22:06.6105274Z     ^[[90m101|^[[39m     ^[[35mthrow^[[39m ^[[35mnew^[[39m ^[[33mTypeError^[[39m(
integration (node 24)	Run npm run test:integration	2026-08-23T00:22:06.6105957Z     ^[[90m   |^[[39m           ^[[31m^^[[39m
integration (node 24)	Run npm run test:integration	2026-08-23T00:22:06.6107013Z     ^[[90m102|^[[39m       result^[[33m.^[[39mdiagnostics^[[33m.^[[39mlength ^[[33m===^[[39m ^[[34m0^[[39m
integration (node 24)	Run npm run test:integration	2026-08-23T00:22:06.6108102Z     ^[[90m103|^[[39m         ^[[33m?^[[39m ^[[32m"Project failed v5 validation."^[[39m
integration (node 24)	Run npm run test:integration	2026-08-23T00:22:06.6109201Z ^[[90m ^[[2m❯^[[22m Engine.load packages/core/src/engine.ts:^[[2m170:29^[[22m^[[39m
integration (node 24)	Run npm run test:integration	2026-08-23T00:22:06.6110592Z ^[[90m ^[[2m❯^[[22m makeHandle packages/core/test/integration/observation-identity.test.ts:^[[2m49:6^[[22m^[[39m
integration (node 24)	Run npm run test:integration	2026-08-23T00:22:06.6112078Z ^[[90m ^[[2m❯^[[22m packages/core/test/integration/observation-identity.test.ts:^[[2m89:20^[[22m^[[39m
integration (node 24)	Run npm run test:integration	2026-08-23T00:22:06.6112753Z 
integration (node 24)	Run npm run test:integration	2026-08-23T00:22:06.6113175Z ^[[31m^[[2m⎯⎯⎯⎯⎯⎯⎯⎯⎯⎯⎯⎯⎯⎯⎯⎯⎯⎯⎯⎯⎯[45/124]⎯^[[22m^[[39m
integration (node 24)	Run npm run test:integration	2026-08-23T00:22:06.6113517Z 
integration (node 24)	Run npm run test:integration	2026-08-23T00:22:06.6115131Z ^[[41m^[[1m FAIL ^[[22m^[[49m packages/core/test/integration/observation-identity.test.ts^[[2m > ^[[22mobservation identity^[[2m > ^[[22mV-7 refuses an authored target through addObserve on either role
integration (node 24)	Run npm run test:integration	2026-08-23T00:22:06.6119202Z ^[[31m^[[1mTypeError^[[22m: property-stops-wrapper at motions[0].tracks[0].keyframes.x: The { stops: [...] } wrapper is retired; author the stops array directly as the value. property-stops-wrapper at motions[0].tracks[1].keyframes.x: The { stops: [...] } wrapper is retired; author the stops array directly as the value.^[[39m
integration (node 24)	Run npm run test:integration	2026-08-23T00:22:06.6121779Z ^[[36m ^[[2m❯^[[22m assertValidProject packages/core/src/engine.ts:^[[2m101:11^[[22m^[[39m
integration (node 24)	Run npm run test:integration	2026-08-23T00:22:06.6122945Z     ^[[90m 99|^[[39m   ^[[35mconst^[[39m result ^[[33m=^[[39m ^[[34mvalidateV5^[[39m(project)^[[33m;^[[39m
integration (node 24)	Run npm run test:integration	2026-08-23T00:22:06.6124358Z     ^[[90m100|^[[39m   ^[[35mif^[[39m (^[[33m!^[[39mresult^[[33m.^[[39mvalid ^[[33m||^[[39m result^[[33m.^[[39mvalue ^[[33m===^[[39m ^[[35mnull^[[39m)
integration (node 24)	Run npm run test:integration	2026-08-23T00:22:06.6125546Z     ^[[90m101|^[[39m     ^[[35mthrow^[[39m ^[[35mnew^[[39m ^[[33mTypeError^[[39m(
integration (node 24)	Run npm run test:integration	2026-08-23T00:22:06.6126442Z     ^[[90m   |^[[39m           ^[[31m^^[[39m
integration (node 24)	Run npm run test:integration	2026-08-23T00:22:06.6127370Z     ^[[90m102|^[[39m       result^[[33m.^[[39mdiagnostics^[[33m.^[[39mlength ^[[33m===^[[39m ^[[34m0^[[39m
integration (node 24)	Run npm run test:integration	2026-08-23T00:22:06.6128419Z     ^[[90m103|^[[39m         ^[[33m?^[[39m ^[[32m"Project failed v5 validation."^[[39m
integration (node 24)	Run npm run test:integration	2026-08-23T00:22:06.6129519Z ^[[90m ^[[2m❯^[[22m Engine.load packages/core/src/engine.ts:^[[2m170:29^[[22m^[[39m
integration (node 24)	Run npm run test:integration	2026-08-23T00:22:06.6130911Z ^[[90m ^[[2m❯^[[22m makeHandle packages/core/test/integration/observation-identity.test.ts:^[[2m49:6^[[22m^[[39m
integration (node 24)	Run npm run test:integration	2026-08-23T00:22:06.6132401Z ^[[90m ^[[2m❯^[[22m packages/core/test/integration/observation-identity.test.ts:^[[2m95:20^[[22m^[[39m
integration (node 24)	Run npm run test:integration	2026-08-23T00:22:06.6133045Z 
integration (node 24)	Run npm run test:integration	2026-08-23T00:22:06.6133451Z ^[[31m^[[2m⎯⎯⎯⎯⎯⎯⎯⎯⎯⎯⎯⎯⎯⎯⎯⎯⎯⎯⎯⎯⎯[46/124]⎯^[[22m^[[39m
integration (node 24)	Run npm run test:integration	2026-08-23T00:22:06.6133794Z 
integration (node 24)	Run npm run test:integration	2026-08-23T00:22:06.6135416Z ^[[41m^[[1m FAIL ^[[22m^[[49m packages/core/test/integration/observation-identity.test.ts^[[2m > ^[[22mobservation identity^[[2m > ^[[22mJ-7 refuses an authored role or projection through addObserve
integration (node 24)	Run npm run test:integration	2026-08-23T00:22:06.6139497Z ^[[31m^[[1mTypeError^[[22m: property-stops-wrapper at motions[0].tracks[0].keyframes.x: The { stops: [...] } wrapper is retired; author the stops array directly as the value. property-stops-wrapper at motions[0].tracks[1].keyframes.x: The { stops: [...] } wrapper is retired; author the stops array directly as the value.^[[39m
integration (node 24)	Run npm run test:integration	2026-08-23T00:22:06.6142054Z ^[[36m ^[[2m❯^[[22m assertValidProject packages/core/src/engine.ts:^[[2m101:11^[[22m^[[39m
integration (node 24)	Run npm run test:integration	2026-08-23T00:22:06.6143223Z     ^[[90m 99|^[[39m   ^[[35mconst^[[39m result ^[[33m=^[[39m ^[[34mvalidateV5^[[39m(project)^[[33m;^[[39m
integration (node 24)	Run npm run test:integration	2026-08-23T00:22:06.6144635Z     ^[[90m100|^[[39m   ^[[35mif^[[39m (^[[33m!^[[39mresult^[[33m.^[[39mvalid ^[[33m||^[[39m result^[[33m.^[[39mvalue ^[[33m===^[[39m ^[[35mnull^[[39m)
integration (node 24)	Run npm run test:integration	2026-08-23T00:22:06.6145806Z     ^[[90m101|^[[39m     ^[[35mthrow^[[39m ^[[35mnew^[[39m ^[[33mTypeError^[[39m(
integration (node 24)	Run npm run test:integration	2026-08-23T00:22:06.6146975Z     ^[[90m   |^[[39m           ^[[31m^^[[39m
integration (node 24)	Run npm run test:integration	2026-08-23T00:22:06.6147900Z     ^[[90m102|^[[39m       result^[[33m.^[[39mdiagnostics^[[33m.^[[39mlength ^[[33m===^[[39m ^[[34m0^[[39m
integration (node 24)	Run npm run test:integration	2026-08-23T00:22:06.6149159Z     ^[[90m103|^[[39m         ^[[33m?^[[39m ^[[32m"Project failed v5 validation."^[[39m
integration (node 24)	Run npm run test:integration	2026-08-23T00:22:06.6150221Z ^[[90m ^[[2m❯^[[22m Engine.load packages/core/src/engine.ts:^[[2m170:29^[[22m^[[39m
integration (node 24)	Run npm run test:integration	2026-08-23T00:22:06.6151607Z ^[[90m ^[[2m❯^[[22m makeHandle packages/core/test/integration/observation-identity.test.ts:^[[2m49:6^[[22m^[[39m
integration (node 24)	Run npm run test:integration	2026-08-23T00:22:06.6153097Z ^[[90m ^[[2m❯^[[22m packages/core/test/integration/observation-identity.test.ts:^[[2m103:20^[[22m^[[39m
integration (node 24)	Run npm run test:integration	2026-08-23T00:22:06.6153747Z 
integration (node 24)	Run npm run test:integration	2026-08-23T00:22:06.6154148Z ^[[31m^[[2m⎯⎯⎯⎯⎯⎯⎯⎯⎯⎯⎯⎯⎯⎯⎯⎯⎯⎯⎯⎯⎯[47/124]⎯^[[22m^[[39m
integration (node 24)	Run npm run test:integration	2026-08-23T00:22:06.6154498Z 
integration (node 24)	Run npm run test:integration	2026-08-23T00:22:06.6156646Z ^[[41m^[[1m FAIL ^[[22m^[[49m packages/core/test/integration/option-c-track-resolution.test.ts^[[2m > ^[[22moption C: compiled Track ownership through the public surface^[[2m > ^[[22mC-9 keeps a motion-owned track live through replacement
integration (node 24)	Run npm run test:integration	2026-08-23T00:22:06.6159546Z ^[[31m^[[1mTypeError^[[22m: property-stops-wrapper at motions[0].tracks[0].keyframes.x: The { stops: [...] } wrapper is retired; author the stops array directly as the value.^[[39m
integration (node 24)	Run npm run test:integration	2026-08-23T00:22:06.6160833Z ^[[36m ^[[2m❯^[[22m assertValidProject packages/core/src/engine.ts:^[[2m101:11^[[22m^[[39m
integration (node 24)	Run npm run test:integration	2026-08-23T00:22:06.6161530Z     ^[[90m 99|^[[39m   ^[[35mconst^[[39m result ^[[33m=^[[39m ^[[34mvalidateV5^[[39m(project)^[[33m;^[[39m
integration (node 24)	Run npm run test:integration	2026-08-23T00:22:06.6162414Z     ^[[90m100|^[[39m   ^[[35mif^[[39m (^[[33m!^[[39mresult^[[33m.^[[39mvalid ^[[33m||^[[39m result^[[33m.^[[39mvalue ^[[33m===^[[39m ^[[35mnull^[[39m)
integration (node 24)	Run npm run test:integration	2026-08-23T00:22:06.6163199Z     ^[[90m101|^[[39m     ^[[35mthrow^[[39m ^[[35mnew^[[39m ^[[33mTypeError^[[39m(
integration (node 24)	Run npm run test:integration	2026-08-23T00:22:06.6163959Z     ^[[90m   |^[[39m           ^[[31m^^[[39m
integration (node 24)	Run npm run test:integration	2026-08-23T00:22:06.6164880Z     ^[[90m102|^[[39m       result^[[33m.^[[39mdiagnostics^[[33m.^[[39mlength ^[[33m===^[[39m ^[[34m0^[[39m
integration (node 24)	Run npm run test:integration	2026-08-23T00:22:06.6165950Z     ^[[90m103|^[[39m         ^[[33m?^[[39m ^[[32m"Project failed v5 validation."^[[39m
integration (node 24)	Run npm run test:integration	2026-08-23T00:22:06.6167254Z ^[[90m ^[[2m❯^[[22m Engine.load packages/core/src/engine.ts:^[[2m170:29^[[22m^[[39m
integration (node 24)	Run npm run test:integration	2026-08-23T00:22:06.6168655Z ^[[90m ^[[2m❯^[[22m load packages/core/test/integration/option-c-track-resolution.test.ts:^[[2m30:6^[[22m^[[39m
integration (node 24)	Run npm run test:integration	2026-08-23T00:22:06.6169976Z ^[[90m ^[[2m❯^[[22m packages/core/test/integration/option-c-track-resolution.test.ts:^[[2m60:42^[[22m^[[39m
integration (node 24)	Run npm run test:integration	2026-08-23T00:22:06.6170396Z 
integration (node 24)	Run npm run test:integration	2026-08-23T00:22:06.6170849Z ^[[31m^[[2m⎯⎯⎯⎯⎯⎯⎯⎯⎯⎯⎯⎯⎯⎯⎯⎯⎯⎯⎯⎯⎯[48/124]⎯^[[22m^[[39m
integration (node 24)	Run npm run test:integration	2026-08-23T00:22:06.6171189Z 
integration (node 24)	Run npm run test:integration	2026-08-23T00:22:06.6173169Z ^[[41m^[[1m FAIL ^[[22m^[[49m packages/core/test/integration/option-c-track-resolution.test.ts^[[2m > ^[[22moption C: compiled Track ownership through the public surface^[[2m > ^[[22mC-10 preserves the array index and stagger timing across a replacement
integration (node 24)	Run npm run test:integration	2026-08-23T00:22:06.6178856Z ^[[31m^[[1mTypeError^[[22m: property-stops-wrapper at motions[0].tracks[0].keyframes.x: The { stops: [...] } wrapper is retired; author the stops array directly as the value. property-stops-wrapper at motions[0].tracks[1].keyframes.x: The { stops: [...] } wrapper is retired; author the stops array directly as the value. property-stops-wrapper at motions[0].tracks[2].keyframes.x: The { stops: [...] } wrapper is retired; author the stops array directly as the value.^[[39m
integration (node 24)	Run npm run test:integration	2026-08-23T00:22:06.6182414Z ^[[36m ^[[2m❯^[[22m assertValidProject packages/core/src/engine.ts:^[[2m101:11^[[22m^[[39m
integration (node 24)	Run npm run test:integration	2026-08-23T00:22:06.6183639Z     ^[[90m 99|^[[39m   ^[[35mconst^[[39m result ^[[33m=^[[39m ^[[34mvalidateV5^[[39m(project)^[[33m;^[[39m
integration (node 24)	Run npm run test:integration	2026-08-23T00:22:06.6184831Z     ^[[90m100|^[[39m   ^[[35mif^[[39m (^[[33m!^[[39mresult^[[33m.^[[39mvalid ^[[33m||^[[39m result^[[33m.^[[39mvalue ^[[33m===^[[39m ^[[35mnull^[[39m)
integration (node 24)	Run npm run test:integration	2026-08-23T00:22:06.6185571Z     ^[[90m101|^[[39m     ^[[35mthrow^[[39m ^[[35mnew^[[39m ^[[33mTypeError^[[39m(
integration (node 24)	Run npm run test:integration	2026-08-23T00:22:06.6186015Z     ^[[90m   |^[[39m           ^[[31m^^[[39m
integration (node 24)	Run npm run test:integration	2026-08-23T00:22:06.6186836Z     ^[[90m102|^[[39m       result^[[33m.^[[39mdiagnostics^[[33m.^[[39mlength ^[[33m===^[[39m ^[[34m0^[[39m
integration (node 24)	Run npm run test:integration	2026-08-23T00:22:06.6187667Z     ^[[90m103|^[[39m         ^[[33m?^[[39m ^[[32m"Project failed v5 validation."^[[39m
integration (node 24)	Run npm run test:integration	2026-08-23T00:22:06.6188437Z ^[[90m ^[[2m❯^[[22m Engine.load packages/core/src/engine.ts:^[[2m170:29^[[22m^[[39m
integration (node 24)	Run npm run test:integration	2026-08-23T00:22:06.6190099Z ^[[90m ^[[2m❯^[[22m load packages/core/test/integration/option-c-track-resolution.test.ts:^[[2m30:6^[[22m^[[39m
integration (node 24)	Run npm run test:integration	2026-08-23T00:22:06.6191639Z ^[[90m ^[[2m❯^[[22m packages/core/test/integration/option-c-track-resolution.test.ts:^[[2m73:42^[[22m^[[39m
integration (node 24)	Run npm run test:integration	2026-08-23T00:22:06.6192321Z 
integration (node 24)	Run npm run test:integration	2026-08-23T00:22:06.6192730Z ^[[31m^[[2m⎯⎯⎯⎯⎯⎯⎯⎯⎯⎯⎯⎯⎯⎯⎯⎯⎯⎯⎯⎯⎯[49/124]⎯^[[22m^[[39m
integration (node 24)	Run npm run test:integration	2026-08-23T00:22:06.6193088Z 
integration (node 24)	Run npm run test:integration	2026-08-23T00:22:06.6195034Z ^[[41m^[[1m FAIL ^[[22m^[[49m packages/core/test/integration/option-c-track-resolution.test.ts^[[2m > ^[[22moption C: compiled Track ownership through the public surface^[[2m > ^[[22mC-11 keeps the observation replacement path resolvable
integration (node 24)	Run npm run test:integration	2026-08-23T00:22:06.6199346Z ^[[31m^[[1mTypeError^[[22m: property-stops-wrapper at motions[0].tracks[0].keyframes.x: The { stops: [...] } wrapper is retired; author the stops array directly as the value. property-stops-wrapper at motions[0].tracks[1].keyframes.x: The { stops: [...] } wrapper is retired; author the stops array directly as the value.^[[39m
integration (node 24)	Run npm run test:integration	2026-08-23T00:22:06.6201955Z ^[[36m ^[[2m❯^[[22m assertValidProject packages/core/src/engine.ts:^[[2m101:11^[[22m^[[39m
integration (node 24)	Run npm run test:integration	2026-08-23T00:22:06.6203130Z     ^[[90m 99|^[[39m   ^[[35mconst^[[39m result ^[[33m=^[[39m ^[[34mvalidateV5^[[39m(project)^[[33m;^[[39m
integration (node 24)	Run npm run test:integration	2026-08-23T00:22:06.6204540Z     ^[[90m100|^[[39m   ^[[35mif^[[39m (^[[33m!^[[39mresult^[[33m.^[[39mvalid ^[[33m||^[[39m result^[[33m.^[[39mvalue ^[[33m===^[[39m ^[[35mnull^[[39m)
integration (node 24)	Run npm run test:integration	2026-08-23T00:22:06.6205715Z     ^[[90m101|^[[39m     ^[[35mthrow^[[39m ^[[35mnew^[[39m ^[[33mTypeError^[[39m(
integration (node 24)	Run npm run test:integration	2026-08-23T00:22:06.6206647Z     ^[[90m   |^[[39m           ^[[31m^^[[39m
integration (node 24)	Run npm run test:integration	2026-08-23T00:22:06.6207600Z     ^[[90m102|^[[39m       result^[[33m.^[[39mdiagnostics^[[33m.^[[39mlength ^[[33m===^[[39m ^[[34m0^[[39m
integration (node 24)	Run npm run test:integration	2026-08-23T00:22:06.6208653Z     ^[[90m103|^[[39m         ^[[33m?^[[39m ^[[32m"Project failed v5 validation."^[[39m
integration (node 24)	Run npm run test:integration	2026-08-23T00:22:06.6209779Z ^[[90m ^[[2m❯^[[22m Engine.load packages/core/src/engine.ts:^[[2m170:29^[[22m^[[39m
integration (node 24)	Run npm run test:integration	2026-08-23T00:22:06.6211161Z ^[[90m ^[[2m❯^[[22m load packages/core/test/integration/option-c-track-resolution.test.ts:^[[2m30:6^[[22m^[[39m
integration (node 24)	Run npm run test:integration	2026-08-23T00:22:06.6212718Z ^[[90m ^[[2m❯^[[22m packages/core/test/integration/option-c-track-resolution.test.ts:^[[2m88:35^[[22m^[[39m
integration (node 24)	Run npm run test:integration	2026-08-23T00:22:06.6213398Z 
integration (node 24)	Run npm run test:integration	2026-08-23T00:22:06.6213789Z ^[[31m^[[2m⎯⎯⎯⎯⎯⎯⎯⎯⎯⎯⎯⎯⎯⎯⎯⎯⎯⎯⎯⎯⎯[50/124]⎯^[[22m^[[39m
integration (node 24)	Run npm run test:integration	2026-08-23T00:22:06.6214142Z 
integration (node 24)	Run npm run test:integration	2026-08-23T00:22:06.6216044Z ^[[41m^[[1m FAIL ^[[22m^[[49m packages/core/test/integration/option-c-track-resolution.test.ts^[[2m > ^[[22moption C: compiled Track ownership through the public surface^[[2m > ^[[22mC-12 disposes every compiled timeline exactly once
integration (node 24)	Run npm run test:integration	2026-08-23T00:22:06.6220332Z ^[[31m^[[1mTypeError^[[22m: property-stops-wrapper at motions[0].tracks[0].keyframes.x: The { stops: [...] } wrapper is retired; author the stops array directly as the value. property-stops-wrapper at motions[0].tracks[1].keyframes.x: The { stops: [...] } wrapper is retired; author the stops array directly as the value.^[[39m
integration (node 24)	Run npm run test:integration	2026-08-23T00:22:06.6222913Z ^[[36m ^[[2m❯^[[22m assertValidProject packages/core/src/engine.ts:^[[2m101:11^[[22m^[[39m
integration (node 24)	Run npm run test:integration	2026-08-23T00:22:06.6224105Z     ^[[90m 99|^[[39m   ^[[35mconst^[[39m result ^[[33m=^[[39m ^[[34mvalidateV5^[[39m(project)^[[33m;^[[39m
integration (node 24)	Run npm run test:integration	2026-08-23T00:22:06.6225526Z     ^[[90m100|^[[39m   ^[[35mif^[[39m (^[[33m!^[[39mresult^[[33m.^[[39mvalid ^[[33m||^[[39m result^[[33m.^[[39mvalue ^[[33m===^[[39m ^[[35mnull^[[39m)
integration (node 24)	Run npm run test:integration	2026-08-23T00:22:06.6226922Z     ^[[90m101|^[[39m     ^[[35mthrow^[[39m ^[[35mnew^[[39m ^[[33mTypeError^[[39m(
integration (node 24)	Run npm run test:integration	2026-08-23T00:22:06.6227642Z     ^[[90m   |^[[39m           ^[[31m^^[[39m
integration (node 24)	Run npm run test:integration	2026-08-23T00:22:06.6228554Z     ^[[90m102|^[[39m       result^[[33m.^[[39mdiagnostics^[[33m.^[[39mlength ^[[33m===^[[39m ^[[34m0^[[39m
integration (node 24)	Run npm run test:integration	2026-08-23T00:22:06.6229602Z     ^[[90m103|^[[39m         ^[[33m?^[[39m ^[[32m"Project failed v5 validation."^[[39m
integration (node 24)	Run npm run test:integration	2026-08-23T00:22:06.6230668Z ^[[90m ^[[2m❯^[[22m Engine.load packages/core/src/engine.ts:^[[2m170:29^[[22m^[[39m
integration (node 24)	Run npm run test:integration	2026-08-23T00:22:06.6232283Z ^[[90m ^[[2m❯^[[22m load packages/core/test/integration/option-c-track-resolution.test.ts:^[[2m30:6^[[22m^[[39m
integration (node 24)	Run npm run test:integration	2026-08-23T00:22:06.6234036Z ^[[90m ^[[2m❯^[[22m packages/core/test/integration/option-c-track-resolution.test.ts:^[[2m104:24^[[22m^[[39m
integration (node 24)	Run npm run test:integration	2026-08-23T00:22:06.6234729Z 
integration (node 24)	Run npm run test:integration	2026-08-23T00:22:06.6235127Z ^[[31m^[[2m⎯⎯⎯⎯⎯⎯⎯⎯⎯⎯⎯⎯⎯⎯⎯⎯⎯⎯⎯⎯⎯[51/124]⎯^[[22m^[[39m
integration (node 24)	Run npm run test:integration	2026-08-23T00:22:06.6235479Z 
integration (node 24)	Run npm run test:integration	2026-08-23T00:22:06.6237663Z ^[[41m^[[1m FAIL ^[[22m^[[49m packages/core/test/integration/option-c-track-resolution.test.ts^[[2m > ^[[22moption C: compiled Track ownership through the public surface^[[2m > ^[[22mC-13 keeps runtime add and remove in step with the resolver
integration (node 24)	Run npm run test:integration	2026-08-23T00:22:06.6240558Z ^[[31m^[[1mTypeError^[[22m: property-stops-wrapper at motions[0].tracks[0].keyframes.x: The { stops: [...] } wrapper is retired; author the stops array directly as the value.^[[39m
integration (node 24)	Run npm run test:integration	2026-08-23T00:22:06.6242301Z ^[[36m ^[[2m❯^[[22m assertValidProject packages/core/src/engine.ts:^[[2m101:11^[[22m^[[39m
integration (node 24)	Run npm run test:integration	2026-08-23T00:22:06.6243493Z     ^[[90m 99|^[[39m   ^[[35mconst^[[39m result ^[[33m=^[[39m ^[[34mvalidateV5^[[39m(project)^[[33m;^[[39m
integration (node 24)	Run npm run test:integration	2026-08-23T00:22:06.6244911Z     ^[[90m100|^[[39m   ^[[35mif^[[39m (^[[33m!^[[39mresult^[[33m.^[[39mvalid ^[[33m||^[[39m result^[[33m.^[[39mvalue ^[[33m===^[[39m ^[[35mnull^[[39m)
integration (node 24)	Run npm run test:integration	2026-08-23T00:22:06.6246112Z     ^[[90m101|^[[39m     ^[[35mthrow^[[39m ^[[35mnew^[[39m ^[[33mTypeError^[[39m(
integration (node 24)	Run npm run test:integration	2026-08-23T00:22:06.6247033Z     ^[[90m   |^[[39m           ^[[31m^^[[39m
integration (node 24)	Run npm run test:integration	2026-08-23T00:22:06.6247950Z     ^[[90m102|^[[39m       result^[[33m.^[[39mdiagnostics^[[33m.^[[39mlength ^[[33m===^[[39m ^[[34m0^[[39m
integration (node 24)	Run npm run test:integration	2026-08-23T00:22:06.6248982Z     ^[[90m103|^[[39m         ^[[33m?^[[39m ^[[32m"Project failed v5 validation."^[[39m
integration (node 24)	Run npm run test:integration	2026-08-23T00:22:06.6250047Z ^[[90m ^[[2m❯^[[22m Engine.load packages/core/src/engine.ts:^[[2m170:29^[[22m^[[39m
integration (node 24)	Run npm run test:integration	2026-08-23T00:22:06.6251412Z ^[[90m ^[[2m❯^[[22m load packages/core/test/integration/option-c-track-resolution.test.ts:^[[2m30:6^[[22m^[[39m
integration (node 24)	Run npm run test:integration	2026-08-23T00:22:06.6252746Z ^[[90m ^[[2m❯^[[22m packages/core/test/integration/option-c-track-resolution.test.ts:^[[2m113:35^[[22m^[[39m
integration (node 24)	Run npm run test:integration	2026-08-23T00:22:06.6253164Z 
integration (node 24)	Run npm run test:integration	2026-08-23T00:22:06.6253406Z ^[[31m^[[2m⎯⎯⎯⎯⎯⎯⎯⎯⎯⎯⎯⎯⎯⎯⎯⎯⎯⎯⎯⎯⎯[52/124]⎯^[[22m^[[39m
integration (node 24)	Run npm run test:integration	2026-08-23T00:22:06.6253608Z 
integration (node 24)	Run npm run test:integration	2026-08-23T00:22:06.6254608Z ^[[41m^[[1m FAIL ^[[22m^[[49m packages/core/test/integration/per-plugin-key-ownership.test.ts^[[2m > ^[[22mper-plugin keyframe key ownership^[[2m > ^[[22mN-8 composes a rig from two plugins that both claim rotation
integration (node 24)	Run npm run test:integration	2026-08-23T00:22:06.6259711Z ^[[31m^[[1mTypeError^[[22m: property-stops-wrapper at motions[0].tracks[0].keyframes.transform.values.x: The { stops: [...] } wrapper is retired; author the stops array directly as the value. property-stops-wrapper at motions[0].tracks[0].keyframes.transform.values.y: The { stops: [...] } wrapper is retired; author the stops array directly as the value. property-stops-wrapper at motions[0].tracks[0].keyframes.transform.values.rotation: The { stops: [...] } wrapper is retired; author the stops array directly as the value. property-stops-wrapper at motions[0].tracks[1].keyframes.fk.values.length: The { stops: [...] } wrapper is retired; author the stops array directly as the value. property-stops-wrapper at motions[0].tracks[1].keyframes.fk.values.rotation: The { stops: [...] } wrapper is retired; author the stops array directly as the value.^[[39m
integration (node 24)	Run npm run test:integration	2026-08-23T00:22:06.6265277Z ^[[36m ^[[2m❯^[[22m assertValidProject packages/core/src/engine.ts:^[[2m101:11^[[22m^[[39m
integration (node 24)	Run npm run test:integration	2026-08-23T00:22:06.6266671Z     ^[[90m 99|^[[39m   ^[[35mconst^[[39m result ^[[33m=^[[39m ^[[34mvalidateV5^[[39m(project)^[[33m;^[[39m
integration (node 24)	Run npm run test:integration	2026-08-23T00:22:06.6268112Z     ^[[90m100|^[[39m   ^[[35mif^[[39m (^[[33m!^[[39mresult^[[33m.^[[39mvalid ^[[33m||^[[39m result^[[33m.^[[39mvalue ^[[33m===^[[39m ^[[35mnull^[[39m)
integration (node 24)	Run npm run test:integration	2026-08-23T00:22:06.6269149Z     ^[[90m101|^[[39m     ^[[35mthrow^[[39m ^[[35mnew^[[39m ^[[33mTypeError^[[39m(
integration (node 24)	Run npm run test:integration	2026-08-23T00:22:06.6269777Z     ^[[90m   |^[[39m           ^[[31m^^[[39m
integration (node 24)	Run npm run test:integration	2026-08-23T00:22:06.6270735Z     ^[[90m102|^[[39m       result^[[33m.^[[39mdiagnostics^[[33m.^[[39mlength ^[[33m===^[[39m ^[[34m0^[[39m
integration (node 24)	Run npm run test:integration	2026-08-23T00:22:06.6271792Z     ^[[90m103|^[[39m         ^[[33m?^[[39m ^[[32m"Project failed v5 validation."^[[39m
integration (node 24)	Run npm run test:integration	2026-08-23T00:22:06.6273092Z ^[[90m ^[[2m❯^[[22m Engine.load packages/core/src/engine.ts:^[[2m170:29^[[22m^[[39m
integration (node 24)	Run npm run test:integration	2026-08-23T00:22:06.6274643Z ^[[90m ^[[2m❯^[[22m load packages/core/test/integration/per-plugin-key-ownership.test.ts:^[[2m76:6^[[22m^[[39m
integration (node 24)	Run npm run test:integration	2026-08-23T00:22:06.6276178Z ^[[90m ^[[2m❯^[[22m packages/core/test/integration/per-plugin-key-ownership.test.ts:^[[2m95:20^[[22m^[[39m
integration (node 24)	Run npm run test:integration	2026-08-23T00:22:06.6277073Z 
integration (node 24)	Run npm run test:integration	2026-08-23T00:22:06.6277501Z ^[[31m^[[2m⎯⎯⎯⎯⎯⎯⎯⎯⎯⎯⎯⎯⎯⎯⎯⎯⎯⎯⎯⎯⎯[53/124]⎯^[[22m^[[39m
integration (node 24)	Run npm run test:integration	2026-08-23T00:22:06.6277854Z 
integration (node 24)	Run npm run test:integration	2026-08-23T00:22:06.6279569Z ^[[41m^[[1m FAIL ^[[22m^[[49m packages/core/test/integration/per-plugin-key-ownership.test.ts^[[2m > ^[[22mper-plugin keyframe key ownership^[[2m > ^[[22mN-9 refuses the flat spelling of a key both plugins claim
integration (node 24)	Run npm run test:integration	2026-08-23T00:22:06.6282095Z ^[[31m^[[1mAssertionError^[[22m: expected [Function] to throw error matching /plugin-ambiguous-key/ but got 'property-stops-wrapper at motions[0].…'^[[39m
integration (node 24)	Run npm run test:integration	2026-08-23T00:22:06.6283072Z 
integration (node 24)	Run npm run test:integration	2026-08-23T00:22:06.6283312Z ^[[32m- Expected:^[[39m
integration (node 24)	Run npm run test:integration	2026-08-23T00:22:06.6283733Z /plugin-ambiguous-key/
integration (node 24)	Run npm run test:integration	2026-08-23T00:22:06.6283975Z 
integration (node 24)	Run npm run test:integration	2026-08-23T00:22:06.6284201Z ^[[31m+ Received:^[[39m
integration (node 24)	Run npm run test:integration	2026-08-23T00:22:06.6290736Z "property-stops-wrapper at motions[0].tracks[0].keyframes.transform.values.x: The { stops: [...] } wrapper is retired; author the stops array directly as the value. property-stops-wrapper at motions[0].tracks[0].keyframes.transform.values.y: The { stops: [...] } wrapper is retired; author the stops array directly as the value. property-stops-wrapper at motions[0].tracks[0].keyframes.transform.values.rotation: The { stops: [...] } wrapper is retired; author the stops array directly as the value. property-stops-wrapper at motions[0].tracks[1].keyframes.fk.values.length: The { stops: [...] } wrapper is retired; author the stops array directly as the value. property-stops-wrapper at motions[0].tracks[1].keyframes.rotation: The { stops: [...] } wrapper is retired; author the stops array directly as the value."
integration (node 24)	Run npm run test:integration	2026-08-23T00:22:06.6295316Z 
integration (node 24)	Run npm run test:integration	2026-08-23T00:22:06.6296446Z ^[[36m ^[[2m❯^[[22m packages/core/test/integration/per-plugin-key-ownership.test.ts:^[[2m123:58^[[22m^[[39m
integration (node 24)	Run npm run test:integration	2026-08-23T00:22:06.6297805Z     ^[[90m121|^[[39m     // Not a winner decided by registration order, and not a silent ov…
integration (node 24)	Run npm run test:integration	2026-08-23T00:22:06.6298952Z     ^[[90m122|^[[39m     // with both claimants named, so the author can see which group to…
integration (node 24)	Run npm run test:integration	2026-08-23T00:22:06.6300074Z     ^[[90m123|^[[39m     expect(() => load(rig(flatRotation), rigRegistry())).toThrow(/plug…
integration (node 24)	Run npm run test:integration	2026-08-23T00:22:06.6301059Z     ^[[90m   |^[[39m                                                          ^[[31m^^[[39m
integration (node 24)	Run npm run test:integration	2026-08-23T00:22:06.6302045Z     ^[[90m124|^[[39m     expect(() => load(rig(flatRotation), rigRegistry())).toThrow(/"fk"…
integration (node 24)	Run npm run test:integration	2026-08-23T00:22:06.6302827Z     ^[[90m125|^[[39m   })^[[33m;^[[39m
integration (node 24)	Run npm run test:integration	2026-08-23T00:22:06.6303114Z 
integration (node 24)	Run npm run test:integration	2026-08-23T00:22:06.6303514Z ^[[31m^[[2m⎯⎯⎯⎯⎯⎯⎯⎯⎯⎯⎯⎯⎯⎯⎯⎯⎯⎯⎯⎯⎯[54/124]⎯^[[22m^[[39m
integration (node 24)	Run npm run test:integration	2026-08-23T00:22:06.6303856Z 
integration (node 24)	Run npm run test:integration	2026-08-23T00:22:06.6305580Z ^[[41m^[[1m FAIL ^[[22m^[[49m packages/core/test/integration/per-plugin-key-ownership.test.ts^[[2m > ^[[22mper-plugin keyframe key ownership^[[2m > ^[[22mN-10 publishes grouped leaves under their unprefixed names
integration (node 24)	Run npm run test:integration	2026-08-23T00:22:06.6314770Z ^[[31m^[[1mTypeError^[[22m: property-stops-wrapper at motions[0].tracks[0].keyframes.transform.values.x: The { stops: [...] } wrapper is retired; author the stops array directly as the value. property-stops-wrapper at motions[0].tracks[0].keyframes.transform.values.y: The { stops: [...] } wrapper is retired; author the stops array directly as the value. property-stops-wrapper at motions[0].tracks[0].keyframes.transform.values.rotation: The { stops: [...] } wrapper is retired; author the stops array directly as the value. property-stops-wrapper at motions[0].tracks[1].keyframes.fk.values.length: The { stops: [...] } wrapper is retired; author the stops array directly as the value. property-stops-wrapper at motions[0].tracks[1].keyframes.fk.values.rotation: The { stops: [...] } wrapper is retired; author the stops array directly as the value.^[[39m
integration (node 24)	Run npm run test:integration	2026-08-23T00:22:06.6320597Z ^[[36m ^[[2m❯^[[22m assertValidProject packages/core/src/engine.ts:^[[2m101:11^[[22m^[[39m
integration (node 24)	Run npm run test:integration	2026-08-23T00:22:06.6321786Z     ^[[90m 99|^[[39m   ^[[35mconst^[[39m result ^[[33m=^[[39m ^[[34mvalidateV5^[[39m(project)^[[33m;^[[39m
integration (node 24)	Run npm run test:integration	2026-08-23T00:22:06.6323205Z     ^[[90m100|^[[39m   ^[[35mif^[[39m (^[[33m!^[[39mresult^[[33m.^[[39mvalid ^[[33m||^[[39m result^[[33m.^[[39mvalue ^[[33m===^[[39m ^[[35mnull^[[39m)
integration (node 24)	Run npm run test:integration	2026-08-23T00:22:06.6324378Z     ^[[90m101|^[[39m     ^[[35mthrow^[[39m ^[[35mnew^[[39m ^[[33mTypeError^[[39m(
integration (node 24)	Run npm run test:integration	2026-08-23T00:22:06.6325091Z     ^[[90m   |^[[39m           ^[[31m^^[[39m
integration (node 24)	Run npm run test:integration	2026-08-23T00:22:06.6325990Z     ^[[90m102|^[[39m       result^[[33m.^[[39mdiagnostics^[[33m.^[[39mlength ^[[33m===^[[39m ^[[34m0^[[39m
integration (node 24)	Run npm run test:integration	2026-08-23T00:22:06.6327196Z     ^[[90m103|^[[39m         ^[[33m?^[[39m ^[[32m"Project failed v5 validation."^[[39m
integration (node 24)	Run npm run test:integration	2026-08-23T00:22:06.6328260Z ^[[90m ^[[2m❯^[[22m Engine.load packages/core/src/engine.ts:^[[2m170:29^[[22m^[[39m
integration (node 24)	Run npm run test:integration	2026-08-23T00:22:06.6329614Z ^[[90m ^[[2m❯^[[22m load packages/core/test/integration/per-plugin-key-ownership.test.ts:^[[2m76:6^[[22m^[[39m
integration (node 24)	Run npm run test:integration	2026-08-23T00:22:06.6331163Z ^[[90m ^[[2m❯^[[22m packages/core/test/integration/per-plugin-key-ownership.test.ts:^[[2m128:20^[[22m^[[39m
integration (node 24)	Run npm run test:integration	2026-08-23T00:22:06.6331852Z 
integration (node 24)	Run npm run test:integration	2026-08-23T00:22:06.6332259Z ^[[31m^[[2m⎯⎯⎯⎯⎯⎯⎯⎯⎯⎯⎯⎯⎯⎯⎯⎯⎯⎯⎯⎯⎯[55/124]⎯^[[22m^[[39m
integration (node 24)	Run npm run test:integration	2026-08-23T00:22:06.6332605Z 
integration (node 24)	Run npm run test:integration	2026-08-23T00:22:06.6334579Z ^[[41m^[[1m FAIL ^[[22m^[[49m packages/core/test/integration/phase0-red-baseline.test.ts^[[2m > ^[[22mPhase 0 Red Baseline: Engine Path & Dynamic Correctness^[[2m > ^[[22m1. Engine time playback: project clock tick advances time motion playhead
integration (node 24)	Run npm run test:integration	2026-08-23T00:22:06.6337682Z ^[[31m^[[1mTypeError^[[22m: property-stops-wrapper at motions[0].tracks[0].keyframes.angle: The { stops: [...] } wrapper is retired; author the stops array directly as the value.^[[39m
integration (node 24)	Run npm run test:integration	2026-08-23T00:22:06.6339461Z ^[[36m ^[[2m❯^[[22m assertValidProject packages/core/src/engine.ts:^[[2m101:11^[[22m^[[39m
integration (node 24)	Run npm run test:integration	2026-08-23T00:22:06.6340639Z     ^[[90m 99|^[[39m   ^[[35mconst^[[39m result ^[[33m=^[[39m ^[[34mvalidateV5^[[39m(project)^[[33m;^[[39m
integration (node 24)	Run npm run test:integration	2026-08-23T00:22:06.6342073Z     ^[[90m100|^[[39m   ^[[35mif^[[39m (^[[33m!^[[39mresult^[[33m.^[[39mvalid ^[[33m||^[[39m result^[[33m.^[[39mvalue ^[[33m===^[[39m ^[[35mnull^[[39m)
integration (node 24)	Run npm run test:integration	2026-08-23T00:22:06.6343262Z     ^[[90m101|^[[39m     ^[[35mthrow^[[39m ^[[35mnew^[[39m ^[[33mTypeError^[[39m(
integration (node 24)	Run npm run test:integration	2026-08-23T00:22:06.6343976Z     ^[[90m   |^[[39m           ^[[31m^^[[39m
integration (node 24)	Run npm run test:integration	2026-08-23T00:22:06.6344852Z     ^[[90m102|^[[39m       result^[[33m.^[[39mdiagnostics^[[33m.^[[39mlength ^[[33m===^[[39m ^[[34m0^[[39m
integration (node 24)	Run npm run test:integration	2026-08-23T00:22:06.6345486Z     ^[[90m103|^[[39m         ^[[33m?^[[39m ^[[32m"Project failed v5 validation."^[[39m
integration (node 24)	Run npm run test:integration	2026-08-23T00:22:06.6346116Z ^[[90m ^[[2m❯^[[22m Engine.load packages/core/src/engine.ts:^[[2m170:29^[[22m^[[39m
integration (node 24)	Run npm run test:integration	2026-08-23T00:22:06.6347124Z ^[[90m ^[[2m❯^[[22m packages/core/test/integration/phase0-red-baseline.test.ts:^[[2m40:8^[[22m^[[39m
integration (node 24)	Run npm run test:integration	2026-08-23T00:22:06.6347787Z 
integration (node 24)	Run npm run test:integration	2026-08-23T00:22:06.6348203Z ^[[31m^[[2m⎯⎯⎯⎯⎯⎯⎯⎯⎯⎯⎯⎯⎯⎯⎯⎯⎯⎯⎯⎯⎯[56/124]⎯^[[22m^[[39m
integration (node 24)	Run npm run test:integration	2026-08-23T00:22:06.6348559Z 
integration (node 24)	Run npm run test:integration	2026-08-23T00:22:06.6350753Z ^[[41m^[[1m FAIL ^[[22m^[[49m packages/core/test/integration/phase0-red-baseline.test.ts^[[2m > ^[[22mPhase 0 Red Baseline: Engine Path & Dynamic Correctness^[[2m > ^[[22m2. Multi-track publication: driving a Motion with 2 tracks publishes both node patches in 1 batch
integration (node 24)	Run npm run test:integration	2026-08-23T00:22:06.6353728Z ^[[31m^[[1mTypeError^[[22m: property-stops-wrapper at motions[0].tracks[0].keyframes.x: The { stops: [...] } wrapper is retired; author the stops array directly as the value. property-stops-wrapper at motions[0].tracks[1].keyframes.y: The { stops: [...] } wrapper is retired; author the stops array directly as the value.^[[39m
integration (node 24)	Run npm run test:integration	2026-08-23T00:22:06.6355192Z ^[[36m ^[[2m❯^[[22m assertValidProject packages/core/src/engine.ts:^[[2m101:11^[[22m^[[39m
integration (node 24)	Run npm run test:integration	2026-08-23T00:22:06.6355861Z     ^[[90m 99|^[[39m   ^[[35mconst^[[39m result ^[[33m=^[[39m ^[[34mvalidateV5^[[39m(project)^[[33m;^[[39m
integration (node 24)	Run npm run test:integration	2026-08-23T00:22:06.6356869Z     ^[[90m100|^[[39m   ^[[35mif^[[39m (^[[33m!^[[39mresult^[[33m.^[[39mvalid ^[[33m||^[[39m result^[[33m.^[[39mvalue ^[[33m===^[[39m ^[[35mnull^[[39m)
integration (node 24)	Run npm run test:integration	2026-08-23T00:22:06.6357553Z     ^[[90m101|^[[39m     ^[[35mthrow^[[39m ^[[35mnew^[[39m ^[[33mTypeError^[[39m(
integration (node 24)	Run npm run test:integration	2026-08-23T00:22:06.6357973Z     ^[[90m   |^[[39m           ^[[31m^^[[39m
integration (node 24)	Run npm run test:integration	2026-08-23T00:22:06.6358487Z     ^[[90m102|^[[39m       result^[[33m.^[[39mdiagnostics^[[33m.^[[39mlength ^[[33m===^[[39m ^[[34m0^[[39m
integration (node 24)	Run npm run test:integration	2026-08-23T00:22:06.6359096Z     ^[[90m103|^[[39m         ^[[33m?^[[39m ^[[32m"Project failed v5 validation."^[[39m
integration (node 24)	Run npm run test:integration	2026-08-23T00:22:06.6359703Z ^[[90m ^[[2m❯^[[22m Engine.load packages/core/src/engine.ts:^[[2m170:29^[[22m^[[39m
integration (node 24)	Run npm run test:integration	2026-08-23T00:22:06.6360427Z ^[[90m ^[[2m❯^[[22m packages/core/test/integration/phase0-red-baseline.test.ts:^[[2m98:8^[[22m^[[39m
integration (node 24)	Run npm run test:integration	2026-08-23T00:22:06.6360782Z 
integration (node 24)	Run npm run test:integration	2026-08-23T00:22:06.6361010Z ^[[31m^[[2m⎯⎯⎯⎯⎯⎯⎯⎯⎯⎯⎯⎯⎯⎯⎯⎯⎯⎯⎯⎯⎯[57/124]⎯^[[22m^[[39m
integration (node 24)	Run npm run test:integration	2026-08-23T00:22:06.6361213Z 
integration (node 24)	Run npm run test:integration	2026-08-23T00:22:06.6362453Z ^[[41m^[[1m FAIL ^[[22m^[[49m packages/core/test/integration/phase0-red-baseline.test.ts^[[2m > ^[[22mPhase 0 Red Baseline: Engine Path & Dynamic Correctness^[[2m > ^[[22m3. Adopted-track Engine path: adopted free track compiles keyframes and publishes ready patch
integration (node 24)	Run npm run test:integration	2026-08-23T00:22:06.6364185Z ^[[31m^[[1mTypeError^[[22m: property-stops-wrapper at addTrack(cursor).keyframes.opacity: The { stops: [...] } wrapper is retired; author the stops array directly as the value.^[[39m
integration (node 24)	Run npm run test:integration	2026-08-23T00:22:06.6365320Z ^[[36m ^[[2m❯^[[22m ProjectRuntime.#addTrack packages/core/src/runtime/project-runtime.ts:^[[2m281:13^[[22m^[[39m
integration (node 24)	Run npm run test:integration	2026-08-23T00:22:06.6366082Z     ^[[90m279|^[[39m     const validation = validateTrackDefinition(track, `addTrack(${trac…
integration (node 24)	Run npm run test:integration	2026-08-23T00:22:06.6367015Z     ^[[90m280|^[[39m     ^[[35mif^[[39m (^[[33m!^[[39mvalidation^[[33m.^[[39mvalid ^[[33m||^[[39m ^[[33m!^[[39mvalidation^[[33m.^[[39mvalue)
integration (node 24)	Run npm run test:integration	2026-08-23T00:22:06.6367993Z     ^[[90m281|^[[39m       ^[[35mthrow^[[39m ^[[35mnew^[[39m ^[[33mTypeError^[[39m(^[[34mdescribeDiagnostics^[[39m(validation^[[33m.^[[39mdiagnostics))^[[33m;^[[39m
integration (node 24)	Run npm run test:integration	2026-08-23T00:22:06.6368644Z     ^[[90m   |^[[39m             ^[[31m^^[[39m
integration (node 24)	Run npm run test:integration	2026-08-23T00:22:06.6369168Z     ^[[90m282|^[[39m     ^[[35mconst^[[39m accepted ^[[33m=^[[39m validation^[[33m.^[[39mvalue^[[33m;^[[39m
integration (node 24)	Run npm run test:integration	2026-08-23T00:22:06.6369919Z     ^[[90m283|^[[39m     ^[[35mconst^[[39m token ^[[33m=^[[39m ^[[35mthis^[[39m^[[33m.^[[39m#nextToken^[[33m++^[[39m^[[33m;^[[39m
integration (node 24)	Run npm run test:integration	2026-08-23T00:22:06.6370758Z ^[[90m ^[[2m❯^[[22m ProjectRuntime.adopt packages/core/src/runtime/project-runtime.ts:^[[2m247:25^[[22m^[[39m
integration (node 24)	Run npm run test:integration	2026-08-23T00:22:06.6371582Z ^[[90m ^[[2m❯^[[22m packages/core/test/integration/phase0-red-baseline.test.ts:^[[2m142:31^[[22m^[[39m
integration (node 24)	Run npm run test:integration	2026-08-23T00:22:06.6371954Z 
integration (node 24)	Run npm run test:integration	2026-08-23T00:22:06.6372181Z ^[[31m^[[2m⎯⎯⎯⎯⎯⎯⎯⎯⎯⎯⎯⎯⎯⎯⎯⎯⎯⎯⎯⎯⎯[58/124]⎯^[[22m^[[39m
integration (node 24)	Run npm run test:integration	2026-08-23T00:22:06.6372375Z 
integration (node 24)	Run npm run test:integration	2026-08-23T00:22:06.6373527Z ^[[41m^[[1m FAIL ^[[22m^[[49m packages/core/test/integration/phase0-red-baseline.test.ts^[[2m > ^[[22mPhase 0 Red Baseline: Engine Path & Dynamic Correctness^[[2m > ^[[22m4. Stale scheduled write: paused Motion cancels pending write before scheduler flush
integration (node 24)	Run npm run test:integration	2026-08-23T00:22:06.6375176Z ^[[31m^[[1mTypeError^[[22m: property-stops-wrapper at motions[0].tracks[0].keyframes.x: The { stops: [...] } wrapper is retired; author the stops array directly as the value.^[[39m
integration (node 24)	Run npm run test:integration	2026-08-23T00:22:06.6376479Z ^[[36m ^[[2m❯^[[22m assertValidProject packages/core/src/engine.ts:^[[2m101:11^[[22m^[[39m
integration (node 24)	Run npm run test:integration	2026-08-23T00:22:06.6377156Z     ^[[90m 99|^[[39m   ^[[35mconst^[[39m result ^[[33m=^[[39m ^[[34mvalidateV5^[[39m(project)^[[33m;^[[39m
integration (node 24)	Run npm run test:integration	2026-08-23T00:22:06.6378120Z     ^[[90m100|^[[39m   ^[[35mif^[[39m (^[[33m!^[[39mresult^[[33m.^[[39mvalid ^[[33m||^[[39m result^[[33m.^[[39mvalue ^[[33m===^[[39m ^[[35mnull^[[39m)
integration (node 24)	Run npm run test:integration	2026-08-23T00:22:06.6378796Z     ^[[90m101|^[[39m     ^[[35mthrow^[[39m ^[[35mnew^[[39m ^[[33mTypeError^[[39m(
integration (node 24)	Run npm run test:integration	2026-08-23T00:22:06.6379200Z     ^[[90m   |^[[39m           ^[[31m^^[[39m
integration (node 24)	Run npm run test:integration	2026-08-23T00:22:06.6380181Z     ^[[90m102|^[[39m       result^[[33m.^[[39mdiagnostics^[[33m.^[[39mlength ^[[33m===^[[39m ^[[34m0^[[39m
integration (node 24)	Run npm run test:integration	2026-08-23T00:22:06.6380792Z     ^[[90m103|^[[39m         ^[[33m?^[[39m ^[[32m"Project failed v5 validation."^[[39m
integration (node 24)	Run npm run test:integration	2026-08-23T00:22:06.6381704Z ^[[90m ^[[2m❯^[[22m Engine.load packages/core/src/engine.ts:^[[2m170:29^[[22m^[[39m
integration (node 24)	Run npm run test:integration	2026-08-23T00:22:06.6382631Z ^[[90m ^[[2m❯^[[22m packages/core/test/integration/phase0-red-baseline.test.ts:^[[2m199:8^[[22m^[[39m
integration (node 24)	Run npm run test:integration	2026-08-23T00:22:06.6383017Z 
integration (node 24)	Run npm run test:integration	2026-08-23T00:22:06.6383252Z ^[[31m^[[2m⎯⎯⎯⎯⎯⎯⎯⎯⎯⎯⎯⎯⎯⎯⎯⎯⎯⎯⎯⎯⎯[59/124]⎯^[[22m^[[39m
integration (node 24)	Run npm run test:integration	2026-08-23T00:22:06.6383458Z 
integration (node 24)	Run npm run test:integration	2026-08-23T00:22:06.6385903Z ^[[41m^[[1m FAIL ^[[22m^[[49m packages/core/test/integration/phase0-red-baseline.test.ts^[[2m > ^[[22mPhase 0 Red Baseline: Engine Path & Dynamic Correctness^[[2m > ^[[22m5. Trigger burst behavior: multiple progress signals before flush coalesce to latest progress
integration (node 24)	Run npm run test:integration	2026-08-23T00:22:06.6390471Z ^[[31m^[[1mTypeError^[[22m: property-stops-wrapper at motions[0].tracks[0].keyframes.x: The { stops: [...] } wrapper is retired; author the stops array directly as the value.^[[39m
integration (node 24)	Run npm run test:integration	2026-08-23T00:22:06.6395336Z ^[[36m ^[[2m❯^[[22m assertValidProject packages/core/src/engine.ts:^[[2m101:11^[[22m^[[39m
integration (node 24)	Run npm run test:integration	2026-08-23T00:22:06.6396808Z     ^[[90m 99|^[[39m   ^[[35mconst^[[39m result ^[[33m=^[[39m ^[[34mvalidateV5^[[39m(project)^[[33m;^[[39m
integration (node 24)	Run npm run test:integration	2026-08-23T00:22:06.6398352Z     ^[[90m100|^[[39m   ^[[35mif^[[39m (^[[33m!^[[39mresult^[[33m.^[[39mvalid ^[[33m||^[[39m result^[[33m.^[[39mvalue ^[[33m===^[[39m ^[[35mnull^[[39m)
integration (node 24)	Run npm run test:integration	2026-08-23T00:22:06.6399682Z     ^[[90m101|^[[39m     ^[[35mthrow^[[39m ^[[35mnew^[[39m ^[[33mTypeError^[[39m(
integration (node 24)	Run npm run test:integration	2026-08-23T00:22:06.6400432Z     ^[[90m   |^[[39m           ^[[31m^^[[39m
integration (node 24)	Run npm run test:integration	2026-08-23T00:22:06.6401377Z     ^[[90m102|^[[39m       result^[[33m.^[[39mdiagnostics^[[33m.^[[39mlength ^[[33m===^[[39m ^[[34m0^[[39m
integration (node 24)	Run npm run test:integration	2026-08-23T00:22:06.6402435Z     ^[[90m103|^[[39m         ^[[33m?^[[39m ^[[32m"Project failed v5 validation."^[[39m
integration (node 24)	Run npm run test:integration	2026-08-23T00:22:06.6403521Z ^[[90m ^[[2m❯^[[22m Engine.load packages/core/src/engine.ts:^[[2m170:29^[[22m^[[39m
integration (node 24)	Run npm run test:integration	2026-08-23T00:22:06.6404811Z ^[[90m ^[[2m❯^[[22m packages/core/test/integration/phase0-red-baseline.test.ts:^[[2m245:8^[[22m^[[39m
integration (node 24)	Run npm run test:integration	2026-08-23T00:22:06.6405493Z 
integration (node 24)	Run npm run test:integration	2026-08-23T00:22:06.6405932Z ^[[31m^[[2m⎯⎯⎯⎯⎯⎯⎯⎯⎯⎯⎯⎯⎯⎯⎯⎯⎯⎯⎯⎯⎯[60/124]⎯^[[22m^[[39m
integration (node 24)	Run npm run test:integration	2026-08-23T00:22:06.6406501Z 
integration (node 24)	Run npm run test:integration	2026-08-23T00:22:06.6408596Z ^[[41m^[[1m FAIL ^[[22m^[[49m packages/core/test/integration/phase2-motion-scheduling.test.ts^[[2m > ^[[22mPhase 2: Motion Scheduling & Coalescing^[[2m > ^[[22m1. Ten signals before Scheduler flush produce exactly 1 Track write with latest progress
integration (node 24)	Run npm run test:integration	2026-08-23T00:22:06.6411613Z ^[[31m^[[1mTypeError^[[22m: property-stops-wrapper at motions[0].tracks[0].keyframes.x: The { stops: [...] } wrapper is retired; author the stops array directly as the value.^[[39m
integration (node 24)	Run npm run test:integration	2026-08-23T00:22:06.6413476Z ^[[36m ^[[2m❯^[[22m assertValidProject packages/core/src/engine.ts:^[[2m101:11^[[22m^[[39m
integration (node 24)	Run npm run test:integration	2026-08-23T00:22:06.6414727Z     ^[[90m 99|^[[39m   ^[[35mconst^[[39m result ^[[33m=^[[39m ^[[34mvalidateV5^[[39m(project)^[[33m;^[[39m
integration (node 24)	Run npm run test:integration	2026-08-23T00:22:06.6416208Z     ^[[90m100|^[[39m   ^[[35mif^[[39m (^[[33m!^[[39mresult^[[33m.^[[39mvalid ^[[33m||^[[39m result^[[33m.^[[39mvalue ^[[33m===^[[39m ^[[35mnull^[[39m)
integration (node 24)	Run npm run test:integration	2026-08-23T00:22:06.6417681Z     ^[[90m101|^[[39m     ^[[35mthrow^[[39m ^[[35mnew^[[39m ^[[33mTypeError^[[39m(
integration (node 24)	Run npm run test:integration	2026-08-23T00:22:06.6418138Z     ^[[90m   |^[[39m           ^[[31m^^[[39m
integration (node 24)	Run npm run test:integration	2026-08-23T00:22:06.6418684Z     ^[[90m102|^[[39m       result^[[33m.^[[39mdiagnostics^[[33m.^[[39mlength ^[[33m===^[[39m ^[[34m0^[[39m
integration (node 24)	Run npm run test:integration	2026-08-23T00:22:06.6419837Z     ^[[90m103|^[[39m         ^[[33m?^[[39m ^[[32m"Project failed v5 validation."^[[39m
integration (node 24)	Run npm run test:integration	2026-08-23T00:22:06.6420682Z ^[[90m ^[[2m❯^[[22m Engine.load packages/core/src/engine.ts:^[[2m170:29^[[22m^[[39m
integration (node 24)	Run npm run test:integration	2026-08-23T00:22:06.6421454Z ^[[90m ^[[2m❯^[[22m packages/core/test/integration/phase2-motion-scheduling.test.ts:^[[2m45:8^[[22m^[[39m
integration (node 24)	Run npm run test:integration	2026-08-23T00:22:06.6421987Z 
integration (node 24)	Run npm run test:integration	2026-08-23T00:22:06.6422234Z ^[[31m^[[2m⎯⎯⎯⎯⎯⎯⎯⎯⎯⎯⎯⎯⎯⎯⎯⎯⎯⎯⎯⎯⎯[61/124]⎯^[[22m^[[39m
integration (node 24)	Run npm run test:integration	2026-08-23T00:22:06.6422446Z 
integration (node 24)	Run npm run test:integration	2026-08-23T00:22:06.6423530Z ^[[41m^[[1m FAIL ^[[22m^[[49m packages/core/test/integration/phase2-motion-scheduling.test.ts^[[2m > ^[[22mPhase 2: Motion Scheduling & Coalescing^[[2m > ^[[22m2. Pause cancels pending scheduled write and prevents Track mutation on flush
integration (node 24)	Run npm run test:integration	2026-08-23T00:22:06.6425165Z ^[[31m^[[1mTypeError^[[22m: property-stops-wrapper at motions[0].tracks[0].keyframes.x: The { stops: [...] } wrapper is retired; author the stops array directly as the value.^[[39m
integration (node 24)	Run npm run test:integration	2026-08-23T00:22:06.6426689Z ^[[36m ^[[2m❯^[[22m assertValidProject packages/core/src/engine.ts:^[[2m101:11^[[22m^[[39m
integration (node 24)	Run npm run test:integration	2026-08-23T00:22:06.6427902Z     ^[[90m 99|^[[39m   ^[[35mconst^[[39m result ^[[33m=^[[39m ^[[34mvalidateV5^[[39m(project)^[[33m;^[[39m
integration (node 24)	Run npm run test:integration	2026-08-23T00:22:06.6428900Z     ^[[90m100|^[[39m   ^[[35mif^[[39m (^[[33m!^[[39mresult^[[33m.^[[39mvalid ^[[33m||^[[39m result^[[33m.^[[39mvalue ^[[33m===^[[39m ^[[35mnull^[[39m)
integration (node 24)	Run npm run test:integration	2026-08-23T00:22:06.6429607Z     ^[[90m101|^[[39m     ^[[35mthrow^[[39m ^[[35mnew^[[39m ^[[33mTypeError^[[39m(
integration (node 24)	Run npm run test:integration	2026-08-23T00:22:06.6430023Z     ^[[90m   |^[[39m           ^[[31m^^[[39m
integration (node 24)	Run npm run test:integration	2026-08-23T00:22:06.6430543Z     ^[[90m102|^[[39m       result^[[33m.^[[39mdiagnostics^[[33m.^[[39mlength ^[[33m===^[[39m ^[[34m0^[[39m
integration (node 24)	Run npm run test:integration	2026-08-23T00:22:06.6431143Z     ^[[90m103|^[[39m         ^[[33m?^[[39m ^[[32m"Project failed v5 validation."^[[39m
integration (node 24)	Run npm run test:integration	2026-08-23T00:22:06.6431763Z ^[[90m ^[[2m❯^[[22m Engine.load packages/core/src/engine.ts:^[[2m170:29^[[22m^[[39m
integration (node 24)	Run npm run test:integration	2026-08-23T00:22:06.6432514Z ^[[90m ^[[2m❯^[[22m packages/core/test/integration/phase2-motion-scheduling.test.ts:^[[2m78:8^[[22m^[[39m
integration (node 24)	Run npm run test:integration	2026-08-23T00:22:06.6432908Z 
integration (node 24)	Run npm run test:integration	2026-08-23T00:22:06.6433140Z ^[[31m^[[2m⎯⎯⎯⎯⎯⎯⎯⎯⎯⎯⎯⎯⎯⎯⎯⎯⎯⎯⎯⎯⎯[62/124]⎯^[[22m^[[39m
integration (node 24)	Run npm run test:integration	2026-08-23T00:22:06.6433352Z 
integration (node 24)	Run npm run test:integration	2026-08-23T00:22:06.6434346Z ^[[41m^[[1m FAIL ^[[22m^[[49m packages/core/test/integration/phase2-motion-scheduling.test.ts^[[2m > ^[[22mPhase 2: Motion Scheduling & Coalescing^[[2m > ^[[22m5. Burst signals produce exactly 1 published patch batch
integration (node 24)	Run npm run test:integration	2026-08-23T00:22:06.6435946Z ^[[31m^[[1mTypeError^[[22m: property-stops-wrapper at motions[0].tracks[0].keyframes.x: The { stops: [...] } wrapper is retired; author the stops array directly as the value.^[[39m
integration (node 24)	Run npm run test:integration	2026-08-23T00:22:06.6437838Z ^[[36m ^[[2m❯^[[22m assertValidProject packages/core/src/engine.ts:^[[2m101:11^[[22m^[[39m
integration (node 24)	Run npm run test:integration	2026-08-23T00:22:06.6438612Z     ^[[90m 99|^[[39m   ^[[35mconst^[[39m result ^[[33m=^[[39m ^[[34mvalidateV5^[[39m(project)^[[33m;^[[39m
integration (node 24)	Run npm run test:integration	2026-08-23T00:22:06.6439485Z     ^[[90m100|^[[39m   ^[[35mif^[[39m (^[[33m!^[[39mresult^[[33m.^[[39mvalid ^[[33m||^[[39m result^[[33m.^[[39mvalue ^[[33m===^[[39m ^[[35mnull^[[39m)
integration (node 24)	Run npm run test:integration	2026-08-23T00:22:06.6440169Z     ^[[90m101|^[[39m     ^[[35mthrow^[[39m ^[[35mnew^[[39m ^[[33mTypeError^[[39m(
integration (node 24)	Run npm run test:integration	2026-08-23T00:22:06.6440582Z     ^[[90m   |^[[39m           ^[[31m^^[[39m
integration (node 24)	Run npm run test:integration	2026-08-23T00:22:06.6441119Z     ^[[90m102|^[[39m       result^[[33m.^[[39mdiagnostics^[[33m.^[[39mlength ^[[33m===^[[39m ^[[34m0^[[39m
integration (node 24)	Run npm run test:integration	2026-08-23T00:22:06.6441762Z     ^[[90m103|^[[39m         ^[[33m?^[[39m ^[[32m"Project failed v5 validation."^[[39m
integration (node 24)	Run npm run test:integration	2026-08-23T00:22:06.6442426Z ^[[90m ^[[2m❯^[[22m Engine.load packages/core/src/engine.ts:^[[2m170:29^[[22m^[[39m
integration (node 24)	Run npm run test:integration	2026-08-23T00:22:06.6443180Z ^[[90m ^[[2m❯^[[22m packages/core/test/integration/phase2-motion-scheduling.test.ts:^[[2m168:8^[[22m^[[39m
integration (node 24)	Run npm run test:integration	2026-08-23T00:22:06.6443565Z 
integration (node 24)	Run npm run test:integration	2026-08-23T00:22:06.6443791Z ^[[31m^[[2m⎯⎯⎯⎯⎯⎯⎯⎯⎯⎯⎯⎯⎯⎯⎯⎯⎯⎯⎯⎯⎯[63/124]⎯^[[22m^[[39m
integration (node 24)	Run npm run test:integration	2026-08-23T00:22:06.6443998Z 
integration (node 24)	Run npm run test:integration	2026-08-23T00:22:06.6445186Z ^[[41m^[[1m FAIL ^[[22m^[[49m packages/core/test/integration/phase3-trigger-port.test.ts^[[2m > ^[[22mPhase 3: TriggerPort Migration & Boundary Neutrality^[[2m > ^[[22m3. Manual and custom trigger ports operate without DOM imports in core
integration (node 24)	Run npm run test:integration	2026-08-23T00:22:06.6447352Z ^[[31m^[[1mTypeError^[[22m: property-stops-wrapper at motions[0].tracks[0].keyframes.x: The { stops: [...] } wrapper is retired; author the stops array directly as the value.^[[39m
integration (node 24)	Run npm run test:integration	2026-08-23T00:22:06.6448705Z ^[[36m ^[[2m❯^[[22m assertValidProject packages/core/src/engine.ts:^[[2m101:11^[[22m^[[39m
integration (node 24)	Run npm run test:integration	2026-08-23T00:22:06.6449585Z     ^[[90m 99|^[[39m   ^[[35mconst^[[39m result ^[[33m=^[[39m ^[[34mvalidateV5^[[39m(project)^[[33m;^[[39m
integration (node 24)	Run npm run test:integration	2026-08-23T00:22:06.6450453Z     ^[[90m100|^[[39m   ^[[35mif^[[39m (^[[33m!^[[39mresult^[[33m.^[[39mvalid ^[[33m||^[[39m result^[[33m.^[[39mvalue ^[[33m===^[[39m ^[[35mnull^[[39m)
integration (node 24)	Run npm run test:integration	2026-08-23T00:22:06.6451202Z     ^[[90m101|^[[39m     ^[[35mthrow^[[39m ^[[35mnew^[[39m ^[[33mTypeError^[[39m(
integration (node 24)	Run npm run test:integration	2026-08-23T00:22:06.6451635Z     ^[[90m   |^[[39m           ^[[31m^^[[39m
integration (node 24)	Run npm run test:integration	2026-08-23T00:22:06.6452194Z     ^[[90m102|^[[39m       result^[[33m.^[[39mdiagnostics^[[33m.^[[39mlength ^[[33m===^[[39m ^[[34m0^[[39m
integration (node 24)	Run npm run test:integration	2026-08-23T00:22:06.6452831Z     ^[[90m103|^[[39m         ^[[33m?^[[39m ^[[32m"Project failed v5 validation."^[[39m
integration (node 24)	Run npm run test:integration	2026-08-23T00:22:06.6453477Z ^[[90m ^[[2m❯^[[22m Engine.load packages/core/src/engine.ts:^[[2m170:29^[[22m^[[39m
integration (node 24)	Run npm run test:integration	2026-08-23T00:22:06.6454272Z ^[[90m ^[[2m❯^[[22m packages/core/test/integration/phase3-trigger-port.test.ts:^[[2m109:8^[[22m^[[39m
integration (node 24)	Run npm run test:integration	2026-08-23T00:22:06.6454696Z 
integration (node 24)	Run npm run test:integration	2026-08-23T00:22:06.6454955Z ^[[31m^[[2m⎯⎯⎯⎯⎯⎯⎯⎯⎯⎯⎯⎯⎯⎯⎯⎯⎯⎯⎯⎯⎯[64/124]⎯^[[22m^[[39m
integration (node 24)	Run npm run test:integration	2026-08-23T00:22:06.6455182Z 
integration (node 24)	Run npm run test:integration	2026-08-23T00:22:06.6456857Z ^[[41m^[[1m FAIL ^[[22m^[[49m packages/core/test/integration/phase3-trigger-port.test.ts^[[2m > ^[[22mPhase 3: TriggerPort Migration & Boundary Neutrality^[[2m > ^[[22m4. Single clock invariant: attaching TriggerPorts creates zero secondary clock subscriptions
integration (node 24)	Run npm run test:integration	2026-08-23T00:22:06.6458815Z ^[[31m^[[1mTypeError^[[22m: property-stops-wrapper at motions[0].tracks[0].keyframes.x: The { stops: [...] } wrapper is retired; author the stops array directly as the value.^[[39m
integration (node 24)	Run npm run test:integration	2026-08-23T00:22:06.6459892Z ^[[36m ^[[2m❯^[[22m assertValidProject packages/core/src/engine.ts:^[[2m101:11^[[22m^[[39m
integration (node 24)	Run npm run test:integration	2026-08-23T00:22:06.6460632Z     ^[[90m 99|^[[39m   ^[[35mconst^[[39m result ^[[33m=^[[39m ^[[34mvalidateV5^[[39m(project)^[[33m;^[[39m
integration (node 24)	Run npm run test:integration	2026-08-23T00:22:06.6461503Z     ^[[90m100|^[[39m   ^[[35mif^[[39m (^[[33m!^[[39mresult^[[33m.^[[39mvalid ^[[33m||^[[39m result^[[33m.^[[39mvalue ^[[33m===^[[39m ^[[35mnull^[[39m)
integration (node 24)	Run npm run test:integration	2026-08-23T00:22:06.6462304Z     ^[[90m101|^[[39m     ^[[35mthrow^[[39m ^[[35mnew^[[39m ^[[33mTypeError^[[39m(
integration (node 24)	Run npm run test:integration	2026-08-23T00:22:06.6462781Z     ^[[90m   |^[[39m           ^[[31m^^[[39m
integration (node 24)	Run npm run test:integration	2026-08-23T00:22:06.6463357Z     ^[[90m102|^[[39m       result^[[33m.^[[39mdiagnostics^[[33m.^[[39mlength ^[[33m===^[[39m ^[[34m0^[[39m
integration (node 24)	Run npm run test:integration	2026-08-23T00:22:06.6464015Z     ^[[90m103|^[[39m         ^[[33m?^[[39m ^[[32m"Project failed v5 validation."^[[39m
integration (node 24)	Run npm run test:integration	2026-08-23T00:22:06.6464685Z ^[[90m ^[[2m❯^[[22m Engine.load packages/core/src/engine.ts:^[[2m170:29^[[22m^[[39m
integration (node 24)	Run npm run test:integration	2026-08-23T00:22:06.6465469Z ^[[90m ^[[2m❯^[[22m packages/core/test/integration/phase3-trigger-port.test.ts:^[[2m136:8^[[22m^[[39m
integration (node 24)	Run npm run test:integration	2026-08-23T00:22:06.6465870Z 
integration (node 24)	Run npm run test:integration	2026-08-23T00:22:06.6466122Z ^[[31m^[[2m⎯⎯⎯⎯⎯⎯⎯⎯⎯⎯⎯⎯⎯⎯⎯⎯⎯⎯⎯⎯⎯[65/124]⎯^[[22m^[[39m
integration (node 24)	Run npm run test:integration	2026-08-23T00:22:06.6466596Z 
integration (node 24)	Run npm run test:integration	2026-08-23T00:22:06.6467885Z ^[[41m^[[1m FAIL ^[[22m^[[49m packages/core/test/integration/phase4-dynamic-lifecycle.test.ts^[[2m > ^[[22mPhase 4: Dynamic Graph Lifecycle Hardening^[[2m > ^[[22m6. Keyframe validation is shared: malformed adopted stops are rejected before graph commit
integration (node 24)	Run npm run test:integration	2026-08-23T00:22:06.6469642Z ^[[31m^[[1mAssertionError^[[22m: expected [Function] to throw error matching /stop-position|monoton/ but got 'property-stops-wrapper at addTrack(ba…'^[[39m
integration (node 24)	Run npm run test:integration	2026-08-23T00:22:06.6470291Z 
integration (node 24)	Run npm run test:integration	2026-08-23T00:22:06.6470451Z ^[[32m- Expected:^[[39m
integration (node 24)	Run npm run test:integration	2026-08-23T00:22:06.6470732Z /stop-position|monoton/
integration (node 24)	Run npm run test:integration	2026-08-23T00:22:06.6470899Z 
integration (node 24)	Run npm run test:integration	2026-08-23T00:22:06.6471066Z ^[[31m+ Received:^[[39m
integration (node 24)	Run npm run test:integration	2026-08-23T00:22:06.6471825Z "property-stops-wrapper at addTrack(bad).keyframes.x: The { stops: [...] } wrapper is retired; author the stops array directly as the value."
integration (node 24)	Run npm run test:integration	2026-08-23T00:22:06.6472384Z 
integration (node 24)	Run npm run test:integration	2026-08-23T00:22:06.6472916Z ^[[36m ^[[2m❯^[[22m packages/core/test/integration/phase4-dynamic-lifecycle.test.ts:^[[2m172:47^[[22m^[[39m
integration (node 24)	Run npm run test:integration	2026-08-23T00:22:06.6473528Z     ^[[90m170|^[[39m     }^[[33m;^[[39m
integration (node 24)	Run npm run test:integration	2026-08-23T00:22:06.6473831Z     ^[[90m171|^[[39m
integration (node 24)	Run npm run test:integration	2026-08-23T00:22:06.6474322Z     ^[[90m172|^[[39m     expect(() => runtime.adopt(badTrack, {})).toThrow(/stop-position|m…
integration (node 24)	Run npm run test:integration	2026-08-23T00:22:06.6475151Z     ^[[90m   |^[[39m                                               ^[[31m^^[[39m
integration (node 24)	Run npm run test:integration	2026-08-23T00:22:06.6475672Z     ^[[90m173|^[[39m
integration (node 24)	Run npm run test:integration	2026-08-23T00:22:06.6476134Z     ^[[90m174|^[[39m     ^[[90m// Graph state byte-identical after failed adoption^[[39m
integration (node 24)	Run npm run test:integration	2026-08-23T00:22:06.6476731Z 
integration (node 24)	Run npm run test:integration	2026-08-23T00:22:06.6477012Z ^[[31m^[[2m⎯⎯⎯⎯⎯⎯⎯⎯⎯⎯⎯⎯⎯⎯⎯⎯⎯⎯⎯⎯⎯[66/124]⎯^[[22m^[[39m
integration (node 24)	Run npm run test:integration	2026-08-23T00:22:06.6477245Z 
integration (node 24)	Run npm run test:integration	2026-08-23T00:22:06.6478308Z ^[[41m^[[1m FAIL ^[[22m^[[49m packages/core/test/integration/phase7-walker-demo.test.ts^[[2m > ^[[22mPhase 7: Walker Demo Integration Suite^[[2m > ^[[22m1. Load valid walker project through Engine with plugin registry
integration (node 24)	Run npm run test:integration	2026-08-23T00:22:06.6485153Z ^[[31m^[[1mTypeError^[[22m: property-stops-wrapper at motions[0].tracks[0].keyframes.transform.values.x: The { stops: [...] } wrapper is retired; author the stops array directly as the value. property-stops-wrapper at motions[0].tracks[0].keyframes.transform.values.y: The { stops: [...] } wrapper is retired; author the stops array directly as the value. property-stops-wrapper at motions[0].tracks[0].keyframes.transform.values.rotation: The { stops: [...] } wrapper is retired; author the stops array directly as the value. property-stops-wrapper at motions[0].tracks[1].keyframes.fk.values.length: The { stops: [...] } wrapper is retired; author the stops array directly as the value. property-stops-wrapper at motions[0].tracks[1].keyframes.fk.values.rotation: The { stops: [...] } wrapper is retired; author the stops array directly as the value. property-stops-wrapper at motions[0].tracks[2].keyframes.fk.values.length: The { stops: [...] } wrapper is retired; author the stops array directly as the value. property-stops-wrapper at motions[0].tracks[2].keyframes.fk.values.rotation: The { stops: [...] } wrapper is retired; author the stops array directly as the value.^[[39m
integration (node 24)	Run npm run test:integration	2026-08-23T00:22:06.6490454Z ^[[36m ^[[2m❯^[[22m assertValidProject packages/core/src/engine.ts:^[[2m101:11^[[22m^[[39m
integration (node 24)	Run npm run test:integration	2026-08-23T00:22:06.6491249Z     ^[[90m 99|^[[39m   ^[[35mconst^[[39m result ^[[33m=^[[39m ^[[34mvalidateV5^[[39m(project)^[[33m;^[[39m
integration (node 24)	Run npm run test:integration	2026-08-23T00:22:06.6492124Z     ^[[90m100|^[[39m   ^[[35mif^[[39m (^[[33m!^[[39mresult^[[33m.^[[39mvalid ^[[33m||^[[39m result^[[33m.^[[39mvalue ^[[33m===^[[39m ^[[35mnull^[[39m)
integration (node 24)	Run npm run test:integration	2026-08-23T00:22:06.6492886Z     ^[[90m101|^[[39m     ^[[35mthrow^[[39m ^[[35mnew^[[39m ^[[33mTypeError^[[39m(
integration (node 24)	Run npm run test:integration	2026-08-23T00:22:06.6493337Z     ^[[90m   |^[[39m           ^[[31m^^[[39m
integration (node 24)	Run npm run test:integration	2026-08-23T00:22:06.6493943Z     ^[[90m102|^[[39m       result^[[33m.^[[39mdiagnostics^[[33m.^[[39mlength ^[[33m===^[[39m ^[[34m0^[[39m
integration (node 24)	Run npm run test:integration	2026-08-23T00:22:06.6494606Z     ^[[90m103|^[[39m         ^[[33m?^[[39m ^[[32m"Project failed v5 validation."^[[39m
integration (node 24)	Run npm run test:integration	2026-08-23T00:22:06.6495263Z ^[[90m ^[[2m❯^[[22m Engine.load packages/core/src/engine.ts:^[[2m170:29^[[22m^[[39m
integration (node 24)	Run npm run test:integration	2026-08-23T00:22:06.6496058Z ^[[90m ^[[2m❯^[[22m packages/core/test/integration/phase7-walker-demo.test.ts:^[[2m145:27^[[22m^[[39m
integration (node 24)	Run npm run test:integration	2026-08-23T00:22:06.6496716Z 
integration (node 24)	Run npm run test:integration	2026-08-23T00:22:06.6496994Z ^[[31m^[[2m⎯⎯⎯⎯⎯⎯⎯⎯⎯⎯⎯⎯⎯⎯⎯⎯⎯⎯⎯⎯⎯[67/124]⎯^[[22m^[[39m
integration (node 24)	Run npm run test:integration	2026-08-23T00:22:06.6497243Z 
integration (node 24)	Run npm run test:integration	2026-08-23T00:22:06.6498249Z ^[[41m^[[1m FAIL ^[[22m^[[49m packages/core/test/integration/phase7-walker-demo.test.ts^[[2m > ^[[22mPhase 7: Walker Demo Integration Suite^[[2m > ^[[22m2. Render walker nodes through createDomPatchAdapter
integration (node 24)	Run npm run test:integration	2026-08-23T00:22:06.6505001Z ^[[31m^[[1mTypeError^[[22m: property-stops-wrapper at motions[0].tracks[0].keyframes.transform.values.x: The { stops: [...] } wrapper is retired; author the stops array directly as the value. property-stops-wrapper at motions[0].tracks[0].keyframes.transform.values.y: The { stops: [...] } wrapper is retired; author the stops array directly as the value. property-stops-wrapper at motions[0].tracks[0].keyframes.transform.values.rotation: The { stops: [...] } wrapper is retired; author the stops array directly as the value. property-stops-wrapper at motions[0].tracks[1].keyframes.fk.values.length: The { stops: [...] } wrapper is retired; author the stops array directly as the value. property-stops-wrapper at motions[0].tracks[1].keyframes.fk.values.rotation: The { stops: [...] } wrapper is retired; author the stops array directly as the value. property-stops-wrapper at motions[0].tracks[2].keyframes.fk.values.length: The { stops: [...] } wrapper is retired; author the stops array directly as the value. property-stops-wrapper at motions[0].tracks[2].keyframes.fk.values.rotation: The { stops: [...] } wrapper is retired; author the stops array directly as the value.^[[39m
integration (node 24)	Run npm run test:integration	2026-08-23T00:22:06.6510413Z ^[[36m ^[[2m❯^[[22m assertValidProject packages/core/src/engine.ts:^[[2m101:11^[[22m^[[39m
integration (node 24)	Run npm run test:integration	2026-08-23T00:22:06.6511183Z     ^[[90m 99|^[[39m   ^[[35mconst^[[39m result ^[[33m=^[[39m ^[[34mvalidateV5^[[39m(project)^[[33m;^[[39m
integration (node 24)	Run npm run test:integration	2026-08-23T00:22:06.6512060Z     ^[[90m100|^[[39m   ^[[35mif^[[39m (^[[33m!^[[39mresult^[[33m.^[[39mvalid ^[[33m||^[[39m result^[[33m.^[[39mvalue ^[[33m===^[[39m ^[[35mnull^[[39m)
integration (node 24)	Run npm run test:integration	2026-08-23T00:22:06.6512796Z     ^[[90m101|^[[39m     ^[[35mthrow^[[39m ^[[35mnew^[[39m ^[[33mTypeError^[[39m(
integration (node 24)	Run npm run test:integration	2026-08-23T00:22:06.6513252Z     ^[[90m   |^[[39m           ^[[31m^^[[39m
integration (node 24)	Run npm run test:integration	2026-08-23T00:22:06.6513822Z     ^[[90m102|^[[39m       result^[[33m.^[[39mdiagnostics^[[33m.^[[39mlength ^[[33m===^[[39m ^[[34m0^[[39m
integration (node 24)	Run npm run test:integration	2026-08-23T00:22:06.6514466Z     ^[[90m103|^[[39m         ^[[33m?^[[39m ^[[32m"Project failed v5 validation."^[[39m
integration (node 24)	Run npm run test:integration	2026-08-23T00:22:06.6515142Z ^[[90m ^[[2m❯^[[22m Engine.load packages/core/src/engine.ts:^[[2m170:29^[[22m^[[39m
integration (node 24)	Run npm run test:integration	2026-08-23T00:22:06.6515917Z ^[[90m ^[[2m❯^[[22m packages/core/test/integration/phase7-walker-demo.test.ts:^[[2m164:27^[[22m^[[39m
integration (node 24)	Run npm run test:integration	2026-08-23T00:22:06.6516537Z 
integration (node 24)	Run npm run test:integration	2026-08-23T00:22:06.6516816Z ^[[31m^[[2m⎯⎯⎯⎯⎯⎯⎯⎯⎯⎯⎯⎯⎯⎯⎯⎯⎯⎯⎯⎯⎯[68/124]⎯^[[22m^[[39m
integration (node 24)	Run npm run test:integration	2026-08-23T00:22:06.6517045Z 
integration (node 24)	Run npm run test:integration	2026-08-23T00:22:06.6518110Z ^[[41m^[[1m FAIL ^[[22m^[[49m packages/core/test/integration/phase7-walker-demo.test.ts^[[2m > ^[[22mPhase 7: Walker Demo Integration Suite^[[2m > ^[[22m3. Demonstrate time playback using single injected browser clock
integration (node 24)	Run npm run test:integration	2026-08-23T00:22:06.6524837Z ^[[31m^[[1mTypeError^[[22m: property-stops-wrapper at motions[0].tracks[0].keyframes.transform.values.x: The { stops: [...] } wrapper is retired; author the stops array directly as the value. property-stops-wrapper at motions[0].tracks[0].keyframes.transform.values.y: The { stops: [...] } wrapper is retired; author the stops array directly as the value. property-stops-wrapper at motions[0].tracks[0].keyframes.transform.values.rotation: The { stops: [...] } wrapper is retired; author the stops array directly as the value. property-stops-wrapper at motions[0].tracks[1].keyframes.fk.values.length: The { stops: [...] } wrapper is retired; author the stops array directly as the value. property-stops-wrapper at motions[0].tracks[1].keyframes.fk.values.rotation: The { stops: [...] } wrapper is retired; author the stops array directly as the value. property-stops-wrapper at motions[0].tracks[2].keyframes.fk.values.length: The { stops: [...] } wrapper is retired; author the stops array directly as the value. property-stops-wrapper at motions[0].tracks[2].keyframes.fk.values.rotation: The { stops: [...] } wrapper is retired; author the stops array directly as the value.^[[39m
integration (node 24)	Run npm run test:integration	2026-08-23T00:22:06.6529892Z ^[[36m ^[[2m❯^[[22m assertValidProject packages/core/src/engine.ts:^[[2m101:11^[[22m^[[39m
integration (node 24)	Run npm run test:integration	2026-08-23T00:22:06.6530650Z     ^[[90m 99|^[[39m   ^[[35mconst^[[39m result ^[[33m=^[[39m ^[[34mvalidateV5^[[39m(project)^[[33m;^[[39m
integration (node 24)	Run npm run test:integration	2026-08-23T00:22:06.6531553Z     ^[[90m100|^[[39m   ^[[35mif^[[39m (^[[33m!^[[39mresult^[[33m.^[[39mvalid ^[[33m||^[[39m result^[[33m.^[[39mvalue ^[[33m===^[[39m ^[[35mnull^[[39m)
integration (node 24)	Run npm run test:integration	2026-08-23T00:22:06.6532291Z     ^[[90m101|^[[39m     ^[[35mthrow^[[39m ^[[35mnew^[[39m ^[[33mTypeError^[[39m(
integration (node 24)	Run npm run test:integration	2026-08-23T00:22:06.6532729Z     ^[[90m   |^[[39m           ^[[31m^^[[39m
integration (node 24)	Run npm run test:integration	2026-08-23T00:22:06.6533306Z     ^[[90m102|^[[39m       result^[[33m.^[[39mdiagnostics^[[33m.^[[39mlength ^[[33m===^[[39m ^[[34m0^[[39m
integration (node 24)	Run npm run test:integration	2026-08-23T00:22:06.6533952Z     ^[[90m103|^[[39m         ^[[33m?^[[39m ^[[32m"Project failed v5 validation."^[[39m
integration (node 24)	Run npm run test:integration	2026-08-23T00:22:06.6534628Z ^[[90m ^[[2m❯^[[22m Engine.load packages/core/src/engine.ts:^[[2m170:29^[[22m^[[39m
integration (node 24)	Run npm run test:integration	2026-08-23T00:22:06.6535419Z ^[[90m ^[[2m❯^[[22m packages/core/test/integration/phase7-walker-demo.test.ts:^[[2m199:27^[[22m^[[39m
integration (node 24)	Run npm run test:integration	2026-08-23T00:22:06.6536003Z 
integration (node 24)	Run npm run test:integration	2026-08-23T00:22:06.6536503Z ^[[31m^[[2m⎯⎯⎯⎯⎯⎯⎯⎯⎯⎯⎯⎯⎯⎯⎯⎯⎯⎯⎯⎯⎯[69/124]⎯^[[22m^[[39m
integration (node 24)	Run npm run test:integration	2026-08-23T00:22:06.6536776Z 
integration (node 24)	Run npm run test:integration	2026-08-23T00:22:06.6538080Z ^[[41m^[[1m FAIL ^[[22m^[[49m packages/core/test/integration/phase7-walker-demo.test.ts^[[2m > ^[[22mPhase 7: Walker Demo Integration Suite^[[2m > ^[[22m4. Demonstrate progress through TriggerPort and manual signals
integration (node 24)	Run npm run test:integration	2026-08-23T00:22:06.6544823Z ^[[31m^[[1mTypeError^[[22m: property-stops-wrapper at motions[0].tracks[0].keyframes.transform.values.x: The { stops: [...] } wrapper is retired; author the stops array directly as the value. property-stops-wrapper at motions[0].tracks[0].keyframes.transform.values.y: The { stops: [...] } wrapper is retired; author the stops array directly as the value. property-stops-wrapper at motions[0].tracks[0].keyframes.transform.values.rotation: The { stops: [...] } wrapper is retired; author the stops array directly as the value. property-stops-wrapper at motions[0].tracks[1].keyframes.fk.values.length: The { stops: [...] } wrapper is retired; author the stops array directly as the value. property-stops-wrapper at motions[0].tracks[1].keyframes.fk.values.rotation: The { stops: [...] } wrapper is retired; author the stops array directly as the value. property-stops-wrapper at motions[0].tracks[2].keyframes.fk.values.length: The { stops: [...] } wrapper is retired; author the stops array directly as the value. property-stops-wrapper at motions[0].tracks[2].keyframes.fk.values.rotation: The { stops: [...] } wrapper is retired; author the stops array directly as the value.^[[39m
integration (node 24)	Run npm run test:integration	2026-08-23T00:22:06.6549843Z ^[[36m ^[[2m❯^[[22m assertValidProject packages/core/src/engine.ts:^[[2m101:11^[[22m^[[39m
integration (node 24)	Run npm run test:integration	2026-08-23T00:22:06.6550611Z     ^[[90m 99|^[[39m   ^[[35mconst^[[39m result ^[[33m=^[[39m ^[[34mvalidateV5^[[39m(project)^[[33m;^[[39m
integration (node 24)	Run npm run test:integration	2026-08-23T00:22:06.6551486Z     ^[[90m100|^[[39m   ^[[35mif^[[39m (^[[33m!^[[39mresult^[[33m.^[[39mvalid ^[[33m||^[[39m result^[[33m.^[[39mvalue ^[[33m===^[[39m ^[[35mnull^[[39m)
integration (node 24)	Run npm run test:integration	2026-08-23T00:22:06.6552221Z     ^[[90m101|^[[39m     ^[[35mthrow^[[39m ^[[35mnew^[[39m ^[[33mTypeError^[[39m(
integration (node 24)	Run npm run test:integration	2026-08-23T00:22:06.6552688Z     ^[[90m   |^[[39m           ^[[31m^^[[39m
integration (node 24)	Run npm run test:integration	2026-08-23T00:22:06.6553236Z     ^[[90m102|^[[39m       result^[[33m.^[[39mdiagnostics^[[33m.^[[39mlength ^[[33m===^[[39m ^[[34m0^[[39m
integration (node 24)	Run npm run test:integration	2026-08-23T00:22:06.6554020Z     ^[[90m103|^[[39m         ^[[33m?^[[39m ^[[32m"Project failed v5 validation."^[[39m
integration (node 24)	Run npm run test:integration	2026-08-23T00:22:06.6554634Z ^[[90m ^[[2m❯^[[22m Engine.load packages/core/src/engine.ts:^[[2m170:29^[[22m^[[39m
integration (node 24)	Run npm run test:integration	2026-08-23T00:22:06.6555398Z ^[[90m ^[[2m❯^[[22m packages/core/test/integration/phase7-walker-demo.test.ts:^[[2m219:8^[[22m^[[39m
integration (node 24)	Run npm run test:integration	2026-08-23T00:22:06.6555791Z 
integration (node 24)	Run npm run test:integration	2026-08-23T00:22:06.6556025Z ^[[31m^[[2m⎯⎯⎯⎯⎯⎯⎯⎯⎯⎯⎯⎯⎯⎯⎯⎯⎯⎯⎯⎯⎯[70/124]⎯^[[22m^[[39m
integration (node 24)	Run npm run test:integration	2026-08-23T00:22:06.6556473Z 
integration (node 24)	Run npm run test:integration	2026-08-23T00:22:06.6557523Z ^[[41m^[[1m FAIL ^[[22m^[[49m packages/core/test/integration/phase7-walker-demo.test.ts^[[2m > ^[[22mPhase 7: Walker Demo Integration Suite^[[2m > ^[[22m5. Render multiple tracks from one Motion in one published batch
integration (node 24)	Run npm run test:integration	2026-08-23T00:22:06.6565673Z ^[[31m^[[1mTypeError^[[22m: property-stops-wrapper at motions[0].tracks[0].keyframes.transform.values.x: The { stops: [...] } wrapper is retired; author the stops array directly as the value. property-stops-wrapper at motions[0].tracks[0].keyframes.transform.values.y: The { stops: [...] } wrapper is retired; author the stops array directly as the value. property-stops-wrapper at motions[0].tracks[0].keyframes.transform.values.rotation: The { stops: [...] } wrapper is retired; author the stops array directly as the value. property-stops-wrapper at motions[0].tracks[1].keyframes.fk.values.length: The { stops: [...] } wrapper is retired; author the stops array directly as the value. property-stops-wrapper at motions[0].tracks[1].keyframes.fk.values.rotation: The { stops: [...] } wrapper is retired; author the stops array directly as the value. property-stops-wrapper at motions[0].tracks[2].keyframes.fk.values.length: The { stops: [...] } wrapper is retired; author the stops array directly as the value. property-stops-wrapper at motions[0].tracks[2].keyframes.fk.values.rotation: The { stops: [...] } wrapper is retired; author the stops array directly as the value.^[[39m
integration (node 24)	Run npm run test:integration	2026-08-23T00:22:06.6570917Z ^[[36m ^[[2m❯^[[22m assertValidProject packages/core/src/engine.ts:^[[2m101:11^[[22m^[[39m
integration (node 24)	Run npm run test:integration	2026-08-23T00:22:06.6571806Z     ^[[90m 99|^[[39m   ^[[35mconst^[[39m result ^[[33m=^[[39m ^[[34mvalidateV5^[[39m(project)^[[33m;^[[39m
integration (node 24)	Run npm run test:integration	2026-08-23T00:22:06.6572634Z     ^[[90m100|^[[39m   ^[[35mif^[[39m (^[[33m!^[[39mresult^[[33m.^[[39mvalid ^[[33m||^[[39m result^[[33m.^[[39mvalue ^[[33m===^[[39m ^[[35mnull^[[39m)
integration (node 24)	Run npm run test:integration	2026-08-23T00:22:06.6573318Z     ^[[90m101|^[[39m     ^[[35mthrow^[[39m ^[[35mnew^[[39m ^[[33mTypeError^[[39m(
integration (node 24)	Run npm run test:integration	2026-08-23T00:22:06.6573744Z     ^[[90m   |^[[39m           ^[[31m^^[[39m
integration (node 24)	Run npm run test:integration	2026-08-23T00:22:06.6574281Z     ^[[90m102|^[[39m       result^[[33m.^[[39mdiagnostics^[[33m.^[[39mlength ^[[33m===^[[39m ^[[34m0^[[39m
integration (node 24)	Run npm run test:integration	2026-08-23T00:22:06.6574891Z     ^[[90m103|^[[39m         ^[[33m?^[[39m ^[[32m"Project failed v5 validation."^[[39m
integration (node 24)	Run npm run test:integration	2026-08-23T00:22:06.6575524Z ^[[90m ^[[2m❯^[[22m Engine.load packages/core/src/engine.ts:^[[2m170:29^[[22m^[[39m
integration (node 24)	Run npm run test:integration	2026-08-23T00:22:06.6577996Z ^[[90m ^[[2m❯^[[22m packages/core/test/integration/phase7-walker-demo.test.ts:^[[2m243:8^[[22m^[[39m
integration (node 24)	Run npm run test:integration	2026-08-23T00:22:06.6578443Z 
integration (node 24)	Run npm run test:integration	2026-08-23T00:22:06.6578853Z ^[[31m^[[2m⎯⎯⎯⎯⎯⎯⎯⎯⎯⎯⎯⎯⎯⎯⎯⎯⎯⎯⎯⎯⎯[71/124]⎯^[[22m^[[39m
integration (node 24)	Run npm run test:integration	2026-08-23T00:22:06.6579131Z 
integration (node 24)	Run npm run test:integration	2026-08-23T00:22:06.6580227Z ^[[41m^[[1m FAIL ^[[22m^[[49m packages/core/test/integration/phase7-walker-demo.test.ts^[[2m > ^[[22mPhase 7: Walker Demo Integration Suite^[[2m > ^[[22m6. Demonstrate FK graph observation dependency chain (pelvis -> thigh -> shin)
integration (node 24)	Run npm run test:integration	2026-08-23T00:22:06.6586947Z ^[[31m^[[1mTypeError^[[22m: property-stops-wrapper at motions[0].tracks[0].keyframes.transform.values.x: The { stops: [...] } wrapper is retired; author the stops array directly as the value. property-stops-wrapper at motions[0].tracks[0].keyframes.transform.values.y: The { stops: [...] } wrapper is retired; author the stops array directly as the value. property-stops-wrapper at motions[0].tracks[0].keyframes.transform.values.rotation: The { stops: [...] } wrapper is retired; author the stops array directly as the value. property-stops-wrapper at motions[0].tracks[1].keyframes.fk.values.length: The { stops: [...] } wrapper is retired; author the stops array directly as the value. property-stops-wrapper at motions[0].tracks[1].keyframes.fk.values.rotation: The { stops: [...] } wrapper is retired; author the stops array directly as the value. property-stops-wrapper at motions[0].tracks[2].keyframes.fk.values.length: The { stops: [...] } wrapper is retired; author the stops array directly as the value. property-stops-wrapper at motions[0].tracks[2].keyframes.fk.values.rotation: The { stops: [...] } wrapper is retired; author the stops array directly as the value.^[[39m
integration (node 24)	Run npm run test:integration	2026-08-23T00:22:06.6591540Z ^[[36m ^[[2m❯^[[22m assertValidProject packages/core/src/engine.ts:^[[2m101:11^[[22m^[[39m
integration (node 24)	Run npm run test:integration	2026-08-23T00:22:06.6592239Z     ^[[90m 99|^[[39m   ^[[35mconst^[[39m result ^[[33m=^[[39m ^[[34mvalidateV5^[[39m(project)^[[33m;^[[39m
integration (node 24)	Run npm run test:integration	2026-08-23T00:22:06.6593044Z     ^[[90m100|^[[39m   ^[[35mif^[[39m (^[[33m!^[[39mresult^[[33m.^[[39mvalid ^[[33m||^[[39m result^[[33m.^[[39mvalue ^[[33m===^[[39m ^[[35mnull^[[39m)
integration (node 24)	Run npm run test:integration	2026-08-23T00:22:06.6593743Z     ^[[90m101|^[[39m     ^[[35mthrow^[[39m ^[[35mnew^[[39m ^[[33mTypeError^[[39m(
integration (node 24)	Run npm run test:integration	2026-08-23T00:22:06.6594162Z     ^[[90m   |^[[39m           ^[[31m^^[[39m
integration (node 24)	Run npm run test:integration	2026-08-23T00:22:06.6594676Z     ^[[90m102|^[[39m       result^[[33m.^[[39mdiagnostics^[[33m.^[[39mlength ^[[33m===^[[39m ^[[34m0^[[39m
integration (node 24)	Run npm run test:integration	2026-08-23T00:22:06.6595272Z     ^[[90m103|^[[39m         ^[[33m?^[[39m ^[[32m"Project failed v5 validation."^[[39m
integration (node 24)	Run npm run test:integration	2026-08-23T00:22:06.6595883Z ^[[90m ^[[2m❯^[[22m Engine.load packages/core/src/engine.ts:^[[2m170:29^[[22m^[[39m
integration (node 24)	Run npm run test:integration	2026-08-23T00:22:06.6596856Z ^[[90m ^[[2m❯^[[22m packages/core/test/integration/phase7-walker-demo.test.ts:^[[2m269:8^[[22m^[[39m
integration (node 24)	Run npm run test:integration	2026-08-23T00:22:06.6597238Z 
integration (node 24)	Run npm run test:integration	2026-08-23T00:22:06.6597480Z ^[[31m^[[2m⎯⎯⎯⎯⎯⎯⎯⎯⎯⎯⎯⎯⎯⎯⎯⎯⎯⎯⎯⎯⎯[72/124]⎯^[[22m^[[39m
integration (node 24)	Run npm run test:integration	2026-08-23T00:22:06.6597681Z 
integration (node 24)	Run npm run test:integration	2026-08-23T00:22:06.6598691Z ^[[41m^[[1m FAIL ^[[22m^[[49m packages/core/test/integration/phase7-walker-demo.test.ts^[[2m > ^[[22mPhase 7: Walker Demo Integration Suite^[[2m > ^[[22m7. Mount, unmount, remount, and dispose without duplicate subscriptions
integration (node 24)	Run npm run test:integration	2026-08-23T00:22:06.6605274Z ^[[31m^[[1mTypeError^[[22m: property-stops-wrapper at motions[0].tracks[0].keyframes.transform.values.x: The { stops: [...] } wrapper is retired; author the stops array directly as the value. property-stops-wrapper at motions[0].tracks[0].keyframes.transform.values.y: The { stops: [...] } wrapper is retired; author the stops array directly as the value. property-stops-wrapper at motions[0].tracks[0].keyframes.transform.values.rotation: The { stops: [...] } wrapper is retired; author the stops array directly as the value. property-stops-wrapper at motions[0].tracks[1].keyframes.fk.values.length: The { stops: [...] } wrapper is retired; author the stops array directly as the value. property-stops-wrapper at motions[0].tracks[1].keyframes.fk.values.rotation: The { stops: [...] } wrapper is retired; author the stops array directly as the value. property-stops-wrapper at motions[0].tracks[2].keyframes.fk.values.length: The { stops: [...] } wrapper is retired; author the stops array directly as the value. property-stops-wrapper at motions[0].tracks[2].keyframes.fk.values.rotation: The { stops: [...] } wrapper is retired; author the stops array directly as the value.^[[39m
integration (node 24)	Run npm run test:integration	2026-08-23T00:22:06.6610244Z ^[[36m ^[[2m❯^[[22m assertValidProject packages/core/src/engine.ts:^[[2m101:11^[[22m^[[39m
integration (node 24)	Run npm run test:integration	2026-08-23T00:22:06.6610936Z     ^[[90m 99|^[[39m   ^[[35mconst^[[39m result ^[[33m=^[[39m ^[[34mvalidateV5^[[39m(project)^[[33m;^[[39m
integration (node 24)	Run npm run test:integration	2026-08-23T00:22:06.6611747Z     ^[[90m100|^[[39m   ^[[35mif^[[39m (^[[33m!^[[39mresult^[[33m.^[[39mvalid ^[[33m||^[[39m result^[[33m.^[[39mvalue ^[[33m===^[[39m ^[[35mnull^[[39m)
integration (node 24)	Run npm run test:integration	2026-08-23T00:22:06.6612440Z     ^[[90m101|^[[39m     ^[[35mthrow^[[39m ^[[35mnew^[[39m ^[[33mTypeError^[[39m(
integration (node 24)	Run npm run test:integration	2026-08-23T00:22:06.6612855Z     ^[[90m   |^[[39m           ^[[31m^^[[39m
integration (node 24)	Run npm run test:integration	2026-08-23T00:22:06.6613378Z     ^[[90m102|^[[39m       result^[[33m.^[[39mdiagnostics^[[33m.^[[39mlength ^[[33m===^[[39m ^[[34m0^[[39m
integration (node 24)	Run npm run test:integration	2026-08-23T00:22:06.6613992Z     ^[[90m103|^[[39m         ^[[33m?^[[39m ^[[32m"Project failed v5 validation."^[[39m
integration (node 24)	Run npm run test:integration	2026-08-23T00:22:06.6614605Z ^[[90m ^[[2m❯^[[22m Engine.load packages/core/src/engine.ts:^[[2m170:29^[[22m^[[39m
integration (node 24)	Run npm run test:integration	2026-08-23T00:22:06.6615338Z ^[[90m ^[[2m❯^[[22m packages/core/test/integration/phase7-walker-demo.test.ts:^[[2m305:8^[[22m^[[39m
integration (node 24)	Run npm run test:integration	2026-08-23T00:22:06.6615699Z 
integration (node 24)	Run npm run test:integration	2026-08-23T00:22:06.6615932Z ^[[31m^[[2m⎯⎯⎯⎯⎯⎯⎯⎯⎯⎯⎯⎯⎯⎯⎯⎯⎯⎯⎯⎯⎯[73/124]⎯^[[22m^[[39m
integration (node 24)	Run npm run test:integration	2026-08-23T00:22:06.6616143Z 
integration (node 24)	Run npm run test:integration	2026-08-23T00:22:06.6617431Z ^[[41m^[[1m FAIL ^[[22m^[[49m packages/core/test/integration/phase7-walker-demo.test.ts^[[2m > ^[[22mPhase 7: Walker Demo Integration Suite^[[2m > ^[[22m8. Show blocked/pending/error diagnostics without crashing the app
integration (node 24)	Run npm run test:integration	2026-08-23T00:22:06.6623858Z ^[[31m^[[1mTypeError^[[22m: property-stops-wrapper at motions[0].tracks[0].keyframes.transform.values.x: The { stops: [...] } wrapper is retired; author the stops array directly as the value. property-stops-wrapper at motions[0].tracks[0].keyframes.transform.values.y: The { stops: [...] } wrapper is retired; author the stops array directly as the value. property-stops-wrapper at motions[0].tracks[0].keyframes.transform.values.rotation: The { stops: [...] } wrapper is retired; author the stops array directly as the value. property-stops-wrapper at motions[0].tracks[1].keyframes.fk.values.length: The { stops: [...] } wrapper is retired; author the stops array directly as the value. property-stops-wrapper at motions[0].tracks[1].keyframes.fk.values.rotation: The { stops: [...] } wrapper is retired; author the stops array directly as the value. property-stops-wrapper at motions[0].tracks[2].keyframes.fk.values.length: The { stops: [...] } wrapper is retired; author the stops array directly as the value. property-stops-wrapper at motions[0].tracks[2].keyframes.fk.values.rotation: The { stops: [...] } wrapper is retired; author the stops array directly as the value.^[[39m
integration (node 24)	Run npm run test:integration	2026-08-23T00:22:06.6629495Z ^[[36m ^[[2m❯^[[22m assertValidProject packages/core/src/engine.ts:^[[2m101:11^[[22m^[[39m
integration (node 24)	Run npm run test:integration	2026-08-23T00:22:06.6630235Z     ^[[90m 99|^[[39m   ^[[35mconst^[[39m result ^[[33m=^[[39m ^[[34mvalidateV5^[[39m(project)^[[33m;^[[39m
integration (node 24)	Run npm run test:integration	2026-08-23T00:22:06.6631090Z     ^[[90m100|^[[39m   ^[[35mif^[[39m (^[[33m!^[[39mresult^[[33m.^[[39mvalid ^[[33m||^[[39m result^[[33m.^[[39mvalue ^[[33m===^[[39m ^[[35mnull^[[39m)
integration (node 24)	Run npm run test:integration	2026-08-23T00:22:06.6631783Z     ^[[90m101|^[[39m     ^[[35mthrow^[[39m ^[[35mnew^[[39m ^[[33mTypeError^[[39m(
integration (node 24)	Run npm run test:integration	2026-08-23T00:22:06.6632226Z     ^[[90m   |^[[39m           ^[[31m^^[[39m
integration (node 24)	Run npm run test:integration	2026-08-23T00:22:06.6632755Z     ^[[90m102|^[[39m       result^[[33m.^[[39mdiagnostics^[[33m.^[[39mlength ^[[33m===^[[39m ^[[34m0^[[39m
integration (node 24)	Run npm run test:integration	2026-08-23T00:22:06.6633352Z     ^[[90m103|^[[39m         ^[[33m?^[[39m ^[[32m"Project failed v5 validation."^[[39m
integration (node 24)	Run npm run test:integration	2026-08-23T00:22:06.6633967Z ^[[90m ^[[2m❯^[[22m Engine.load packages/core/src/engine.ts:^[[2m170:29^[[22m^[[39m
integration (node 24)	Run npm run test:integration	2026-08-23T00:22:06.6634691Z ^[[90m ^[[2m❯^[[22m packages/core/test/integration/phase7-walker-demo.test.ts:^[[2m330:8^[[22m^[[39m
integration (node 24)	Run npm run test:integration	2026-08-23T00:22:06.6635057Z 
integration (node 24)	Run npm run test:integration	2026-08-23T00:22:06.6635285Z ^[[31m^[[2m⎯⎯⎯⎯⎯⎯⎯⎯⎯⎯⎯⎯⎯⎯⎯⎯⎯⎯⎯⎯⎯[74/124]⎯^[[22m^[[39m
integration (node 24)	Run npm run test:integration	2026-08-23T00:22:06.6635509Z 
integration (node 24)	Run npm run test:integration	2026-08-23T00:22:06.6636703Z ^[[41m^[[1m FAIL ^[[22m^[[49m packages/core/test/integration/phase7-walker-demo.test.ts^[[2m > ^[[22mPhase 7: Walker Demo Integration Suite^[[2m > ^[[22m9. Use React usePatch hook at the React boundary
integration (node 24)	Run npm run test:integration	2026-08-23T00:22:06.6643033Z ^[[31m^[[1mTypeError^[[22m: property-stops-wrapper at motions[0].tracks[0].keyframes.transform.values.x: The { stops: [...] } wrapper is retired; author the stops array directly as the value. property-stops-wrapper at motions[0].tracks[0].keyframes.transform.values.y: The { stops: [...] } wrapper is retired; author the stops array directly as the value. property-stops-wrapper at motions[0].tracks[0].keyframes.transform.values.rotation: The { stops: [...] } wrapper is retired; author the stops array directly as the value. property-stops-wrapper at motions[0].tracks[1].keyframes.fk.values.length: The { stops: [...] } wrapper is retired; author the stops array directly as the value. property-stops-wrapper at motions[0].tracks[1].keyframes.fk.values.rotation: The { stops: [...] } wrapper is retired; author the stops array directly as the value. property-stops-wrapper at motions[0].tracks[2].keyframes.fk.values.length: The { stops: [...] } wrapper is retired; author the stops array directly as the value. property-stops-wrapper at motions[0].tracks[2].keyframes.fk.values.rotation: The { stops: [...] } wrapper is retired; author the stops array directly as the value.^[[39m
integration (node 24)	Run npm run test:integration	2026-08-23T00:22:06.6647772Z ^[[36m ^[[2m❯^[[22m assertValidProject packages/core/src/engine.ts:^[[2m101:11^[[22m^[[39m
integration (node 24)	Run npm run test:integration	2026-08-23T00:22:06.6648461Z     ^[[90m 99|^[[39m   ^[[35mconst^[[39m result ^[[33m=^[[39m ^[[34mvalidateV5^[[39m(project)^[[33m;^[[39m
integration (node 24)	Run npm run test:integration	2026-08-23T00:22:06.6649265Z     ^[[90m100|^[[39m   ^[[35mif^[[39m (^[[33m!^[[39mresult^[[33m.^[[39mvalid ^[[33m||^[[39m result^[[33m.^[[39mvalue ^[[33m===^[[39m ^[[35mnull^[[39m)
integration (node 24)	Run npm run test:integration	2026-08-23T00:22:06.6649942Z     ^[[90m101|^[[39m     ^[[35mthrow^[[39m ^[[35mnew^[[39m ^[[33mTypeError^[[39m(
integration (node 24)	Run npm run test:integration	2026-08-23T00:22:06.6650367Z     ^[[90m   |^[[39m           ^[[31m^^[[39m
integration (node 24)	Run npm run test:integration	2026-08-23T00:22:06.6651086Z     ^[[90m102|^[[39m       result^[[33m.^[[39mdiagnostics^[[33m.^[[39mlength ^[[33m===^[[39m ^[[34m0^[[39m
integration (node 24)	Run npm run test:integration	2026-08-23T00:22:06.6651691Z     ^[[90m103|^[[39m         ^[[33m?^[[39m ^[[32m"Project failed v5 validation."^[[39m
integration (node 24)	Run npm run test:integration	2026-08-23T00:22:06.6652441Z ^[[90m ^[[2m❯^[[22m Engine.load packages/core/src/engine.ts:^[[2m170:29^[[22m^[[39m
integration (node 24)	Run npm run test:integration	2026-08-23T00:22:06.6653162Z ^[[90m ^[[2m❯^[[22m packages/core/test/integration/phase7-walker-demo.test.ts:^[[2m351:8^[[22m^[[39m
integration (node 24)	Run npm run test:integration	2026-08-23T00:22:06.6653584Z 
integration (node 24)	Run npm run test:integration	2026-08-23T00:22:06.6653985Z ^[[31m^[[2m⎯⎯⎯⎯⎯⎯⎯⎯⎯⎯⎯⎯⎯⎯⎯⎯⎯⎯⎯⎯⎯[75/124]⎯^[[22m^[[39m
integration (node 24)	Run npm run test:integration	2026-08-23T00:22:06.6654009Z 
integration (node 24)	Run npm run test:integration	2026-08-23T00:22:06.6655454Z ^[[41m^[[1m FAIL ^[[22m^[[49m packages/core/test/integration/phase7-walker-demo.test.ts^[[2m > ^[[22mPhase 7: Walker Demo Integration Suite^[[2m > ^[[22m10. Automated end-to-end integration test passes clean
integration (node 24)	Run npm run test:integration	2026-08-23T00:22:06.6662551Z ^[[31m^[[1mTypeError^[[22m: property-stops-wrapper at motions[0].tracks[0].keyframes.transform.values.x: The { stops: [...] } wrapper is retired; author the stops array directly as the value. property-stops-wrapper at motions[0].tracks[0].keyframes.transform.values.y: The { stops: [...] } wrapper is retired; author the stops array directly as the value. property-stops-wrapper at motions[0].tracks[0].keyframes.transform.values.rotation: The { stops: [...] } wrapper is retired; author the stops array directly as the value. property-stops-wrapper at motions[0].tracks[1].keyframes.fk.values.length: The { stops: [...] } wrapper is retired; author the stops array directly as the value. property-stops-wrapper at motions[0].tracks[1].keyframes.fk.values.rotation: The { stops: [...] } wrapper is retired; author the stops array directly as the value. property-stops-wrapper at motions[0].tracks[2].keyframes.fk.values.length: The { stops: [...] } wrapper is retired; author the stops array directly as the value. property-stops-wrapper at motions[0].tracks[2].keyframes.fk.values.rotation: The { stops: [...] } wrapper is retired; author the stops array directly as the value.^[[39m
integration (node 24)	Run npm run test:integration	2026-08-23T00:22:06.6663082Z ^[[36m ^[[2m❯^[[22m assertValidProject packages/core/src/engine.ts:^[[2m101:11^[[22m^[[39m
integration (node 24)	Run npm run test:integration	2026-08-23T00:22:06.6663459Z     ^[[90m 99|^[[39m   ^[[35mconst^[[39m result ^[[33m=^[[39m ^[[34mvalidateV5^[[39m(project)^[[33m;^[[39m
integration (node 24)	Run npm run test:integration	2026-08-23T00:22:06.6663970Z     ^[[90m100|^[[39m   ^[[35mif^[[39m (^[[33m!^[[39mresult^[[33m.^[[39mvalid ^[[33m||^[[39m result^[[33m.^[[39mvalue ^[[33m===^[[39m ^[[35mnull^[[39m)
integration (node 24)	Run npm run test:integration	2026-08-23T00:22:06.6664241Z     ^[[90m101|^[[39m     ^[[35mthrow^[[39m ^[[35mnew^[[39m ^[[33mTypeError^[[39m(
integration (node 24)	Run npm run test:integration	2026-08-23T00:22:06.6664396Z     ^[[90m   |^[[39m           ^[[31m^^[[39m
integration (node 24)	Run npm run test:integration	2026-08-23T00:22:06.6664745Z     ^[[90m102|^[[39m       result^[[33m.^[[39mdiagnostics^[[33m.^[[39mlength ^[[33m===^[[39m ^[[34m0^[[39m
integration (node 24)	Run npm run test:integration	2026-08-23T00:22:06.6665026Z     ^[[90m103|^[[39m         ^[[33m?^[[39m ^[[32m"Project failed v5 validation."^[[39m
integration (node 24)	Run npm run test:integration	2026-08-23T00:22:06.6665364Z ^[[90m ^[[2m❯^[[22m Engine.load packages/core/src/engine.ts:^[[2m170:29^[[22m^[[39m
integration (node 24)	Run npm run test:integration	2026-08-23T00:22:06.6665797Z ^[[90m ^[[2m❯^[[22m packages/core/test/integration/phase7-walker-demo.test.ts:^[[2m387:8^[[22m^[[39m
integration (node 24)	Run npm run test:integration	2026-08-23T00:22:06.6665815Z 
integration (node 24)	Run npm run test:integration	2026-08-23T00:22:06.6666052Z ^[[31m^[[2m⎯⎯⎯⎯⎯⎯⎯⎯⎯⎯⎯⎯⎯⎯⎯⎯⎯⎯⎯⎯⎯[76/124]⎯^[[22m^[[39m
integration (node 24)	Run npm run test:integration	2026-08-23T00:22:06.6666060Z 
integration (node 24)	Run npm run test:integration	2026-08-23T00:22:06.6667523Z ^[[41m^[[1m FAIL ^[[22m^[[49m packages/core/test/integration/plugin-group-values-section.test.ts^[[2m > ^[[22man explicit values section inside plugin groups^[[2m > ^[[22mY-1 compiles the values section to leaves and the requires section to nothing
integration (node 24)	Run npm run test:integration	2026-08-23T00:22:06.6668454Z ^[[31m^[[1mTypeError^[[22m: property-stops-wrapper at motions[0].tracks[1].keyframes.fk.values.length: The { stops: [...] } wrapper is retired; author the stops array directly as the value.^[[39m
integration (node 24)	Run npm run test:integration	2026-08-23T00:22:06.6668845Z ^[[36m ^[[2m❯^[[22m assertValidProject packages/core/src/engine.ts:^[[2m101:11^[[22m^[[39m
integration (node 24)	Run npm run test:integration	2026-08-23T00:22:06.6669212Z     ^[[90m 99|^[[39m   ^[[35mconst^[[39m result ^[[33m=^[[39m ^[[34mvalidateV5^[[39m(project)^[[33m;^[[39m
integration (node 24)	Run npm run test:integration	2026-08-23T00:22:06.6669708Z     ^[[90m100|^[[39m   ^[[35mif^[[39m (^[[33m!^[[39mresult^[[33m.^[[39mvalid ^[[33m||^[[39m result^[[33m.^[[39mvalue ^[[33m===^[[39m ^[[35mnull^[[39m)
integration (node 24)	Run npm run test:integration	2026-08-23T00:22:06.6670187Z     ^[[90m101|^[[39m     ^[[35mthrow^[[39m ^[[35mnew^[[39m ^[[33mTypeError^[[39m(
integration (node 24)	Run npm run test:integration	2026-08-23T00:22:06.6670344Z     ^[[90m   |^[[39m           ^[[31m^^[[39m
integration (node 24)	Run npm run test:integration	2026-08-23T00:22:06.6670809Z     ^[[90m102|^[[39m       result^[[33m.^[[39mdiagnostics^[[33m.^[[39mlength ^[[33m===^[[39m ^[[34m0^[[39m
integration (node 24)	Run npm run test:integration	2026-08-23T00:22:06.6671101Z     ^[[90m103|^[[39m         ^[[33m?^[[39m ^[[32m"Project failed v5 validation."^[[39m
integration (node 24)	Run npm run test:integration	2026-08-23T00:22:06.6671454Z ^[[90m ^[[2m❯^[[22m Engine.load packages/core/src/engine.ts:^[[2m170:29^[[22m^[[39m
integration (node 24)	Run npm run test:integration	2026-08-23T00:22:06.6671967Z ^[[90m ^[[2m❯^[[22m load packages/core/test/integration/plugin-group-values-section.test.ts:^[[2m133:6^[[22m^[[39m
integration (node 24)	Run npm run test:integration	2026-08-23T00:22:06.6672454Z ^[[90m ^[[2m❯^[[22m packages/core/test/integration/plugin-group-values-section.test.ts:^[[2m147:20^[[22m^[[39m
integration (node 24)	Run npm run test:integration	2026-08-23T00:22:06.6672464Z 
integration (node 24)	Run npm run test:integration	2026-08-23T00:22:06.6672696Z ^[[31m^[[2m⎯⎯⎯⎯⎯⎯⎯⎯⎯⎯⎯⎯⎯⎯⎯⎯⎯⎯⎯⎯⎯[77/124]⎯^[[22m^[[39m
integration (node 24)	Run npm run test:integration	2026-08-23T00:22:06.6672706Z 
integration (node 24)	Run npm run test:integration	2026-08-23T00:22:06.6673768Z ^[[41m^[[1m FAIL ^[[22m^[[49m packages/core/test/integration/plugin-group-values-section.test.ts^[[2m > ^[[22man explicit values section inside plugin groups^[[2m > ^[[22mY-7 cites the section in a diagnostic about a leaf inside it
integration (node 24)	Run npm run test:integration	2026-08-23T00:22:06.6674247Z ^[[31m^[[1mAssertionError^[[22m: expected [ { …(4) } ] to deep equally contain ObjectContaining{…}^[[39m
integration (node 24)	Run npm run test:integration	2026-08-23T00:22:06.6674256Z 
integration (node 24)	Run npm run test:integration	2026-08-23T00:22:06.6674392Z ^[[32m- Expected:^[[39m
integration (node 24)	Run npm run test:integration	2026-08-23T00:22:06.6674508Z ObjectContaining {
integration (node 24)	Run npm run test:integration	2026-08-23T00:22:06.6674692Z   "path": "keyframes.fk.values.length.stops[0].p",
integration (node 24)	Run npm run test:integration	2026-08-23T00:22:06.6674826Z   "ruleId": "stop-position-range",
integration (node 24)	Run npm run test:integration	2026-08-23T00:22:06.6674916Z }
integration (node 24)	Run npm run test:integration	2026-08-23T00:22:06.6674924Z 
integration (node 24)	Run npm run test:integration	2026-08-23T00:22:06.6675059Z ^[[31m+ Received:^[[39m
integration (node 24)	Run npm run test:integration	2026-08-23T00:22:06.6675137Z [
integration (node 24)	Run npm run test:integration	2026-08-23T00:22:06.6675224Z   {
integration (node 24)	Run npm run test:integration	2026-08-23T00:22:06.6675564Z     "message": "The { stops: [...] } wrapper is retired; author the stops array directly as the value.",
integration (node 24)	Run npm run test:integration	2026-08-23T00:22:06.6675712Z     "path": "keyframes.fk.values.length",
integration (node 24)	Run npm run test:integration	2026-08-23T00:22:06.6675849Z     "ruleId": "property-stops-wrapper",
integration (node 24)	Run npm run test:integration	2026-08-23T00:22:06.6675961Z     "severity": "error",
integration (node 24)	Run npm run test:integration	2026-08-23T00:22:06.6676046Z   },
integration (node 24)	Run npm run test:integration	2026-08-23T00:22:06.6676122Z ]
integration (node 24)	Run npm run test:integration	2026-08-23T00:22:06.6676130Z 
integration (node 24)	Run npm run test:integration	2026-08-23T00:22:06.6677078Z ^[[36m ^[[2m❯^[[22m packages/core/test/integration/plugin-group-values-section.test.ts:^[[2m214:32^[[22m^[[39m
integration (node 24)	Run npm run test:integration	2026-08-23T00:22:06.6677540Z     ^[[90m212|^[[39m   it("Y-7 cites the section in a diagnostic about a leaf inside it", (…
integration (node 24)	Run npm run test:integration	2026-08-23T00:22:06.6677896Z     ^[[90m213|^[[39m     const authored = { fk: { values: { length: { stops: [{ p: 2, v: 1 …
integration (node 24)	Run npm run test:integration	2026-08-23T00:22:06.6678300Z     ^[[90m214|^[[39m     ^[[34mexpect^[[39m(^[[34mdiagnose^[[39m(authored))^[[33m.^[[39m^[[34mtoContainEqual^[[39m(
integration (node 24)	Run npm run test:integration	2026-08-23T00:22:06.6678513Z     ^[[90m   |^[[39m                                ^[[31m^^[[39m
integration (node 24)	Run npm run test:integration	2026-08-23T00:22:06.6678774Z     ^[[90m215|^[[39m       expect^[[33m.^[[39m^[[34mobjectContaining^[[39m({
integration (node 24)	Run npm run test:integration	2026-08-23T00:22:06.6679091Z     ^[[90m216|^[[39m         ruleId^[[33m:^[[39m ^[[32m"stop-position-range"^[[39m^[[33m,^[[39m
integration (node 24)	Run npm run test:integration	2026-08-23T00:22:06.6679100Z 
integration (node 24)	Run npm run test:integration	2026-08-23T00:22:06.6679334Z ^[[31m^[[2m⎯⎯⎯⎯⎯⎯⎯⎯⎯⎯⎯⎯⎯⎯⎯⎯⎯⎯⎯⎯⎯[78/124]⎯^[[22m^[[39m
integration (node 24)	Run npm run test:integration	2026-08-23T00:22:06.6679355Z 
integration (node 24)	Run npm run test:integration	2026-08-23T00:22:06.6680523Z ^[[41m^[[1m FAIL ^[[22m^[[49m packages/core/test/integration/plugin-group-values-section.test.ts^[[2m > ^[[22man explicit values section inside plugin groups^[[2m > ^[[22mY-8 keeps a leaf named values legal inside the section, and resolvable
integration (node 24)	Run npm run test:integration	2026-08-23T00:22:06.6680982Z ^[[31m^[[1mAssertionError^[[22m: expected [ 'property-stops-wrapper' ] to deeply equal []^[[39m
integration (node 24)	Run npm run test:integration	2026-08-23T00:22:06.6680992Z 
integration (node 24)	Run npm run test:integration	2026-08-23T00:22:06.6681125Z ^[[32m- Expected^[[39m
integration (node 24)	Run npm run test:integration	2026-08-23T00:22:06.6681248Z ^[[31m+ Received^[[39m
integration (node 24)	Run npm run test:integration	2026-08-23T00:22:06.6681265Z 
integration (node 24)	Run npm run test:integration	2026-08-23T00:22:06.6681369Z ^[[32m- []^[[39m
integration (node 24)	Run npm run test:integration	2026-08-23T00:22:06.6681476Z ^[[31m+ [^[[39m
integration (node 24)	Run npm run test:integration	2026-08-23T00:22:06.6681677Z ^[[31m+   "property-stops-wrapper",^[[39m
integration (node 24)	Run npm run test:integration	2026-08-23T00:22:06.6681779Z ^[[31m+ ]^[[39m
integration (node 24)	Run npm run test:integration	2026-08-23T00:22:06.6681788Z 
integration (node 24)	Run npm run test:integration	2026-08-23T00:22:06.6682299Z ^[[36m ^[[2m❯^[[22m packages/core/test/integration/plugin-group-values-section.test.ts:^[[2m228:31^[[22m^[[39m
integration (node 24)	Run npm run test:integration	2026-08-23T00:22:06.6682645Z     ^[[90m226|^[[39m     // a property called `values` that `fk` claims, and nothing about …
integration (node 24)	Run npm run test:integration	2026-08-23T00:22:06.6683490Z     ^[[90m227|^[[39m     ^[[35mconst^[[39m authored ^[[33m=^[[39m { fk^[[33m:^[[39m { values^[[33m:^[[39m { values^[[33m:^[[39m ^[[34mramp^[[39m(^[[34m0^[[39m^[[33m,^[[39m ^[[34m1^[[39m) } } }^[[33m;^[[39m
integration (node 24)	Run npm run test:integration	2026-08-23T00:22:06.6684036Z     ^[[90m228|^[[39m     ^[[34mexpect^[[39m(^[[34mruleIds^[[39m(authored))^[[33m.^[[39m^[[34mtoEqual^[[39m([])^[[33m;^[[39m
integration (node 24)	Run npm run test:integration	2026-08-23T00:22:06.6684256Z     ^[[90m   |^[[39m                               ^[[31m^^[[39m
integration (node 24)	Run npm run test:integration	2026-08-23T00:22:06.6684374Z     ^[[90m229|^[[39m
integration (node 24)	Run npm run test:integration	2026-08-23T00:22:06.6684731Z     ^[[90m230|^[[39m     const resolved = registry(passthrough).resolveForKeyframes(authore…
integration (node 24)	Run npm run test:integration	2026-08-23T00:22:06.6684739Z 
integration (node 24)	Run npm run test:integration	2026-08-23T00:22:06.6684965Z ^[[31m^[[2m⎯⎯⎯⎯⎯⎯⎯⎯⎯⎯⎯⎯⎯⎯⎯⎯⎯⎯⎯⎯⎯[79/124]⎯^[[22m^[[39m
integration (node 24)	Run npm run test:integration	2026-08-23T00:22:06.6684975Z 
integration (node 24)	Run npm run test:integration	2026-08-23T00:22:06.6686073Z ^[[41m^[[1m FAIL ^[[22m^[[49m packages/core/test/integration/plugin-group-values-section.test.ts^[[2m > ^[[22man explicit values section inside plugin groups^[[2m > ^[[22mY-13 composes the walker rig's world frame through the values section
integration (node 24)	Run npm run test:integration	2026-08-23T00:22:06.6692072Z ^[[31m^[[1mTypeError^[[22m: property-stops-wrapper at motions[0].tracks[0].keyframes.transform.values.x: The { stops: [...] } wrapper is retired; author the stops array directly as the value. property-stops-wrapper at motions[0].tracks[0].keyframes.transform.values.y: The { stops: [...] } wrapper is retired; author the stops array directly as the value. property-stops-wrapper at motions[0].tracks[0].keyframes.transform.values.rotation: The { stops: [...] } wrapper is retired; author the stops array directly as the value. property-stops-wrapper at motions[0].tracks[1].keyframes.fk.values.length: The { stops: [...] } wrapper is retired; author the stops array directly as the value. property-stops-wrapper at motions[0].tracks[1].keyframes.fk.values.rotation: The { stops: [...] } wrapper is retired; author the stops array directly as the value. property-stops-wrapper at motions[0].tracks[2].keyframes.fk.values.length: The { stops: [...] } wrapper is retired; author the stops array directly as the value. property-stops-wrapper at motions[0].tracks[2].keyframes.fk.values.rotation: The { stops: [...] } wrapper is retired; author the stops array directly as the value.^[[39m
integration (node 24)	Run npm run test:integration	2026-08-23T00:22:06.6692531Z ^[[36m ^[[2m❯^[[22m assertValidProject packages/core/src/engine.ts:^[[2m101:11^[[22m^[[39m
integration (node 24)	Run npm run test:integration	2026-08-23T00:22:06.6692895Z     ^[[90m 99|^[[39m   ^[[35mconst^[[39m result ^[[33m=^[[39m ^[[34mvalidateV5^[[39m(project)^[[33m;^[[39m
integration (node 24)	Run npm run test:integration	2026-08-23T00:22:06.6693390Z     ^[[90m100|^[[39m   ^[[35mif^[[39m (^[[33m!^[[39mresult^[[33m.^[[39mvalid ^[[33m||^[[39m result^[[33m.^[[39mvalue ^[[33m===^[[39m ^[[35mnull^[[39m)
integration (node 24)	Run npm run test:integration	2026-08-23T00:22:06.6693648Z     ^[[90m101|^[[39m     ^[[35mthrow^[[39m ^[[35mnew^[[39m ^[[33mTypeError^[[39m(
integration (node 24)	Run npm run test:integration	2026-08-23T00:22:06.6693808Z     ^[[90m   |^[[39m           ^[[31m^^[[39m
integration (node 24)	Run npm run test:integration	2026-08-23T00:22:06.6694156Z     ^[[90m102|^[[39m       result^[[33m.^[[39mdiagnostics^[[33m.^[[39mlength ^[[33m===^[[39m ^[[34m0^[[39m
integration (node 24)	Run npm run test:integration	2026-08-23T00:22:06.6694464Z     ^[[90m103|^[[39m         ^[[33m?^[[39m ^[[32m"Project failed v5 validation."^[[39m
integration (node 24)	Run npm run test:integration	2026-08-23T00:22:06.6694819Z ^[[90m ^[[2m❯^[[22m Engine.load packages/core/src/engine.ts:^[[2m170:29^[[22m^[[39m
integration (node 24)	Run npm run test:integration	2026-08-23T00:22:06.6695348Z ^[[90m ^[[2m❯^[[22m load packages/core/test/integration/plugin-group-values-section.test.ts:^[[2m133:6^[[22m^[[39m
integration (node 24)	Run npm run test:integration	2026-08-23T00:22:06.6695835Z ^[[90m ^[[2m❯^[[22m packages/core/test/integration/plugin-group-values-section.test.ts:^[[2m278:20^[[22m^[[39m
integration (node 24)	Run npm run test:integration	2026-08-23T00:22:06.6695845Z 
integration (node 24)	Run npm run test:integration	2026-08-23T00:22:06.6696094Z ^[[31m^[[2m⎯⎯⎯⎯⎯⎯⎯⎯⎯⎯⎯⎯⎯⎯⎯⎯⎯⎯⎯⎯⎯[80/124]⎯^[[22m^[[39m
integration (node 24)	Run npm run test:integration	2026-08-23T00:22:06.6696105Z 
integration (node 24)	Run npm run test:integration	2026-08-23T00:22:06.6697529Z ^[[41m^[[1m FAIL ^[[22m^[[49m packages/core/test/integration/plugin-owned-requirements.test.ts^[[2m > ^[[22mplugin-owned requirements end to end^[[2m > ^[[22mQ-7 derives the input edge from the binding and composes world space from it
integration (node 24)	Run npm run test:integration	2026-08-23T00:22:06.6702743Z ^[[31m^[[1mTypeError^[[22m: property-stops-wrapper at motions[0].tracks[0].keyframes.transform.values.x: The { stops: [...] } wrapper is retired; author the stops array directly as the value. property-stops-wrapper at motions[0].tracks[0].keyframes.transform.values.y: The { stops: [...] } wrapper is retired; author the stops array directly as the value. property-stops-wrapper at motions[0].tracks[0].keyframes.transform.values.rotation: The { stops: [...] } wrapper is retired; author the stops array directly as the value. property-stops-wrapper at motions[0].tracks[1].keyframes.fk.values.length: The { stops: [...] } wrapper is retired; author the stops array directly as the value. property-stops-wrapper at motions[0].tracks[1].keyframes.fk.values.rotation: The { stops: [...] } wrapper is retired; author the stops array directly as the value.^[[39m
integration (node 24)	Run npm run test:integration	2026-08-23T00:22:06.6703506Z ^[[36m ^[[2m❯^[[22m assertValidProject packages/core/src/engine.ts:^[[2m101:11^[[22m^[[39m
integration (node 24)	Run npm run test:integration	2026-08-23T00:22:06.6703880Z     ^[[90m 99|^[[39m   ^[[35mconst^[[39m result ^[[33m=^[[39m ^[[34mvalidateV5^[[39m(project)^[[33m;^[[39m
integration (node 24)	Run npm run test:integration	2026-08-23T00:22:06.6704376Z     ^[[90m100|^[[39m   ^[[35mif^[[39m (^[[33m!^[[39mresult^[[33m.^[[39mvalid ^[[33m||^[[39m result^[[33m.^[[39mvalue ^[[33m===^[[39m ^[[35mnull^[[39m)
integration (node 24)	Run npm run test:integration	2026-08-23T00:22:06.6704654Z     ^[[90m101|^[[39m     ^[[35mthrow^[[39m ^[[35mnew^[[39m ^[[33mTypeError^[[39m(
integration (node 24)	Run npm run test:integration	2026-08-23T00:22:06.6704818Z     ^[[90m   |^[[39m           ^[[31m^^[[39m
integration (node 24)	Run npm run test:integration	2026-08-23T00:22:06.6705168Z     ^[[90m102|^[[39m       result^[[33m.^[[39mdiagnostics^[[33m.^[[39mlength ^[[33m===^[[39m ^[[34m0^[[39m
integration (node 24)	Run npm run test:integration	2026-08-23T00:22:06.6705453Z     ^[[90m103|^[[39m         ^[[33m?^[[39m ^[[32m"Project failed v5 validation."^[[39m
integration (node 24)	Run npm run test:integration	2026-08-23T00:22:06.6705795Z ^[[90m ^[[2m❯^[[22m Engine.load packages/core/src/engine.ts:^[[2m170:29^[[22m^[[39m
integration (node 24)	Run npm run test:integration	2026-08-23T00:22:06.6706564Z ^[[90m ^[[2m❯^[[22m load packages/core/test/integration/plugin-owned-requirements.test.ts:^[[2m98:6^[[22m^[[39m
integration (node 24)	Run npm run test:integration	2026-08-23T00:22:06.6707092Z ^[[90m ^[[2m❯^[[22m packages/core/test/integration/plugin-owned-requirements.test.ts:^[[2m103:20^[[22m^[[39m
integration (node 24)	Run npm run test:integration	2026-08-23T00:22:06.6707103Z 
integration (node 24)	Run npm run test:integration	2026-08-23T00:22:06.6707342Z ^[[31m^[[2m⎯⎯⎯⎯⎯⎯⎯⎯⎯⎯⎯⎯⎯⎯⎯⎯⎯⎯⎯⎯⎯[81/124]⎯^[[22m^[[39m
integration (node 24)	Run npm run test:integration	2026-08-23T00:22:06.6707352Z 
integration (node 24)	Run npm run test:integration	2026-08-23T00:22:06.6708445Z ^[[41m^[[1m FAIL ^[[22m^[[49m packages/core/test/integration/plugin-owned-requirements.test.ts^[[2m > ^[[22mplugin-owned requirements end to end^[[2m > ^[[22mQ-8 leaves an omitted binding with no edge and lets the plugin own the unbound case
integration (node 24)	Run npm run test:integration	2026-08-23T00:22:06.6712569Z ^[[31m^[[1mTypeError^[[22m: property-stops-wrapper at motions[0].tracks[0].keyframes.transform.values.x: The { stops: [...] } wrapper is retired; author the stops array directly as the value. property-stops-wrapper at motions[0].tracks[0].keyframes.transform.values.y: The { stops: [...] } wrapper is retired; author the stops array directly as the value. property-stops-wrapper at motions[0].tracks[0].keyframes.transform.values.rotation: The { stops: [...] } wrapper is retired; author the stops array directly as the value. property-stops-wrapper at motions[0].tracks[1].keyframes.fk.values.length: The { stops: [...] } wrapper is retired; author the stops array directly as the value. property-stops-wrapper at motions[0].tracks[1].keyframes.fk.values.rotation: The { stops: [...] } wrapper is retired; author the stops array directly as the value.^[[39m
integration (node 24)	Run npm run test:integration	2026-08-23T00:22:06.6712970Z ^[[36m ^[[2m❯^[[22m assertValidProject packages/core/src/engine.ts:^[[2m101:11^[[22m^[[39m
integration (node 24)	Run npm run test:integration	2026-08-23T00:22:06.6713332Z     ^[[90m 99|^[[39m   ^[[35mconst^[[39m result ^[[33m=^[[39m ^[[34mvalidateV5^[[39m(project)^[[33m;^[[39m
integration (node 24)	Run npm run test:integration	2026-08-23T00:22:06.6713826Z     ^[[90m100|^[[39m   ^[[35mif^[[39m (^[[33m!^[[39mresult^[[33m.^[[39mvalid ^[[33m||^[[39m result^[[33m.^[[39mvalue ^[[33m===^[[39m ^[[35mnull^[[39m)
integration (node 24)	Run npm run test:integration	2026-08-23T00:22:06.6714093Z     ^[[90m101|^[[39m     ^[[35mthrow^[[39m ^[[35mnew^[[39m ^[[33mTypeError^[[39m(
integration (node 24)	Run npm run test:integration	2026-08-23T00:22:06.6714247Z     ^[[90m   |^[[39m           ^[[31m^^[[39m
integration (node 24)	Run npm run test:integration	2026-08-23T00:22:06.6714591Z     ^[[90m102|^[[39m       result^[[33m.^[[39mdiagnostics^[[33m.^[[39mlength ^[[33m===^[[39m ^[[34m0^[[39m
integration (node 24)	Run npm run test:integration	2026-08-23T00:22:06.6714874Z     ^[[90m103|^[[39m         ^[[33m?^[[39m ^[[32m"Project failed v5 validation."^[[39m
integration (node 24)	Run npm run test:integration	2026-08-23T00:22:06.6715226Z ^[[90m ^[[2m❯^[[22m Engine.load packages/core/src/engine.ts:^[[2m170:29^[[22m^[[39m
integration (node 24)	Run npm run test:integration	2026-08-23T00:22:06.6715927Z ^[[90m ^[[2m❯^[[22m load packages/core/test/integration/plugin-owned-requirements.test.ts:^[[2m98:6^[[22m^[[39m
integration (node 24)	Run npm run test:integration	2026-08-23T00:22:06.6716760Z ^[[90m ^[[2m❯^[[22m packages/core/test/integration/plugin-owned-requirements.test.ts:^[[2m125:20^[[22m^[[39m
integration (node 24)	Run npm run test:integration	2026-08-23T00:22:06.6716985Z 
integration (node 24)	Run npm run test:integration	2026-08-23T00:22:06.6717281Z ^[[31m^[[2m⎯⎯⎯⎯⎯⎯⎯⎯⎯⎯⎯⎯⎯⎯⎯⎯⎯⎯⎯⎯⎯[82/124]⎯^[[22m^[[39m
integration (node 24)	Run npm run test:integration	2026-08-23T00:22:06.6717292Z 
integration (node 24)	Run npm run test:integration	2026-08-23T00:22:06.6718311Z ^[[41m^[[1m FAIL ^[[22m^[[49m packages/core/test/integration/plugin-owned-requirements.test.ts^[[2m > ^[[22mplugin-owned requirements end to end^[[2m > ^[[22mQ-9 refuses a binding whose source is not a node in the graph
integration (node 24)	Run npm run test:integration	2026-08-23T00:22:06.6719083Z ^[[31m^[[1mAssertionError^[[22m: expected [Function] to throw error matching /observation-unknown-source/ but got 'property-stops-wrapper at motions[0].…'^[[39m
integration (node 24)	Run npm run test:integration	2026-08-23T00:22:06.6719099Z 
integration (node 24)	Run npm run test:integration	2026-08-23T00:22:06.6719234Z ^[[32m- Expected:^[[39m
integration (node 24)	Run npm run test:integration	2026-08-23T00:22:06.6719368Z /observation-unknown-source/
integration (node 24)	Run npm run test:integration	2026-08-23T00:22:06.6719377Z 
integration (node 24)	Run npm run test:integration	2026-08-23T00:22:06.6719508Z ^[[31m+ Received:^[[39m
integration (node 24)	Run npm run test:integration	2026-08-23T00:22:06.6723037Z "property-stops-wrapper at motions[0].tracks[0].keyframes.transform.values.x: The { stops: [...] } wrapper is retired; author the stops array directly as the value. property-stops-wrapper at motions[0].tracks[0].keyframes.transform.values.y: The { stops: [...] } wrapper is retired; author the stops array directly as the value. property-stops-wrapper at motions[0].tracks[0].keyframes.transform.values.rotation: The { stops: [...] } wrapper is retired; author the stops array directly as the value. property-stops-wrapper at motions[0].tracks[1].keyframes.fk.values.length: The { stops: [...] } wrapper is retired; author the stops array directly as the value. property-stops-wrapper at motions[0].tracks[1].keyframes.fk.values.rotation: The { stops: [...] } wrapper is retired; author the stops array directly as the value."
integration (node 24)	Run npm run test:integration	2026-08-23T00:22:06.6723065Z 
integration (node 24)	Run npm run test:integration	2026-08-23T00:22:06.6723549Z ^[[36m ^[[2m❯^[[22m packages/core/test/integration/plugin-owned-requirements.test.ts:^[[2m146:54^[[22m^[[39m
integration (node 24)	Run npm run test:integration	2026-08-23T00:22:06.6723724Z     ^[[90m144|^[[39m       }^[[33m,^[[39m
integration (node 24)	Run npm run test:integration	2026-08-23T00:22:06.6723875Z     ^[[90m145|^[[39m     }^[[33m;^[[39m
integration (node 24)	Run npm run test:integration	2026-08-23T00:22:06.6724218Z     ^[[90m146|^[[39m     expect(() => load(rig(dangling), rigRegistry())).toThrow(/observat…
integration (node 24)	Run npm run test:integration	2026-08-23T00:22:06.6724477Z     ^[[90m   |^[[39m                                                      ^[[31m^^[[39m
integration (node 24)	Run npm run test:integration	2026-08-23T00:22:06.6724631Z     ^[[90m147|^[[39m   })^[[33m;^[[39m
integration (node 24)	Run npm run test:integration	2026-08-23T00:22:06.6724751Z     ^[[90m148|^[[39m
integration (node 24)	Run npm run test:integration	2026-08-23T00:22:06.6724759Z 
integration (node 24)	Run npm run test:integration	2026-08-23T00:22:06.6724993Z ^[[31m^[[2m⎯⎯⎯⎯⎯⎯⎯⎯⎯⎯⎯⎯⎯⎯⎯⎯⎯⎯⎯⎯⎯[83/124]⎯^[[22m^[[39m
integration (node 24)	Run npm run test:integration	2026-08-23T00:22:06.6725002Z 
integration (node 24)	Run npm run test:integration	2026-08-23T00:22:06.6726086Z ^[[41m^[[1m FAIL ^[[22m^[[49m packages/core/test/integration/plugin-owned-requirements.test.ts^[[2m > ^[[22mplugin-owned requirements end to end^[[2m > ^[[22mQ-10 treats two slots bound to one source as two edges rather than a duplicate
integration (node 24)	Run npm run test:integration	2026-08-23T00:22:06.6729667Z ^[[31m^[[1mTypeError^[[22m: property-stops-wrapper at motions[0].tracks[0].keyframes.transform.values.x: The { stops: [...] } wrapper is retired; author the stops array directly as the value. property-stops-wrapper at motions[0].tracks[0].keyframes.transform.values.y: The { stops: [...] } wrapper is retired; author the stops array directly as the value. property-stops-wrapper at motions[0].tracks[0].keyframes.transform.values.rotation: The { stops: [...] } wrapper is retired; author the stops array directly as the value. property-stops-wrapper at motions[0].tracks[1].keyframes.reach.values.weight: The { stops: [...] } wrapper is retired; author the stops array directly as the value.^[[39m
integration (node 24)	Run npm run test:integration	2026-08-23T00:22:06.6730096Z ^[[36m ^[[2m❯^[[22m assertValidProject packages/core/src/engine.ts:^[[2m101:11^[[22m^[[39m
integration (node 24)	Run npm run test:integration	2026-08-23T00:22:06.6730464Z     ^[[90m 99|^[[39m   ^[[35mconst^[[39m result ^[[33m=^[[39m ^[[34mvalidateV5^[[39m(project)^[[33m;^[[39m
integration (node 24)	Run npm run test:integration	2026-08-23T00:22:06.6730965Z     ^[[90m100|^[[39m   ^[[35mif^[[39m (^[[33m!^[[39mresult^[[33m.^[[39mvalid ^[[33m||^[[39m result^[[33m.^[[39mvalue ^[[33m===^[[39m ^[[35mnull^[[39m)
integration (node 24)	Run npm run test:integration	2026-08-23T00:22:06.6731224Z     ^[[90m101|^[[39m     ^[[35mthrow^[[39m ^[[35mnew^[[39m ^[[33mTypeError^[[39m(
integration (node 24)	Run npm run test:integration	2026-08-23T00:22:06.6731543Z     ^[[90m   |^[[39m           ^[[31m^^[[39m
integration (node 24)	Run npm run test:integration	2026-08-23T00:22:06.6731903Z     ^[[90m102|^[[39m       result^[[33m.^[[39mdiagnostics^[[33m.^[[39mlength ^[[33m===^[[39m ^[[34m0^[[39m
integration (node 24)	Run npm run test:integration	2026-08-23T00:22:06.6732301Z     ^[[90m103|^[[39m         ^[[33m?^[[39m ^[[32m"Project failed v5 validation."^[[39m
integration (node 24)	Run npm run test:integration	2026-08-23T00:22:06.6732643Z ^[[90m ^[[2m❯^[[22m Engine.load packages/core/src/engine.ts:^[[2m170:29^[[22m^[[39m
integration (node 24)	Run npm run test:integration	2026-08-23T00:22:06.6733145Z ^[[90m ^[[2m❯^[[22m load packages/core/test/integration/plugin-owned-requirements.test.ts:^[[2m98:6^[[22m^[[39m
integration (node 24)	Run npm run test:integration	2026-08-23T00:22:06.6733635Z ^[[90m ^[[2m❯^[[22m packages/core/test/integration/plugin-owned-requirements.test.ts:^[[2m162:20^[[22m^[[39m
integration (node 24)	Run npm run test:integration	2026-08-23T00:22:06.6733644Z 
integration (node 24)	Run npm run test:integration	2026-08-23T00:22:06.6733876Z ^[[31m^[[2m⎯⎯⎯⎯⎯⎯⎯⎯⎯⎯⎯⎯⎯⎯⎯⎯⎯⎯⎯⎯⎯[84/124]⎯^[[22m^[[39m
integration (node 24)	Run npm run test:integration	2026-08-23T00:22:06.6733884Z 
integration (node 24)	Run npm run test:integration	2026-08-23T00:22:06.6734933Z ^[[41m^[[1m FAIL ^[[22m^[[49m packages/core/test/integration/plugin-owned-requirements.test.ts^[[2m > ^[[22mplugin-owned requirements end to end^[[2m > ^[[22mQ-11 keeps an upstream value out of the observer's authored value namespace
integration (node 24)	Run npm run test:integration	2026-08-23T00:22:06.6739317Z ^[[31m^[[1mTypeError^[[22m: property-stops-wrapper at motions[0].tracks[0].keyframes.transform.values.x: The { stops: [...] } wrapper is retired; author the stops array directly as the value. property-stops-wrapper at motions[0].tracks[0].keyframes.transform.values.y: The { stops: [...] } wrapper is retired; author the stops array directly as the value. property-stops-wrapper at motions[0].tracks[0].keyframes.transform.values.rotation: The { stops: [...] } wrapper is retired; author the stops array directly as the value. property-stops-wrapper at motions[0].tracks[1].keyframes.fk.values.length: The { stops: [...] } wrapper is retired; author the stops array directly as the value. property-stops-wrapper at motions[0].tracks[1].keyframes.fk.values.rotation: The { stops: [...] } wrapper is retired; author the stops array directly as the value.^[[39m
integration (node 24)	Run npm run test:integration	2026-08-23T00:22:06.6739738Z ^[[36m ^[[2m❯^[[22m assertValidProject packages/core/src/engine.ts:^[[2m101:11^[[22m^[[39m
integration (node 24)	Run npm run test:integration	2026-08-23T00:22:06.6740098Z     ^[[90m 99|^[[39m   ^[[35mconst^[[39m result ^[[33m=^[[39m ^[[34mvalidateV5^[[39m(project)^[[33m;^[[39m
integration (node 24)	Run npm run test:integration	2026-08-23T00:22:06.6740598Z     ^[[90m100|^[[39m   ^[[35mif^[[39m (^[[33m!^[[39mresult^[[33m.^[[39mvalid ^[[33m||^[[39m result^[[33m.^[[39mvalue ^[[33m===^[[39m ^[[35mnull^[[39m)
integration (node 24)	Run npm run test:integration	2026-08-23T00:22:06.6740864Z     ^[[90m101|^[[39m     ^[[35mthrow^[[39m ^[[35mnew^[[39m ^[[33mTypeError^[[39m(
integration (node 24)	Run npm run test:integration	2026-08-23T00:22:06.6741020Z     ^[[90m   |^[[39m           ^[[31m^^[[39m
integration (node 24)	Run npm run test:integration	2026-08-23T00:22:06.6741368Z     ^[[90m102|^[[39m       result^[[33m.^[[39mdiagnostics^[[33m.^[[39mlength ^[[33m===^[[39m ^[[34m0^[[39m
integration (node 24)	Run npm run test:integration	2026-08-23T00:22:06.6741644Z     ^[[90m103|^[[39m         ^[[33m?^[[39m ^[[32m"Project failed v5 validation."^[[39m
integration (node 24)	Run npm run test:integration	2026-08-23T00:22:06.6741978Z ^[[90m ^[[2m❯^[[22m Engine.load packages/core/src/engine.ts:^[[2m170:29^[[22m^[[39m
integration (node 24)	Run npm run test:integration	2026-08-23T00:22:06.6742472Z ^[[90m ^[[2m❯^[[22m load packages/core/test/integration/plugin-owned-requirements.test.ts:^[[2m98:6^[[22m^[[39m
integration (node 24)	Run npm run test:integration	2026-08-23T00:22:06.6742950Z ^[[90m ^[[2m❯^[[22m packages/core/test/integration/plugin-owned-requirements.test.ts:^[[2m192:20^[[22m^[[39m
integration (node 24)	Run npm run test:integration	2026-08-23T00:22:06.6742959Z 
integration (node 24)	Run npm run test:integration	2026-08-23T00:22:06.6743194Z ^[[31m^[[2m⎯⎯⎯⎯⎯⎯⎯⎯⎯⎯⎯⎯⎯⎯⎯⎯⎯⎯⎯⎯⎯[85/124]⎯^[[22m^[[39m
integration (node 24)	Run npm run test:integration	2026-08-23T00:22:06.6743202Z 
integration (node 24)	Run npm run test:integration	2026-08-23T00:22:06.6744211Z ^[[41m^[[1m FAIL ^[[22m^[[49m packages/core/test/integration/plugin-owned-requirements.test.ts^[[2m > ^[[22mplugin-owned requirements end to end^[[2m > ^[[22mQ-12 refuses a binding to a slot the plugin never declared, at load
integration (node 24)	Run npm run test:integration	2026-08-23T00:22:06.6744973Z ^[[31m^[[1mAssertionError^[[22m: expected [Function] to throw error matching /plugin-unknown-requirement/ but got 'property-stops-wrapper at motions[0].…'^[[39m
integration (node 24)	Run npm run test:integration	2026-08-23T00:22:06.6744982Z 
integration (node 24)	Run npm run test:integration	2026-08-23T00:22:06.6745113Z ^[[32m- Expected:^[[39m
integration (node 24)	Run npm run test:integration	2026-08-23T00:22:06.6745245Z /plugin-unknown-requirement/
integration (node 24)	Run npm run test:integration	2026-08-23T00:22:06.6745253Z 
integration (node 24)	Run npm run test:integration	2026-08-23T00:22:06.6745382Z ^[[31m+ Received:^[[39m
integration (node 24)	Run npm run test:integration	2026-08-23T00:22:06.6749260Z "property-stops-wrapper at motions[0].tracks[0].keyframes.transform.values.x: The { stops: [...] } wrapper is retired; author the stops array directly as the value. property-stops-wrapper at motions[0].tracks[0].keyframes.transform.values.y: The { stops: [...] } wrapper is retired; author the stops array directly as the value. property-stops-wrapper at motions[0].tracks[0].keyframes.transform.values.rotation: The { stops: [...] } wrapper is retired; author the stops array directly as the value. property-stops-wrapper at motions[0].tracks[1].keyframes.fk.values.length: The { stops: [...] } wrapper is retired; author the stops array directly as the value. property-stops-wrapper at motions[0].tracks[1].keyframes.fk.values.rotation: The { stops: [...] } wrapper is retired; author the stops array directly as the value."
integration (node 24)	Run npm run test:integration	2026-08-23T00:22:06.6749553Z 
integration (node 24)	Run npm run test:integration	2026-08-23T00:22:06.6750089Z ^[[36m ^[[2m❯^[[22m packages/core/test/integration/plugin-owned-requirements.test.ts:^[[2m213:49^[[22m^[[39m
integration (node 24)	Run npm run test:integration	2026-08-23T00:22:06.6750260Z     ^[[90m211|^[[39m       }^[[33m,^[[39m
integration (node 24)	Run npm run test:integration	2026-08-23T00:22:06.6750411Z     ^[[90m212|^[[39m     }^[[33m;^[[39m
integration (node 24)	Run npm run test:integration	2026-08-23T00:22:06.6750760Z     ^[[90m213|^[[39m     expect(() => load(rig(bad), rigRegistry())).toThrow(/plugin-unknow…
integration (node 24)	Run npm run test:integration	2026-08-23T00:22:06.6751010Z     ^[[90m   |^[[39m                                                 ^[[31m^^[[39m
integration (node 24)	Run npm run test:integration	2026-08-23T00:22:06.6751158Z     ^[[90m214|^[[39m   })^[[33m;^[[39m
integration (node 24)	Run npm run test:integration	2026-08-23T00:22:06.6751311Z     ^[[90m215|^[[39m })^[[33m;^[[39m
integration (node 24)	Run npm run test:integration	2026-08-23T00:22:06.6751319Z 
integration (node 24)	Run npm run test:integration	2026-08-23T00:22:06.6751545Z ^[[31m^[[2m⎯⎯⎯⎯⎯⎯⎯⎯⎯⎯⎯⎯⎯⎯⎯⎯⎯⎯⎯⎯⎯[86/124]⎯^[[22m^[[39m
integration (node 24)	Run npm run test:integration	2026-08-23T00:22:06.6751560Z 
integration (node 24)	Run npm run test:integration	2026-08-23T00:22:06.6752561Z ^[[41m^[[1m FAIL ^[[22m^[[49m packages/core/test/integration/replace-motion-track.test.ts^[[2m > ^[[22mmotion-owned Track replacement^[[2m > ^[[22mre-registers the compiled Track without throwing on the next Motion update
integration (node 24)	Run npm run test:integration	2026-08-23T00:22:06.6753377Z ^[[31m^[[1mTypeError^[[22m: property-stops-wrapper at motions[0].tracks[0].keyframes.x: The { stops: [...] } wrapper is retired; author the stops array directly as the value.^[[39m
integration (node 24)	Run npm run test:integration	2026-08-23T00:22:06.6753758Z ^[[36m ^[[2m❯^[[22m assertValidProject packages/core/src/engine.ts:^[[2m101:11^[[22m^[[39m
integration (node 24)	Run npm run test:integration	2026-08-23T00:22:06.6754117Z     ^[[90m 99|^[[39m   ^[[35mconst^[[39m result ^[[33m=^[[39m ^[[34mvalidateV5^[[39m(project)^[[33m;^[[39m
integration (node 24)	Run npm run test:integration	2026-08-23T00:22:06.6754608Z     ^[[90m100|^[[39m   ^[[35mif^[[39m (^[[33m!^[[39mresult^[[33m.^[[39mvalid ^[[33m||^[[39m result^[[33m.^[[39mvalue ^[[33m===^[[39m ^[[35mnull^[[39m)
integration (node 24)	Run npm run test:integration	2026-08-23T00:22:06.6754872Z     ^[[90m101|^[[39m     ^[[35mthrow^[[39m ^[[35mnew^[[39m ^[[33mTypeError^[[39m(
integration (node 24)	Run npm run test:integration	2026-08-23T00:22:06.6755031Z     ^[[90m   |^[[39m           ^[[31m^^[[39m
integration (node 24)	Run npm run test:integration	2026-08-23T00:22:06.6755375Z     ^[[90m102|^[[39m       result^[[33m.^[[39mdiagnostics^[[33m.^[[39mlength ^[[33m===^[[39m ^[[34m0^[[39m
integration (node 24)	Run npm run test:integration	2026-08-23T00:22:06.6755653Z     ^[[90m103|^[[39m         ^[[33m?^[[39m ^[[32m"Project failed v5 validation."^[[39m
integration (node 24)	Run npm run test:integration	2026-08-23T00:22:06.6755997Z ^[[90m ^[[2m❯^[[22m Engine.load packages/core/src/engine.ts:^[[2m170:29^[[22m^[[39m
integration (node 24)	Run npm run test:integration	2026-08-23T00:22:06.6756689Z ^[[90m ^[[2m❯^[[22m packages/core/test/integration/replace-motion-track.test.ts:^[[2m27:8^[[22m^[[39m
integration (node 24)	Run npm run test:integration	2026-08-23T00:22:06.6756703Z 
integration (node 24)	Run npm run test:integration	2026-08-23T00:22:06.6756948Z ^[[31m^[[2m⎯⎯⎯⎯⎯⎯⎯⎯⎯⎯⎯⎯⎯⎯⎯⎯⎯⎯⎯⎯⎯[87/124]⎯^[[22m^[[39m
integration (node 24)	Run npm run test:integration	2026-08-23T00:22:06.6756962Z 
integration (node 24)	Run npm run test:integration	2026-08-23T00:22:06.6757858Z ^[[41m^[[1m FAIL ^[[22m^[[49m packages/core/test/integration/replace-motion-track.test.ts^[[2m > ^[[22mmotion-owned Track replacement^[[2m > ^[[22mpreserves the replaced Track index and stagger timing
integration (node 24)	Run npm run test:integration	2026-08-23T00:22:06.6760062Z ^[[31m^[[1mTypeError^[[22m: property-stops-wrapper at motions[0].tracks[0].keyframes.x: The { stops: [...] } wrapper is retired; author the stops array directly as the value. property-stops-wrapper at motions[0].tracks[1].keyframes.x: The { stops: [...] } wrapper is retired; author the stops array directly as the value. property-stops-wrapper at motions[0].tracks[2].keyframes.x: The { stops: [...] } wrapper is retired; author the stops array directly as the value.^[[39m
integration (node 24)	Run npm run test:integration	2026-08-23T00:22:06.6760444Z ^[[36m ^[[2m❯^[[22m assertValidProject packages/core/src/engine.ts:^[[2m101:11^[[22m^[[39m
integration (node 24)	Run npm run test:integration	2026-08-23T00:22:06.6760794Z     ^[[90m 99|^[[39m   ^[[35mconst^[[39m result ^[[33m=^[[39m ^[[34mvalidateV5^[[39m(project)^[[33m;^[[39m
integration (node 24)	Run npm run test:integration	2026-08-23T00:22:06.6761434Z     ^[[90m100|^[[39m   ^[[35mif^[[39m (^[[33m!^[[39mresult^[[33m.^[[39mvalid ^[[33m||^[[39m result^[[33m.^[[39mvalue ^[[33m===^[[39m ^[[35mnull^[[39m)
integration (node 24)	Run npm run test:integration	2026-08-23T00:22:06.6761813Z     ^[[90m101|^[[39m     ^[[35mthrow^[[39m ^[[35mnew^[[39m ^[[33mTypeError^[[39m(
integration (node 24)	Run npm run test:integration	2026-08-23T00:22:06.6762017Z     ^[[90m   |^[[39m           ^[[31m^^[[39m
integration (node 24)	Run npm run test:integration	2026-08-23T00:22:06.6762366Z     ^[[90m102|^[[39m       result^[[33m.^[[39mdiagnostics^[[33m.^[[39mlength ^[[33m===^[[39m ^[[34m0^[[39m
integration (node 24)	Run npm run test:integration	2026-08-23T00:22:06.6762635Z     ^[[90m103|^[[39m         ^[[33m?^[[39m ^[[32m"Project failed v5 validation."^[[39m
integration (node 24)	Run npm run test:integration	2026-08-23T00:22:06.6762974Z ^[[90m ^[[2m❯^[[22m Engine.load packages/core/src/engine.ts:^[[2m170:29^[[22m^[[39m
integration (node 24)	Run npm run test:integration	2026-08-23T00:22:06.6763419Z ^[[90m ^[[2m❯^[[22m packages/core/test/integration/replace-motion-track.test.ts:^[[2m64:8^[[22m^[[39m
integration (node 24)	Run npm run test:integration	2026-08-23T00:22:06.6763436Z 
integration (node 24)	Run npm run test:integration	2026-08-23T00:22:06.6763684Z ^[[31m^[[2m⎯⎯⎯⎯⎯⎯⎯⎯⎯⎯⎯⎯⎯⎯⎯⎯⎯⎯⎯⎯⎯[88/124]⎯^[[22m^[[39m
integration (node 24)	Run npm run test:integration	2026-08-23T00:22:06.6763692Z 
integration (node 24)	Run npm run test:integration	2026-08-23T00:22:06.6764614Z ^[[41m^[[1m FAIL ^[[22m^[[49m packages/core/test/integration/replace-motion-track.test.ts^[[2m > ^[[22mmotion-owned Track replacement^[[2m > ^[[22mupdates a Motion-owned Track through observation mutations
integration (node 24)	Run npm run test:integration	2026-08-23T00:22:06.6766146Z ^[[31m^[[1mTypeError^[[22m: property-stops-wrapper at motions[0].tracks[0].keyframes.x: The { stops: [...] } wrapper is retired; author the stops array directly as the value. property-stops-wrapper at motions[0].tracks[1].keyframes.x: The { stops: [...] } wrapper is retired; author the stops array directly as the value.^[[39m
integration (node 24)	Run npm run test:integration	2026-08-23T00:22:06.6766792Z ^[[36m ^[[2m❯^[[22m assertValidProject packages/core/src/engine.ts:^[[2m101:11^[[22m^[[39m
integration (node 24)	Run npm run test:integration	2026-08-23T00:22:06.6767150Z     ^[[90m 99|^[[39m   ^[[35mconst^[[39m result ^[[33m=^[[39m ^[[34mvalidateV5^[[39m(project)^[[33m;^[[39m
integration (node 24)	Run npm run test:integration	2026-08-23T00:22:06.6767637Z     ^[[90m100|^[[39m   ^[[35mif^[[39m (^[[33m!^[[39mresult^[[33m.^[[39mvalid ^[[33m||^[[39m result^[[33m.^[[39mvalue ^[[33m===^[[39m ^[[35mnull^[[39m)
integration (node 24)	Run npm run test:integration	2026-08-23T00:22:06.6767896Z     ^[[90m101|^[[39m     ^[[35mthrow^[[39m ^[[35mnew^[[39m ^[[33mTypeError^[[39m(
integration (node 24)	Run npm run test:integration	2026-08-23T00:22:06.6768062Z     ^[[90m   |^[[39m           ^[[31m^^[[39m
integration (node 24)	Run npm run test:integration	2026-08-23T00:22:06.6768401Z     ^[[90m102|^[[39m       result^[[33m.^[[39mdiagnostics^[[33m.^[[39mlength ^[[33m===^[[39m ^[[34m0^[[39m
integration (node 24)	Run npm run test:integration	2026-08-23T00:22:06.6768687Z     ^[[90m103|^[[39m         ^[[33m?^[[39m ^[[32m"Project failed v5 validation."^[[39m
integration (node 24)	Run npm run test:integration	2026-08-23T00:22:06.6769019Z ^[[90m ^[[2m❯^[[22m Engine.load packages/core/src/engine.ts:^[[2m170:29^[[22m^[[39m
integration (node 24)	Run npm run test:integration	2026-08-23T00:22:06.6769459Z ^[[90m ^[[2m❯^[[22m packages/core/test/integration/replace-motion-track.test.ts:^[[2m91:8^[[22m^[[39m
integration (node 24)	Run npm run test:integration	2026-08-23T00:22:06.6769468Z 
integration (node 24)	Run npm run test:integration	2026-08-23T00:22:06.6769695Z ^[[31m^[[2m⎯⎯⎯⎯⎯⎯⎯⎯⎯⎯⎯⎯⎯⎯⎯⎯⎯⎯⎯⎯⎯[89/124]⎯^[[22m^[[39m
integration (node 24)	Run npm run test:integration	2026-08-23T00:22:06.6769703Z 
integration (node 24)	Run npm run test:integration	2026-08-23T00:22:06.6770780Z ^[[41m^[[1m FAIL ^[[22m^[[49m packages/core/test/integration/replace-track-transactionality.test.ts^[[2m > ^[[22ma refused Track replacement commits nothing^[[2m > ^[[22mU-1 keeps the live compiled Track when the recompile is refused
integration (node 24)	Run npm run test:integration	2026-08-23T00:22:06.6771590Z ^[[31m^[[1mTypeError^[[22m: property-stops-wrapper at motions[0].tracks[0].keyframes.x: The { stops: [...] } wrapper is retired; author the stops array directly as the value.^[[39m
integration (node 24)	Run npm run test:integration	2026-08-23T00:22:06.6771979Z ^[[36m ^[[2m❯^[[22m assertValidProject packages/core/src/engine.ts:^[[2m101:11^[[22m^[[39m
integration (node 24)	Run npm run test:integration	2026-08-23T00:22:06.6772334Z     ^[[90m 99|^[[39m   ^[[35mconst^[[39m result ^[[33m=^[[39m ^[[34mvalidateV5^[[39m(project)^[[33m;^[[39m
integration (node 24)	Run npm run test:integration	2026-08-23T00:22:06.6772820Z     ^[[90m100|^[[39m   ^[[35mif^[[39m (^[[33m!^[[39mresult^[[33m.^[[39mvalid ^[[33m||^[[39m result^[[33m.^[[39mvalue ^[[33m===^[[39m ^[[35mnull^[[39m)
integration (node 24)	Run npm run test:integration	2026-08-23T00:22:06.6773077Z     ^[[90m101|^[[39m     ^[[35mthrow^[[39m ^[[35mnew^[[39m ^[[33mTypeError^[[39m(
integration (node 24)	Run npm run test:integration	2026-08-23T00:22:06.6773238Z     ^[[90m   |^[[39m           ^[[31m^^[[39m
integration (node 24)	Run npm run test:integration	2026-08-23T00:22:06.6773581Z     ^[[90m102|^[[39m       result^[[33m.^[[39mdiagnostics^[[33m.^[[39mlength ^[[33m===^[[39m ^[[34m0^[[39m
integration (node 24)	Run npm run test:integration	2026-08-23T00:22:06.6773859Z     ^[[90m103|^[[39m         ^[[33m?^[[39m ^[[32m"Project failed v5 validation."^[[39m
integration (node 24)	Run npm run test:integration	2026-08-23T00:22:06.6774186Z ^[[90m ^[[2m❯^[[22m Engine.load packages/core/src/engine.ts:^[[2m170:29^[[22m^[[39m
integration (node 24)	Run npm run test:integration	2026-08-23T00:22:06.6774872Z ^[[90m ^[[2m❯^[[22m load packages/core/test/integration/replace-track-transactionality.test.ts:^[[2m68:6^[[22m^[[39m
integration (node 24)	Run npm run test:integration	2026-08-23T00:22:06.6775494Z ^[[90m ^[[2m❯^[[22m packages/core/test/integration/replace-track-transactionality.test.ts:^[[2m96:20^[[22m^[[39m
integration (node 24)	Run npm run test:integration	2026-08-23T00:22:06.6775504Z 
integration (node 24)	Run npm run test:integration	2026-08-23T00:22:06.6775730Z ^[[31m^[[2m⎯⎯⎯⎯⎯⎯⎯⎯⎯⎯⎯⎯⎯⎯⎯⎯⎯⎯⎯⎯⎯[90/124]⎯^[[22m^[[39m
integration (node 24)	Run npm run test:integration	2026-08-23T00:22:06.6775738Z 
integration (node 24)	Run npm run test:integration	2026-08-23T00:22:06.6777109Z ^[[41m^[[1m FAIL ^[[22m^[[49m packages/core/test/integration/replace-track-transactionality.test.ts^[[2m > ^[[22ma refused Track replacement commits nothing^[[2m > ^[[22mU-2 leaves a refused recompile retryable rather than stranding the node
integration (node 24)	Run npm run test:integration	2026-08-23T00:22:06.6777957Z ^[[31m^[[1mTypeError^[[22m: property-stops-wrapper at motions[0].tracks[0].keyframes.x: The { stops: [...] } wrapper is retired; author the stops array directly as the value.^[[39m
integration (node 24)	Run npm run test:integration	2026-08-23T00:22:06.6778337Z ^[[36m ^[[2m❯^[[22m assertValidProject packages/core/src/engine.ts:^[[2m101:11^[[22m^[[39m
integration (node 24)	Run npm run test:integration	2026-08-23T00:22:06.6778701Z     ^[[90m 99|^[[39m   ^[[35mconst^[[39m result ^[[33m=^[[39m ^[[34mvalidateV5^[[39m(project)^[[33m;^[[39m
integration (node 24)	Run npm run test:integration	2026-08-23T00:22:06.6779182Z     ^[[90m100|^[[39m   ^[[35mif^[[39m (^[[33m!^[[39mresult^[[33m.^[[39mvalid ^[[33m||^[[39m result^[[33m.^[[39mvalue ^[[33m===^[[39m ^[[35mnull^[[39m)
integration (node 24)	Run npm run test:integration	2026-08-23T00:22:06.6779457Z     ^[[90m101|^[[39m     ^[[35mthrow^[[39m ^[[35mnew^[[39m ^[[33mTypeError^[[39m(
integration (node 24)	Run npm run test:integration	2026-08-23T00:22:06.6779617Z     ^[[90m   |^[[39m           ^[[31m^^[[39m
integration (node 24)	Run npm run test:integration	2026-08-23T00:22:06.6779956Z     ^[[90m102|^[[39m       result^[[33m.^[[39mdiagnostics^[[33m.^[[39mlength ^[[33m===^[[39m ^[[34m0^[[39m
integration (node 24)	Run npm run test:integration	2026-08-23T00:22:06.6780226Z     ^[[90m103|^[[39m         ^[[33m?^[[39m ^[[32m"Project failed v5 validation."^[[39m
integration (node 24)	Run npm run test:integration	2026-08-23T00:22:06.6780558Z ^[[90m ^[[2m❯^[[22m Engine.load packages/core/src/engine.ts:^[[2m170:29^[[22m^[[39m
integration (node 24)	Run npm run test:integration	2026-08-23T00:22:06.6781087Z ^[[90m ^[[2m❯^[[22m load packages/core/test/integration/replace-track-transactionality.test.ts:^[[2m68:6^[[22m^[[39m
integration (node 24)	Run npm run test:integration	2026-08-23T00:22:06.6781588Z ^[[90m ^[[2m❯^[[22m packages/core/test/integration/replace-track-transactionality.test.ts:^[[2m113:20^[[22m^[[39m
integration (node 24)	Run npm run test:integration	2026-08-23T00:22:06.6781605Z 
integration (node 24)	Run npm run test:integration	2026-08-23T00:22:06.6781822Z ^[[31m^[[2m⎯⎯⎯⎯⎯⎯⎯⎯⎯⎯⎯⎯⎯⎯⎯⎯⎯⎯⎯⎯⎯[91/124]⎯^[[22m^[[39m
integration (node 24)	Run npm run test:integration	2026-08-23T00:22:06.6781838Z 
integration (node 24)	Run npm run test:integration	2026-08-23T00:22:06.6782904Z ^[[41m^[[1m FAIL ^[[22m^[[49m packages/core/test/integration/replace-track-transactionality.test.ts^[[2m > ^[[22ma refused Track replacement commits nothing^[[2m > ^[[22mU-3 changes nothing when the owning Motion refuses the replacement
integration (node 24)	Run npm run test:integration	2026-08-23T00:22:06.6783714Z ^[[31m^[[1mTypeError^[[22m: property-stops-wrapper at motions[0].tracks[0].keyframes.x: The { stops: [...] } wrapper is retired; author the stops array directly as the value.^[[39m
integration (node 24)	Run npm run test:integration	2026-08-23T00:22:06.6784087Z ^[[36m ^[[2m❯^[[22m assertValidProject packages/core/src/engine.ts:^[[2m101:11^[[22m^[[39m
integration (node 24)	Run npm run test:integration	2026-08-23T00:22:06.6784422Z     ^[[90m 99|^[[39m   ^[[35mconst^[[39m result ^[[33m=^[[39m ^[[34mvalidateV5^[[39m(project)^[[33m;^[[39m
integration (node 24)	Run npm run test:integration	2026-08-23T00:22:06.6784905Z     ^[[90m100|^[[39m   ^[[35mif^[[39m (^[[33m!^[[39mresult^[[33m.^[[39mvalid ^[[33m||^[[39m result^[[33m.^[[39mvalue ^[[33m===^[[39m ^[[35mnull^[[39m)
integration (node 24)	Run npm run test:integration	2026-08-23T00:22:06.6785172Z     ^[[90m101|^[[39m     ^[[35mthrow^[[39m ^[[35mnew^[[39m ^[[33mTypeError^[[39m(
integration (node 24)	Run npm run test:integration	2026-08-23T00:22:06.6785338Z     ^[[90m   |^[[39m           ^[[31m^^[[39m
integration (node 24)	Run npm run test:integration	2026-08-23T00:22:06.6785673Z     ^[[90m102|^[[39m       result^[[33m.^[[39mdiagnostics^[[33m.^[[39mlength ^[[33m===^[[39m ^[[34m0^[[39m
integration (node 24)	Run npm run test:integration	2026-08-23T00:22:06.6785948Z     ^[[90m103|^[[39m         ^[[33m?^[[39m ^[[32m"Project failed v5 validation."^[[39m
integration (node 24)	Run npm run test:integration	2026-08-23T00:22:06.6786525Z ^[[90m ^[[2m❯^[[22m Engine.load packages/core/src/engine.ts:^[[2m170:29^[[22m^[[39m
integration (node 24)	Run npm run test:integration	2026-08-23T00:22:06.6787102Z ^[[90m ^[[2m❯^[[22m load packages/core/test/integration/replace-track-transactionality.test.ts:^[[2m68:6^[[22m^[[39m
integration (node 24)	Run npm run test:integration	2026-08-23T00:22:06.6787610Z ^[[90m ^[[2m❯^[[22m packages/core/test/integration/replace-track-transactionality.test.ts:^[[2m125:20^[[22m^[[39m
integration (node 24)	Run npm run test:integration	2026-08-23T00:22:06.6787620Z 
integration (node 24)	Run npm run test:integration	2026-08-23T00:22:06.6787845Z ^[[31m^[[2m⎯⎯⎯⎯⎯⎯⎯⎯⎯⎯⎯⎯⎯⎯⎯⎯⎯⎯⎯⎯⎯[92/124]⎯^[[22m^[[39m
integration (node 24)	Run npm run test:integration	2026-08-23T00:22:06.6787854Z 
integration (node 24)	Run npm run test:integration	2026-08-23T00:22:06.6788979Z ^[[41m^[[1m FAIL ^[[22m^[[49m packages/core/test/integration/replace-track-transactionality.test.ts^[[2m > ^[[22ma refused Track replacement commits nothing^[[2m > ^[[22mU-4 changes nothing when the candidate graph refuses a derived observation
integration (node 24)	Run npm run test:integration	2026-08-23T00:22:06.6790058Z ^[[31m^[[1mTypeError^[[22m: property-stops-wrapper at motions[0].tracks[0].keyframes.x: The { stops: [...] } wrapper is retired; author the stops array directly as the value.^[[39m
integration (node 24)	Run npm run test:integration	2026-08-23T00:22:06.6790434Z ^[[36m ^[[2m❯^[[22m assertValidProject packages/core/src/engine.ts:^[[2m101:11^[[22m^[[39m
integration (node 24)	Run npm run test:integration	2026-08-23T00:22:06.6790790Z     ^[[90m 99|^[[39m   ^[[35mconst^[[39m result ^[[33m=^[[39m ^[[34mvalidateV5^[[39m(project)^[[33m;^[[39m
integration (node 24)	Run npm run test:integration	2026-08-23T00:22:06.6791274Z     ^[[90m100|^[[39m   ^[[35mif^[[39m (^[[33m!^[[39mresult^[[33m.^[[39mvalid ^[[33m||^[[39m result^[[33m.^[[39mvalue ^[[33m===^[[39m ^[[35mnull^[[39m)
integration (node 24)	Run npm run test:integration	2026-08-23T00:22:06.6791535Z     ^[[90m101|^[[39m     ^[[35mthrow^[[39m ^[[35mnew^[[39m ^[[33mTypeError^[[39m(
integration (node 24)	Run npm run test:integration	2026-08-23T00:22:06.6791690Z     ^[[90m   |^[[39m           ^[[31m^^[[39m
integration (node 24)	Run npm run test:integration	2026-08-23T00:22:06.6792036Z     ^[[90m102|^[[39m       result^[[33m.^[[39mdiagnostics^[[33m.^[[39mlength ^[[33m===^[[39m ^[[34m0^[[39m
integration (node 24)	Run npm run test:integration	2026-08-23T00:22:06.6792313Z     ^[[90m103|^[[39m         ^[[33m?^[[39m ^[[32m"Project failed v5 validation."^[[39m
integration (node 24)	Run npm run test:integration	2026-08-23T00:22:06.6792656Z ^[[90m ^[[2m❯^[[22m Engine.load packages/core/src/engine.ts:^[[2m170:29^[[22m^[[39m
integration (node 24)	Run npm run test:integration	2026-08-23T00:22:06.6793167Z ^[[90m ^[[2m❯^[[22m load packages/core/test/integration/replace-track-transactionality.test.ts:^[[2m68:6^[[22m^[[39m
integration (node 24)	Run npm run test:integration	2026-08-23T00:22:06.6793664Z ^[[90m ^[[2m❯^[[22m packages/core/test/integration/replace-track-transactionality.test.ts:^[[2m143:20^[[22m^[[39m
integration (node 24)	Run npm run test:integration	2026-08-23T00:22:06.6793672Z 
integration (node 24)	Run npm run test:integration	2026-08-23T00:22:06.6793893Z ^[[31m^[[2m⎯⎯⎯⎯⎯⎯⎯⎯⎯⎯⎯⎯⎯⎯⎯⎯⎯⎯⎯⎯⎯[93/124]⎯^[[22m^[[39m
integration (node 24)	Run npm run test:integration	2026-08-23T00:22:06.6793902Z 
integration (node 24)	Run npm run test:integration	2026-08-23T00:22:06.6794923Z ^[[41m^[[1m FAIL ^[[22m^[[49m packages/core/test/integration/runtime-motion-lifecycle.test.ts^[[2m > ^[[22mruntime Motion lifecycle (W4)^[[2m > ^[[22mcreates a motion, attaches a track, and signals progress from an empty project
integration (node 24)	Run npm run test:integration	2026-08-23T00:22:06.6795703Z ^[[31m^[[1mTypeError^[[22m: property-stops-wrapper at addTrack(arm).keyframes.x: The { stops: [...] } wrapper is retired; author the stops array directly as the value.^[[39m
integration (node 24)	Run npm run test:integration	2026-08-23T00:22:06.6796210Z ^[[36m ^[[2m❯^[[22m ProjectRuntime.#addTrack packages/core/src/runtime/project-runtime.ts:^[[2m281:13^[[22m^[[39m
integration (node 24)	Run npm run test:integration	2026-08-23T00:22:06.6796849Z     ^[[90m279|^[[39m     const validation = validateTrackDefinition(track, `addTrack(${trac…
integration (node 24)	Run npm run test:integration	2026-08-23T00:22:06.6797324Z     ^[[90m280|^[[39m     ^[[35mif^[[39m (^[[33m!^[[39mvalidation^[[33m.^[[39mvalid ^[[33m||^[[39m ^[[33m!^[[39mvalidation^[[33m.^[[39mvalue)
integration (node 24)	Run npm run test:integration	2026-08-23T00:22:06.6797904Z     ^[[90m281|^[[39m       ^[[35mthrow^[[39m ^[[35mnew^[[39m ^[[33mTypeError^[[39m(^[[34mdescribeDiagnostics^[[39m(validation^[[33m.^[[39mdiagnostics))^[[33m;^[[39m
integration (node 24)	Run npm run test:integration	2026-08-23T00:22:06.6798069Z     ^[[90m   |^[[39m             ^[[31m^^[[39m
integration (node 24)	Run npm run test:integration	2026-08-23T00:22:06.6798427Z     ^[[90m282|^[[39m     ^[[35mconst^[[39m accepted ^[[33m=^[[39m validation^[[33m.^[[39mvalue^[[33m;^[[39m
integration (node 24)	Run npm run test:integration	2026-08-23T00:22:06.6798842Z     ^[[90m283|^[[39m     ^[[35mconst^[[39m token ^[[33m=^[[39m ^[[35mthis^[[39m^[[33m.^[[39m#nextToken^[[33m++^[[39m^[[33m;^[[39m
integration (node 24)	Run npm run test:integration	2026-08-23T00:22:06.6799469Z ^[[90m ^[[2m❯^[[22m ProjectRuntime.adopt packages/core/src/runtime/project-runtime.ts:^[[2m247:25^[[22m^[[39m
integration (node 24)	Run npm run test:integration	2026-08-23T00:22:06.6799928Z ^[[90m ^[[2m❯^[[22m Object.adopt packages/core/src/engine.ts:^[[2m86:47^[[22m^[[39m
integration (node 24)	Run npm run test:integration	2026-08-23T00:22:06.6800393Z ^[[90m ^[[2m❯^[[22m packages/core/test/integration/runtime-motion-lifecycle.test.ts:^[[2m42:28^[[22m^[[39m
integration (node 24)	Run npm run test:integration	2026-08-23T00:22:06.6800403Z 
integration (node 24)	Run npm run test:integration	2026-08-23T00:22:06.6800627Z ^[[31m^[[2m⎯⎯⎯⎯⎯⎯⎯⎯⎯⎯⎯⎯⎯⎯⎯⎯⎯⎯⎯⎯⎯[94/124]⎯^[[22m^[[39m
integration (node 24)	Run npm run test:integration	2026-08-23T00:22:06.6800635Z 
integration (node 24)	Run npm run test:integration	2026-08-23T00:22:06.6801697Z ^[[41m^[[1m FAIL ^[[22m^[[49m packages/core/test/integration/runtime-motion-lifecycle.test.ts^[[2m > ^[[22mruntime Motion lifecycle (W4)^[[2m > ^[[22mrejects motion destruction while it still owns tracks, then allows empty destruction
integration (node 24)	Run npm run test:integration	2026-08-23T00:22:06.6802483Z ^[[31m^[[1mTypeError^[[22m: property-stops-wrapper at addTrack(arm).keyframes.x: The { stops: [...] } wrapper is retired; author the stops array directly as the value.^[[39m
integration (node 24)	Run npm run test:integration	2026-08-23T00:22:06.6802988Z ^[[36m ^[[2m❯^[[22m ProjectRuntime.#addTrack packages/core/src/runtime/project-runtime.ts:^[[2m281:13^[[22m^[[39m
integration (node 24)	Run npm run test:integration	2026-08-23T00:22:06.6803353Z     ^[[90m279|^[[39m     const validation = validateTrackDefinition(track, `addTrack(${trac…
integration (node 24)	Run npm run test:integration	2026-08-23T00:22:06.6803816Z     ^[[90m280|^[[39m     ^[[35mif^[[39m (^[[33m!^[[39mvalidation^[[33m.^[[39mvalid ^[[33m||^[[39m ^[[33m!^[[39mvalidation^[[33m.^[[39mvalue)
integration (node 24)	Run npm run test:integration	2026-08-23T00:22:06.6804390Z     ^[[90m281|^[[39m       ^[[35mthrow^[[39m ^[[35mnew^[[39m ^[[33mTypeError^[[39m(^[[34mdescribeDiagnostics^[[39m(validation^[[33m.^[[39mdiagnostics))^[[33m;^[[39m
integration (node 24)	Run npm run test:integration	2026-08-23T00:22:06.6804556Z     ^[[90m   |^[[39m             ^[[31m^^[[39m
integration (node 24)	Run npm run test:integration	2026-08-23T00:22:06.6804908Z     ^[[90m282|^[[39m     ^[[35mconst^[[39m accepted ^[[33m=^[[39m validation^[[33m.^[[39mvalue^[[33m;^[[39m
integration (node 24)	Run npm run test:integration	2026-08-23T00:22:06.6805319Z     ^[[90m283|^[[39m     ^[[35mconst^[[39m token ^[[33m=^[[39m ^[[35mthis^[[39m^[[33m.^[[39m#nextToken^[[33m++^[[39m^[[33m;^[[39m
integration (node 24)	Run npm run test:integration	2026-08-23T00:22:06.6805795Z ^[[90m ^[[2m❯^[[22m ProjectRuntime.adopt packages/core/src/runtime/project-runtime.ts:^[[2m247:25^[[22m^[[39m
integration (node 24)	Run npm run test:integration	2026-08-23T00:22:06.6806141Z ^[[90m ^[[2m❯^[[22m Object.adopt packages/core/src/engine.ts:^[[2m86:47^[[22m^[[39m
integration (node 24)	Run npm run test:integration	2026-08-23T00:22:06.6806893Z ^[[90m ^[[2m❯^[[22m packages/core/test/integration/runtime-motion-lifecycle.test.ts:^[[2m58:28^[[22m^[[39m
integration (node 24)	Run npm run test:integration	2026-08-23T00:22:06.6806906Z 
integration (node 24)	Run npm run test:integration	2026-08-23T00:22:06.6807144Z ^[[31m^[[2m⎯⎯⎯⎯⎯⎯⎯⎯⎯⎯⎯⎯⎯⎯⎯⎯⎯⎯⎯⎯⎯[95/124]⎯^[[22m^[[39m
integration (node 24)	Run npm run test:integration	2026-08-23T00:22:06.6807153Z 
integration (node 24)	Run npm run test:integration	2026-08-23T00:22:06.6808048Z ^[[41m^[[1m FAIL ^[[22m^[[49m packages/core/test/integration/runtime-motion-lifecycle.test.ts^[[2m > ^[[22mruntime Motion lifecycle (W4)^[[2m > ^[[22mkeeps two runtime motions independently signalable
integration (node 24)	Run npm run test:integration	2026-08-23T00:22:06.6808840Z ^[[31m^[[1mTypeError^[[22m: property-stops-wrapper at addTrack(arm).keyframes.x: The { stops: [...] } wrapper is retired; author the stops array directly as the value.^[[39m
integration (node 24)	Run npm run test:integration	2026-08-23T00:22:06.6809338Z ^[[36m ^[[2m❯^[[22m ProjectRuntime.#addTrack packages/core/src/runtime/project-runtime.ts:^[[2m281:13^[[22m^[[39m
integration (node 24)	Run npm run test:integration	2026-08-23T00:22:06.6809710Z     ^[[90m279|^[[39m     const validation = validateTrackDefinition(track, `addTrack(${trac…
integration (node 24)	Run npm run test:integration	2026-08-23T00:22:06.6810168Z     ^[[90m280|^[[39m     ^[[35mif^[[39m (^[[33m!^[[39mvalidation^[[33m.^[[39mvalid ^[[33m||^[[39m ^[[33m!^[[39mvalidation^[[33m.^[[39mvalue)
integration (node 24)	Run npm run test:integration	2026-08-23T00:22:06.6810760Z     ^[[90m281|^[[39m       ^[[35mthrow^[[39m ^[[35mnew^[[39m ^[[33mTypeError^[[39m(^[[34mdescribeDiagnostics^[[39m(validation^[[33m.^[[39mdiagnostics))^[[33m;^[[39m
integration (node 24)	Run npm run test:integration	2026-08-23T00:22:06.6810950Z     ^[[90m   |^[[39m             ^[[31m^^[[39m
integration (node 24)	Run npm run test:integration	2026-08-23T00:22:06.6811304Z     ^[[90m282|^[[39m     ^[[35mconst^[[39m accepted ^[[33m=^[[39m validation^[[33m.^[[39mvalue^[[33m;^[[39m
integration (node 24)	Run npm run test:integration	2026-08-23T00:22:06.6811711Z     ^[[90m283|^[[39m     ^[[35mconst^[[39m token ^[[33m=^[[39m ^[[35mthis^[[39m^[[33m.^[[39m#nextToken^[[33m++^[[39m^[[33m;^[[39m
integration (node 24)	Run npm run test:integration	2026-08-23T00:22:06.6812194Z ^[[90m ^[[2m❯^[[22m ProjectRuntime.adopt packages/core/src/runtime/project-runtime.ts:^[[2m247:25^[[22m^[[39m
integration (node 24)	Run npm run test:integration	2026-08-23T00:22:06.6812534Z ^[[90m ^[[2m❯^[[22m Object.adopt packages/core/src/engine.ts:^[[2m86:47^[[22m^[[39m
integration (node 24)	Run npm run test:integration	2026-08-23T00:22:06.6813150Z ^[[90m ^[[2m❯^[[22m packages/core/test/integration/runtime-motion-lifecycle.test.ts:^[[2m74:25^[[22m^[[39m
integration (node 24)	Run npm run test:integration	2026-08-23T00:22:06.6813160Z 
integration (node 24)	Run npm run test:integration	2026-08-23T00:22:06.6813501Z ^[[31m^[[2m⎯⎯⎯⎯⎯⎯⎯⎯⎯⎯⎯⎯⎯⎯⎯⎯⎯⎯⎯⎯⎯[96/124]⎯^[[22m^[[39m
integration (node 24)	Run npm run test:integration	2026-08-23T00:22:06.6813516Z 
integration (node 24)	Run npm run test:integration	2026-08-23T00:22:06.6814561Z ^[[41m^[[1m FAIL ^[[22m^[[49m packages/core/test/integration/single-input-channel.test.ts^[[2m > ^[[22ma plugin requirement is the only input channel^[[2m > ^[[22mJ-8 composes an upstream value without it ever becoming an authored one
integration (node 24)	Run npm run test:integration	2026-08-23T00:22:06.6818907Z ^[[31m^[[1mTypeError^[[22m: property-stops-wrapper at motions[0].tracks[0].keyframes.transform.values.x: The { stops: [...] } wrapper is retired; author the stops array directly as the value. property-stops-wrapper at motions[0].tracks[0].keyframes.transform.values.y: The { stops: [...] } wrapper is retired; author the stops array directly as the value. property-stops-wrapper at motions[0].tracks[0].keyframes.transform.values.rotation: The { stops: [...] } wrapper is retired; author the stops array directly as the value. property-stops-wrapper at motions[0].tracks[1].keyframes.fk.values.length: The { stops: [...] } wrapper is retired; author the stops array directly as the value. property-stops-wrapper at motions[0].tracks[1].keyframes.fk.values.rotation: The { stops: [...] } wrapper is retired; author the stops array directly as the value.^[[39m
integration (node 24)	Run npm run test:integration	2026-08-23T00:22:06.6819340Z ^[[36m ^[[2m❯^[[22m assertValidProject packages/core/src/engine.ts:^[[2m101:11^[[22m^[[39m
integration (node 24)	Run npm run test:integration	2026-08-23T00:22:06.6819697Z     ^[[90m 99|^[[39m   ^[[35mconst^[[39m result ^[[33m=^[[39m ^[[34mvalidateV5^[[39m(project)^[[33m;^[[39m
integration (node 24)	Run npm run test:integration	2026-08-23T00:22:06.6820188Z     ^[[90m100|^[[39m   ^[[35mif^[[39m (^[[33m!^[[39mresult^[[33m.^[[39mvalid ^[[33m||^[[39m result^[[33m.^[[39mvalue ^[[33m===^[[39m ^[[35mnull^[[39m)
integration (node 24)	Run npm run test:integration	2026-08-23T00:22:06.6820446Z     ^[[90m101|^[[39m     ^[[35mthrow^[[39m ^[[35mnew^[[39m ^[[33mTypeError^[[39m(
integration (node 24)	Run npm run test:integration	2026-08-23T00:22:06.6820610Z     ^[[90m   |^[[39m           ^[[31m^^[[39m
integration (node 24)	Run npm run test:integration	2026-08-23T00:22:06.6820952Z     ^[[90m102|^[[39m       result^[[33m.^[[39mdiagnostics^[[33m.^[[39mlength ^[[33m===^[[39m ^[[34m0^[[39m
integration (node 24)	Run npm run test:integration	2026-08-23T00:22:06.6821239Z     ^[[90m103|^[[39m         ^[[33m?^[[39m ^[[32m"Project failed v5 validation."^[[39m
integration (node 24)	Run npm run test:integration	2026-08-23T00:22:06.6821580Z ^[[90m ^[[2m❯^[[22m Engine.load packages/core/src/engine.ts:^[[2m170:29^[[22m^[[39m
integration (node 24)	Run npm run test:integration	2026-08-23T00:22:06.6822041Z ^[[90m ^[[2m❯^[[22m load packages/core/test/integration/single-input-channel.test.ts:^[[2m45:6^[[22m^[[39m
integration (node 24)	Run npm run test:integration	2026-08-23T00:22:06.6822476Z ^[[90m ^[[2m❯^[[22m packages/core/test/integration/single-input-channel.test.ts:^[[2m52:20^[[22m^[[39m
integration (node 24)	Run npm run test:integration	2026-08-23T00:22:06.6822486Z 
integration (node 24)	Run npm run test:integration	2026-08-23T00:22:06.6822710Z ^[[31m^[[2m⎯⎯⎯⎯⎯⎯⎯⎯⎯⎯⎯⎯⎯⎯⎯⎯⎯⎯⎯⎯⎯[97/124]⎯^[[22m^[[39m
integration (node 24)	Run npm run test:integration	2026-08-23T00:22:06.6822719Z 
integration (node 24)	Run npm run test:integration	2026-08-23T00:22:06.6823797Z ^[[41m^[[1m FAIL ^[[22m^[[49m packages/core/test/integration/t4-runtime-motion-parity.test.ts^[[2m > ^[[22mT4 runtime Motion parity and creation ordering^[[2m > ^[[22mT-1 emits one progress sequence for a runtime and an authored time Motion
integration (node 24)	Run npm run test:integration	2026-08-23T00:22:06.6824608Z ^[[31m^[[1mTypeError^[[22m: property-stops-wrapper at motions[0].tracks[0].keyframes.x: The { stops: [...] } wrapper is retired; author the stops array directly as the value.^[[39m
integration (node 24)	Run npm run test:integration	2026-08-23T00:22:06.6824995Z ^[[36m ^[[2m❯^[[22m assertValidProject packages/core/src/engine.ts:^[[2m101:11^[[22m^[[39m
integration (node 24)	Run npm run test:integration	2026-08-23T00:22:06.6825356Z     ^[[90m 99|^[[39m   ^[[35mconst^[[39m result ^[[33m=^[[39m ^[[34mvalidateV5^[[39m(project)^[[33m;^[[39m
integration (node 24)	Run npm run test:integration	2026-08-23T00:22:06.6825842Z     ^[[90m100|^[[39m   ^[[35mif^[[39m (^[[33m!^[[39mresult^[[33m.^[[39mvalid ^[[33m||^[[39m result^[[33m.^[[39mvalue ^[[33m===^[[39m ^[[35mnull^[[39m)
integration (node 24)	Run npm run test:integration	2026-08-23T00:22:06.6826107Z     ^[[90m101|^[[39m     ^[[35mthrow^[[39m ^[[35mnew^[[39m ^[[33mTypeError^[[39m(
integration (node 24)	Run npm run test:integration	2026-08-23T00:22:06.6826494Z     ^[[90m   |^[[39m           ^[[31m^^[[39m
integration (node 24)	Run npm run test:integration	2026-08-23T00:22:06.6826897Z     ^[[90m102|^[[39m       result^[[33m.^[[39mdiagnostics^[[33m.^[[39mlength ^[[33m===^[[39m ^[[34m0^[[39m
integration (node 24)	Run npm run test:integration	2026-08-23T00:22:06.6827184Z     ^[[90m103|^[[39m         ^[[33m?^[[39m ^[[32m"Project failed v5 validation."^[[39m
integration (node 24)	Run npm run test:integration	2026-08-23T00:22:06.6827531Z ^[[90m ^[[2m❯^[[22m Engine.load packages/core/src/engine.ts:^[[2m170:29^[[22m^[[39m
integration (node 24)	Run npm run test:integration	2026-08-23T00:22:06.6828236Z ^[[90m ^[[2m❯^[[22m load packages/core/test/integration/t4-runtime-motion-parity.test.ts:^[[2m153:6^[[22m^[[39m
integration (node 24)	Run npm run test:integration	2026-08-23T00:22:06.6828812Z ^[[90m ^[[2m❯^[[22m packages/core/test/integration/t4-runtime-motion-parity.test.ts:^[[2m175:22^[[22m^[[39m
integration (node 24)	Run npm run test:integration	2026-08-23T00:22:06.6828827Z 
integration (node 24)	Run npm run test:integration	2026-08-23T00:22:06.6829047Z ^[[31m^[[2m⎯⎯⎯⎯⎯⎯⎯⎯⎯⎯⎯⎯⎯⎯⎯⎯⎯⎯⎯⎯⎯[98/124]⎯^[[22m^[[39m
integration (node 24)	Run npm run test:integration	2026-08-23T00:22:06.6829056Z 
integration (node 24)	Run npm run test:integration	2026-08-23T00:22:06.6830089Z ^[[41m^[[1m FAIL ^[[22m^[[49m packages/core/test/integration/t4-runtime-motion-parity.test.ts^[[2m > ^[[22mT4 runtime Motion parity and creation ordering^[[2m > ^[[22mT-6 rolls the Motion back when the candidate graph rejects it
integration (node 24)	Run npm run test:integration	2026-08-23T00:22:06.6830890Z ^[[31m^[[1mTypeError^[[22m: property-stops-wrapper at addTrack(arm).keyframes.x: The { stops: [...] } wrapper is retired; author the stops array directly as the value.^[[39m
integration (node 24)	Run npm run test:integration	2026-08-23T00:22:06.6831388Z ^[[36m ^[[2m❯^[[22m ProjectRuntime.#addTrack packages/core/src/runtime/project-runtime.ts:^[[2m281:13^[[22m^[[39m
integration (node 24)	Run npm run test:integration	2026-08-23T00:22:06.6831751Z     ^[[90m279|^[[39m     const validation = validateTrackDefinition(track, `addTrack(${trac…
integration (node 24)	Run npm run test:integration	2026-08-23T00:22:06.6832220Z     ^[[90m280|^[[39m     ^[[35mif^[[39m (^[[33m!^[[39mvalidation^[[33m.^[[39mvalid ^[[33m||^[[39m ^[[33m!^[[39mvalidation^[[33m.^[[39mvalue)
integration (node 24)	Run npm run test:integration	2026-08-23T00:22:06.6832811Z     ^[[90m281|^[[39m       ^[[35mthrow^[[39m ^[[35mnew^[[39m ^[[33mTypeError^[[39m(^[[34mdescribeDiagnostics^[[39m(validation^[[33m.^[[39mdiagnostics))^[[33m;^[[39m
integration (node 24)	Run npm run test:integration	2026-08-23T00:22:06.6832973Z     ^[[90m   |^[[39m             ^[[31m^^[[39m
integration (node 24)	Run npm run test:integration	2026-08-23T00:22:06.6833317Z     ^[[90m282|^[[39m     ^[[35mconst^[[39m accepted ^[[33m=^[[39m validation^[[33m.^[[39mvalue^[[33m;^[[39m
integration (node 24)	Run npm run test:integration	2026-08-23T00:22:06.6833731Z     ^[[90m283|^[[39m     ^[[35mconst^[[39m token ^[[33m=^[[39m ^[[35mthis^[[39m^[[33m.^[[39m#nextToken^[[33m++^[[39m^[[33m;^[[39m
integration (node 24)	Run npm run test:integration	2026-08-23T00:22:06.6834231Z ^[[90m ^[[2m❯^[[22m ProjectRuntime.addTrack packages/core/src/runtime/project-runtime.ts:^[[2m234:17^[[22m^[[39m
integration (node 24)	Run npm run test:integration	2026-08-23T00:22:06.6834583Z ^[[90m ^[[2m❯^[[22m Object.addTrack packages/core/src/engine.ts:^[[2m80:43^[[22m^[[39m
integration (node 24)	Run npm run test:integration	2026-08-23T00:22:06.6835048Z ^[[90m ^[[2m❯^[[22m packages/core/test/integration/t4-runtime-motion-parity.test.ts:^[[2m360:12^[[22m^[[39m
integration (node 24)	Run npm run test:integration	2026-08-23T00:22:06.6835057Z 
integration (node 24)	Run npm run test:integration	2026-08-23T00:22:06.6835286Z ^[[31m^[[2m⎯⎯⎯⎯⎯⎯⎯⎯⎯⎯⎯⎯⎯⎯⎯⎯⎯⎯⎯⎯⎯[99/124]⎯^[[22m^[[39m
integration (node 24)	Run npm run test:integration	2026-08-23T00:22:06.6835294Z 
integration (node 24)	Run npm run test:integration	2026-08-23T00:22:06.6836600Z ^[[41m^[[1m FAIL ^[[22m^[[49m packages/core/test/integration/t4-runtime-motion-parity.test.ts^[[2m > ^[[22mT4 runtime Motion parity and creation ordering^[[2m > ^[[22mT-7 keeps one clock subscription when a Motion is created at runtime
integration (node 24)	Run npm run test:integration	2026-08-23T00:22:06.6837416Z ^[[31m^[[1mTypeError^[[22m: property-stops-wrapper at addTrack(arm).keyframes.x: The { stops: [...] } wrapper is retired; author the stops array directly as the value.^[[39m
integration (node 24)	Run npm run test:integration	2026-08-23T00:22:06.6837914Z ^[[36m ^[[2m❯^[[22m ProjectRuntime.#addTrack packages/core/src/runtime/project-runtime.ts:^[[2m281:13^[[22m^[[39m
integration (node 24)	Run npm run test:integration	2026-08-23T00:22:06.6838274Z     ^[[90m279|^[[39m     const validation = validateTrackDefinition(track, `addTrack(${trac…
integration (node 24)	Run npm run test:integration	2026-08-23T00:22:06.6838737Z     ^[[90m280|^[[39m     ^[[35mif^[[39m (^[[33m!^[[39mvalidation^[[33m.^[[39mvalid ^[[33m||^[[39m ^[[33m!^[[39mvalidation^[[33m.^[[39mvalue)
integration (node 24)	Run npm run test:integration	2026-08-23T00:22:06.6839331Z     ^[[90m281|^[[39m       ^[[35mthrow^[[39m ^[[35mnew^[[39m ^[[33mTypeError^[[39m(^[[34mdescribeDiagnostics^[[39m(validation^[[33m.^[[39mdiagnostics))^[[33m;^[[39m
integration (node 24)	Run npm run test:integration	2026-08-23T00:22:06.6839503Z     ^[[90m   |^[[39m             ^[[31m^^[[39m
integration (node 24)	Run npm run test:integration	2026-08-23T00:22:06.6839846Z     ^[[90m282|^[[39m     ^[[35mconst^[[39m accepted ^[[33m=^[[39m validation^[[33m.^[[39mvalue^[[33m;^[[39m
integration (node 24)	Run npm run test:integration	2026-08-23T00:22:06.6840260Z     ^[[90m283|^[[39m     ^[[35mconst^[[39m token ^[[33m=^[[39m ^[[35mthis^[[39m^[[33m.^[[39m#nextToken^[[33m++^[[39m^[[33m;^[[39m
integration (node 24)	Run npm run test:integration	2026-08-23T00:22:06.6840766Z ^[[90m ^[[2m❯^[[22m ProjectRuntime.addTrack packages/core/src/runtime/project-runtime.ts:^[[2m234:17^[[22m^[[39m
integration (node 24)	Run npm run test:integration	2026-08-23T00:22:06.6841110Z ^[[90m ^[[2m❯^[[22m Object.addTrack packages/core/src/engine.ts:^[[2m80:43^[[22m^[[39m
integration (node 24)	Run npm run test:integration	2026-08-23T00:22:06.6841571Z ^[[90m ^[[2m❯^[[22m packages/core/test/integration/t4-runtime-motion-parity.test.ts:^[[2m397:12^[[22m^[[39m
integration (node 24)	Run npm run test:integration	2026-08-23T00:22:06.6841722Z 
integration (node 24)	Run npm run test:integration	2026-08-23T00:22:06.6841968Z ^[[31m^[[2m⎯⎯⎯⎯⎯⎯⎯⎯⎯⎯⎯⎯⎯⎯⎯⎯⎯⎯⎯⎯[100/124]⎯^[[22m^[[39m
integration (node 24)	Run npm run test:integration	2026-08-23T00:22:06.6841977Z 
integration (node 24)	Run npm run test:integration	2026-08-23T00:22:06.6842883Z ^[[41m^[[1m FAIL ^[[22m^[[49m packages/core/test/integration/trigger-scroll.test.ts^[[2m > ^[[22mT3 scroll driver^[[2m > ^[[22m3.1 drives progress from an injected source and clamps out-of-range emissions
integration (node 24)	Run npm run test:integration	2026-08-23T00:22:06.6843821Z ^[[31m^[[1mTypeError^[[22m: property-stops-wrapper at motions[0].tracks[0].keyframes.x: The { stops: [...] } wrapper is retired; author the stops array directly as the value.^[[39m
integration (node 24)	Run npm run test:integration	2026-08-23T00:22:06.6844200Z ^[[36m ^[[2m❯^[[22m assertValidProject packages/core/src/engine.ts:^[[2m101:11^[[22m^[[39m
integration (node 24)	Run npm run test:integration	2026-08-23T00:22:06.6844554Z     ^[[90m 99|^[[39m   ^[[35mconst^[[39m result ^[[33m=^[[39m ^[[34mvalidateV5^[[39m(project)^[[33m;^[[39m
integration (node 24)	Run npm run test:integration	2026-08-23T00:22:06.6845045Z     ^[[90m100|^[[39m   ^[[35mif^[[39m (^[[33m!^[[39mresult^[[33m.^[[39mvalid ^[[33m||^[[39m result^[[33m.^[[39mvalue ^[[33m===^[[39m ^[[35mnull^[[39m)
integration (node 24)	Run npm run test:integration	2026-08-23T00:22:06.6845313Z     ^[[90m101|^[[39m     ^[[35mthrow^[[39m ^[[35mnew^[[39m ^[[33mTypeError^[[39m(
integration (node 24)	Run npm run test:integration	2026-08-23T00:22:06.6845476Z     ^[[90m   |^[[39m           ^[[31m^^[[39m
integration (node 24)	Run npm run test:integration	2026-08-23T00:22:06.6845826Z     ^[[90m102|^[[39m       result^[[33m.^[[39mdiagnostics^[[33m.^[[39mlength ^[[33m===^[[39m ^[[34m0^[[39m
integration (node 24)	Run npm run test:integration	2026-08-23T00:22:06.6846112Z     ^[[90m103|^[[39m         ^[[33m?^[[39m ^[[32m"Project failed v5 validation."^[[39m
integration (node 24)	Run npm run test:integration	2026-08-23T00:22:06.6846734Z ^[[90m ^[[2m❯^[[22m Engine.load packages/core/src/engine.ts:^[[2m170:29^[[22m^[[39m
integration (node 24)	Run npm run test:integration	2026-08-23T00:22:06.6847179Z ^[[90m ^[[2m❯^[[22m load packages/core/test/integration/trigger-scroll.test.ts:^[[2m65:6^[[22m^[[39m
integration (node 24)	Run npm run test:integration	2026-08-23T00:22:06.6847591Z ^[[90m ^[[2m❯^[[22m packages/core/test/integration/trigger-scroll.test.ts:^[[2m76:35^[[22m^[[39m
integration (node 24)	Run npm run test:integration	2026-08-23T00:22:06.6847600Z 
integration (node 24)	Run npm run test:integration	2026-08-23T00:22:06.6847831Z ^[[31m^[[2m⎯⎯⎯⎯⎯⎯⎯⎯⎯⎯⎯⎯⎯⎯⎯⎯⎯⎯⎯⎯[101/124]⎯^[[22m^[[39m
integration (node 24)	Run npm run test:integration	2026-08-23T00:22:06.6847840Z 
integration (node 24)	Run npm run test:integration	2026-08-23T00:22:06.6848717Z ^[[41m^[[1m FAIL ^[[22m^[[49m packages/core/test/integration/trigger-scroll.test.ts^[[2m > ^[[22mT3 scroll driver^[[2m > ^[[22m3.2 subscribes to the injected source once and unsubscribes exactly once
integration (node 24)	Run npm run test:integration	2026-08-23T00:22:06.6849540Z ^[[31m^[[1mTypeError^[[22m: property-stops-wrapper at motions[0].tracks[0].keyframes.x: The { stops: [...] } wrapper is retired; author the stops array directly as the value.^[[39m
integration (node 24)	Run npm run test:integration	2026-08-23T00:22:06.6849929Z ^[[36m ^[[2m❯^[[22m assertValidProject packages/core/src/engine.ts:^[[2m101:11^[[22m^[[39m
integration (node 24)	Run npm run test:integration	2026-08-23T00:22:06.6850276Z     ^[[90m 99|^[[39m   ^[[35mconst^[[39m result ^[[33m=^[[39m ^[[34mvalidateV5^[[39m(project)^[[33m;^[[39m
integration (node 24)	Run npm run test:integration	2026-08-23T00:22:06.6850762Z     ^[[90m100|^[[39m   ^[[35mif^[[39m (^[[33m!^[[39mresult^[[33m.^[[39mvalid ^[[33m||^[[39m result^[[33m.^[[39mvalue ^[[33m===^[[39m ^[[35mnull^[[39m)
integration (node 24)	Run npm run test:integration	2026-08-23T00:22:06.6851025Z     ^[[90m101|^[[39m     ^[[35mthrow^[[39m ^[[35mnew^[[39m ^[[33mTypeError^[[39m(
integration (node 24)	Run npm run test:integration	2026-08-23T00:22:06.6851274Z     ^[[90m   |^[[39m           ^[[31m^^[[39m
integration (node 24)	Run npm run test:integration	2026-08-23T00:22:06.6851692Z     ^[[90m102|^[[39m       result^[[33m.^[[39mdiagnostics^[[33m.^[[39mlength ^[[33m===^[[39m ^[[34m0^[[39m
integration (node 24)	Run npm run test:integration	2026-08-23T00:22:06.6852000Z     ^[[90m103|^[[39m         ^[[33m?^[[39m ^[[32m"Project failed v5 validation."^[[39m
integration (node 24)	Run npm run test:integration	2026-08-23T00:22:06.6852576Z ^[[90m ^[[2m❯^[[22m Engine.load packages/core/src/engine.ts:^[[2m170:29^[[22m^[[39m
integration (node 24)	Run npm run test:integration	2026-08-23T00:22:06.6853079Z ^[[90m ^[[2m❯^[[22m load packages/core/test/integration/trigger-scroll.test.ts:^[[2m65:6^[[22m^[[39m
integration (node 24)	Run npm run test:integration	2026-08-23T00:22:06.6853524Z ^[[90m ^[[2m❯^[[22m packages/core/test/integration/trigger-scroll.test.ts:^[[2m99:24^[[22m^[[39m
integration (node 24)	Run npm run test:integration	2026-08-23T00:22:06.6853577Z 
integration (node 24)	Run npm run test:integration	2026-08-23T00:22:06.6853867Z ^[[31m^[[2m⎯⎯⎯⎯⎯⎯⎯⎯⎯⎯⎯⎯⎯⎯⎯⎯⎯⎯⎯⎯[102/124]⎯^[[22m^[[39m
integration (node 24)	Run npm run test:integration	2026-08-23T00:22:06.6853876Z 
integration (node 24)	Run npm run test:integration	2026-08-23T00:22:06.6854900Z ^[[41m^[[1m FAIL ^[[22m^[[49m packages/core/test/integration/trigger-scroll.test.ts^[[2m > ^[[22mT3 scroll driver^[[2m > ^[[22m3.4 unsubscribes an already resolved source when a later Motion cannot resolve
integration (node 24)	Run npm run test:integration	2026-08-23T00:22:06.6855749Z ^[[31m^[[1mAssertionError^[[22m: expected [Function] to throw error matching /trigger-driver-unavailable/ but got 'property-stops-wrapper at motions[0].…'^[[39m
integration (node 24)	Run npm run test:integration	2026-08-23T00:22:06.6855759Z 
integration (node 24)	Run npm run test:integration	2026-08-23T00:22:06.6855962Z ^[[32m- Expected:^[[39m
integration (node 24)	Run npm run test:integration	2026-08-23T00:22:06.6856581Z /trigger-driver-unavailable/
integration (node 24)	Run npm run test:integration	2026-08-23T00:22:06.6856597Z 
integration (node 24)	Run npm run test:integration	2026-08-23T00:22:06.6856820Z ^[[31m+ Received:^[[39m
integration (node 24)	Run npm run test:integration	2026-08-23T00:22:06.6858217Z "property-stops-wrapper at motions[0].tracks[0].keyframes.x: The { stops: [...] } wrapper is retired; author the stops array directly as the value. property-stops-wrapper at motions[1].tracks[0].keyframes.x: The { stops: [...] } wrapper is retired; author the stops array directly as the value."
integration (node 24)	Run npm run test:integration	2026-08-23T00:22:06.6858371Z 
integration (node 24)	Run npm run test:integration	2026-08-23T00:22:06.6858872Z ^[[36m ^[[2m❯^[[22m packages/core/test/integration/trigger-scroll.test.ts:^[[2m133:7^[[22m^[[39m
integration (node 24)	Run npm run test:integration	2026-08-23T00:22:06.6859156Z     ^[[90m131|^[[39m     ^[[34mexpect^[[39m(() ^[[33m=>^[[39m
integration (node 24)	Run npm run test:integration	2026-08-23T00:22:06.6859561Z     ^[[90m132|^[[39m       load(resolve, [scrollMotion("hero", "hero"), scrollMotion("orpha…
integration (node 24)	Run npm run test:integration	2026-08-23T00:22:06.6860062Z     ^[[90m133|^[[39m     )^[[33m.^[[39m^[[34mtoThrow^[[39m(^[[36m/trigger-driver-unavailable/^[[39m)^[[33m;^[[39m
integration (node 24)	Run npm run test:integration	2026-08-23T00:22:06.6860306Z     ^[[90m   |^[[39m       ^[[31m^^[[39m
integration (node 24)	Run npm run test:integration	2026-08-23T00:22:06.6860460Z     ^[[90m134|^[[39m
integration (node 24)	Run npm run test:integration	2026-08-23T00:22:06.6860988Z     ^[[90m135|^[[39m     ^[[34mexpect^[[39m(hero^[[33m.^[[39msubscriptions)^[[33m.^[[39m^[[34mtoBe^[[39m(^[[34m1^[[39m)^[[33m;^[[39m
integration (node 24)	Run npm run test:integration	2026-08-23T00:22:06.6861005Z 
integration (node 24)	Run npm run test:integration	2026-08-23T00:22:06.6861284Z ^[[31m^[[2m⎯⎯⎯⎯⎯⎯⎯⎯⎯⎯⎯⎯⎯⎯⎯⎯⎯⎯⎯⎯[103/124]⎯^[[22m^[[39m
integration (node 24)	Run npm run test:integration	2026-08-23T00:22:06.6861293Z 
integration (node 24)	Run npm run test:integration	2026-08-23T00:22:06.6862302Z ^[[41m^[[1m FAIL ^[[22m^[[49m packages/core/test/integration/trigger-scroll.test.ts^[[2m > ^[[22mT3 scroll driver^[[2m > ^[[22mregisters no clock consumer for a push-driven scroll Motion
integration (node 24)	Run npm run test:integration	2026-08-23T00:22:06.6863157Z ^[[31m^[[1mTypeError^[[22m: property-stops-wrapper at motions[0].tracks[0].keyframes.x: The { stops: [...] } wrapper is retired; author the stops array directly as the value.^[[39m
integration (node 24)	Run npm run test:integration	2026-08-23T00:22:06.6863644Z ^[[36m ^[[2m❯^[[22m assertValidProject packages/core/src/engine.ts:^[[2m101:11^[[22m^[[39m
integration (node 24)	Run npm run test:integration	2026-08-23T00:22:06.6864061Z     ^[[90m 99|^[[39m   ^[[35mconst^[[39m result ^[[33m=^[[39m ^[[34mvalidateV5^[[39m(project)^[[33m;^[[39m
integration (node 24)	Run npm run test:integration	2026-08-23T00:22:06.6864650Z     ^[[90m100|^[[39m   ^[[35mif^[[39m (^[[33m!^[[39mresult^[[33m.^[[39mvalid ^[[33m||^[[39m result^[[33m.^[[39mvalue ^[[33m===^[[39m ^[[35mnull^[[39m)
integration (node 24)	Run npm run test:integration	2026-08-23T00:22:06.6864974Z     ^[[90m101|^[[39m     ^[[35mthrow^[[39m ^[[35mnew^[[39m ^[[33mTypeError^[[39m(
integration (node 24)	Run npm run test:integration	2026-08-23T00:22:06.6865207Z     ^[[90m   |^[[39m           ^[[31m^^[[39m
integration (node 24)	Run npm run test:integration	2026-08-23T00:22:06.6865619Z     ^[[90m102|^[[39m       result^[[33m.^[[39mdiagnostics^[[33m.^[[39mlength ^[[33m===^[[39m ^[[34m0^[[39m
integration (node 24)	Run npm run test:integration	2026-08-23T00:22:06.6865947Z     ^[[90m103|^[[39m         ^[[33m?^[[39m ^[[32m"Project failed v5 validation."^[[39m
integration (node 24)	Run npm run test:integration	2026-08-23T00:22:06.6866665Z ^[[90m ^[[2m❯^[[22m Engine.load packages/core/src/engine.ts:^[[2m170:29^[[22m^[[39m
integration (node 24)	Run npm run test:integration	2026-08-23T00:22:06.6867241Z ^[[90m ^[[2m❯^[[22m load packages/core/test/integration/trigger-scroll.test.ts:^[[2m65:6^[[22m^[[39m
integration (node 24)	Run npm run test:integration	2026-08-23T00:22:06.6867766Z ^[[90m ^[[2m❯^[[22m packages/core/test/integration/trigger-scroll.test.ts:^[[2m141:42^[[22m^[[39m
integration (node 24)	Run npm run test:integration	2026-08-23T00:22:06.6867776Z 
integration (node 24)	Run npm run test:integration	2026-08-23T00:22:06.6868072Z ^[[31m^[[2m⎯⎯⎯⎯⎯⎯⎯⎯⎯⎯⎯⎯⎯⎯⎯⎯⎯⎯⎯⎯[104/124]⎯^[[22m^[[39m
integration (node 24)	Run npm run test:integration	2026-08-23T00:22:06.6868082Z 
integration (node 24)	Run npm run test:integration	2026-08-23T00:22:06.6868858Z ^[[41m^[[1m FAIL ^[[22m^[[49m packages/core/test/integration/trigger-scroll.test.ts^[[2m > ^[[22mT3 scroll driver^[[2m > ^[[22mrejects external signals for scroll Motions
integration (node 24)	Run npm run test:integration	2026-08-23T00:22:06.6884540Z ^[[31m^[[1mTypeError^[[22m: property-stops-wrapper at motions[0].tracks[0].keyframes.x: The { stops: [...] } wrapper is retired; author the stops array directly as the value.^[[39m
integration (node 24)	Run npm run test:integration	2026-08-23T00:22:06.6885098Z ^[[36m ^[[2m❯^[[22m assertValidProject packages/core/src/engine.ts:^[[2m101:11^[[22m^[[39m
integration (node 24)	Run npm run test:integration	2026-08-23T00:22:06.6885483Z     ^[[90m 99|^[[39m   ^[[35mconst^[[39m result ^[[33m=^[[39m ^[[34mvalidateV5^[[39m(project)^[[33m;^[[39m
integration (node 24)	Run npm run test:integration	2026-08-23T00:22:06.6885983Z     ^[[90m100|^[[39m   ^[[35mif^[[39m (^[[33m!^[[39mresult^[[33m.^[[39mvalid ^[[33m||^[[39m result^[[33m.^[[39mvalue ^[[33m===^[[39m ^[[35mnull^[[39m)
integration (node 24)	Run npm run test:integration	2026-08-23T00:22:06.6886688Z     ^[[90m101|^[[39m     ^[[35mthrow^[[39m ^[[35mnew^[[39m ^[[33mTypeError^[[39m(
integration (node 24)	Run npm run test:integration	2026-08-23T00:22:06.6886959Z     ^[[90m   |^[[39m           ^[[31m^^[[39m
integration (node 24)	Run npm run test:integration	2026-08-23T00:22:06.6887339Z     ^[[90m102|^[[39m       result^[[33m.^[[39mdiagnostics^[[33m.^[[39mlength ^[[33m===^[[39m ^[[34m0^[[39m
integration (node 24)	Run npm run test:integration	2026-08-23T00:22:06.6887844Z     ^[[90m103|^[[39m         ^[[33m?^[[39m ^[[32m"Project failed v5 validation."^[[39m
integration (node 24)	Run npm run test:integration	2026-08-23T00:22:06.6888331Z ^[[90m ^[[2m❯^[[22m Engine.load packages/core/src/engine.ts:^[[2m170:29^[[22m^[[39m
integration (node 24)	Run npm run test:integration	2026-08-23T00:22:06.6888781Z ^[[90m ^[[2m❯^[[22m load packages/core/test/integration/trigger-scroll.test.ts:^[[2m65:6^[[22m^[[39m
integration (node 24)	Run npm run test:integration	2026-08-23T00:22:06.6889200Z ^[[90m ^[[2m❯^[[22m packages/core/test/integration/trigger-scroll.test.ts:^[[2m163:24^[[22m^[[39m
integration (node 24)	Run npm run test:integration	2026-08-23T00:22:06.6889216Z 
integration (node 24)	Run npm run test:integration	2026-08-23T00:22:06.6889450Z ^[[31m^[[2m⎯⎯⎯⎯⎯⎯⎯⎯⎯⎯⎯⎯⎯⎯⎯⎯⎯⎯⎯⎯[105/124]⎯^[[22m^[[39m
integration (node 24)	Run npm run test:integration	2026-08-23T00:22:06.6889462Z 
integration (node 24)	Run npm run test:integration	2026-08-23T00:22:06.6890283Z ^[[41m^[[1m FAIL ^[[22m^[[49m packages/core/test/integration/trigger-time-loop.test.ts^[[2m > ^[[22mtime loop semantics^[[2m > ^[[22mL-13 no longer rejects repeat and yoyo as unsupported
integration (node 24)	Run npm run test:integration	2026-08-23T00:22:06.6890670Z ^[[31m^[[1mAssertionError^[[22m: expected false to be true // Object.is equality^[[39m
integration (node 24)	Run npm run test:integration	2026-08-23T00:22:06.6890679Z 
integration (node 24)	Run npm run test:integration	2026-08-23T00:22:06.6890824Z ^[[32m- Expected^[[39m
integration (node 24)	Run npm run test:integration	2026-08-23T00:22:06.6890954Z ^[[31m+ Received^[[39m
integration (node 24)	Run npm run test:integration	2026-08-23T00:22:06.6890962Z 
integration (node 24)	Run npm run test:integration	2026-08-23T00:22:06.6891064Z ^[[32m- true^[[39m
integration (node 24)	Run npm run test:integration	2026-08-23T00:22:06.6891190Z ^[[31m+ false^[[39m
integration (node 24)	Run npm run test:integration	2026-08-23T00:22:06.6891197Z 
integration (node 24)	Run npm run test:integration	2026-08-23T00:22:06.6891633Z ^[[36m ^[[2m❯^[[22m packages/core/test/integration/trigger-time-loop.test.ts:^[[2m98:26^[[22m^[[39m
integration (node 24)	Run npm run test:integration	2026-08-23T00:22:06.6892091Z     ^[[90m 96|^[[39m       motions: [{ id: "loop", trigger: LOOPING, tracks: [ramp("arm")] …
integration (node 24)	Run npm run test:integration	2026-08-23T00:22:06.6892245Z     ^[[90m 97|^[[39m     })^[[33m;^[[39m
integration (node 24)	Run npm run test:integration	2026-08-23T00:22:06.6892668Z     ^[[90m 98|^[[39m     ^[[34mexpect^[[39m(result^[[33m.^[[39mvalid)^[[33m.^[[39m^[[34mtoBe^[[39m(^[[35mtrue^[[39m)^[[33m;^[[39m
integration (node 24)	Run npm run test:integration	2026-08-23T00:22:06.6892865Z     ^[[90m   |^[[39m                          ^[[31m^^[[39m
integration (node 24)	Run npm run test:integration	2026-08-23T00:22:06.6893213Z     ^[[90m 99|^[[39m     expect(ruleIds(result.diagnostics)).not.toContain("trigger-time-re…
integration (node 24)	Run npm run test:integration	2026-08-23T00:22:06.6893357Z     ^[[90m100|^[[39m   })^[[33m;^[[39m
integration (node 24)	Run npm run test:integration	2026-08-23T00:22:06.6893371Z 
integration (node 24)	Run npm run test:integration	2026-08-23T00:22:06.6893603Z ^[[31m^[[2m⎯⎯⎯⎯⎯⎯⎯⎯⎯⎯⎯⎯⎯⎯⎯⎯⎯⎯⎯⎯[106/124]⎯^[[22m^[[39m
integration (node 24)	Run npm run test:integration	2026-08-23T00:22:06.6893612Z 
integration (node 24)	Run npm run test:integration	2026-08-23T00:22:06.6894519Z ^[[41m^[[1m FAIL ^[[22m^[[49m packages/core/test/integration/trigger-time-loop.test.ts^[[2m > ^[[22mtime loop semantics^[[2m > ^[[22mL-14 yoyos an authored Motion through the runtime and stops at the start
integration (node 24)	Run npm run test:integration	2026-08-23T00:22:06.6895343Z ^[[31m^[[1mTypeError^[[22m: property-stops-wrapper at motions[0].tracks[0].keyframes.x: The { stops: [...] } wrapper is retired; author the stops array directly as the value.^[[39m
integration (node 24)	Run npm run test:integration	2026-08-23T00:22:06.6895723Z ^[[36m ^[[2m❯^[[22m assertValidProject packages/core/src/engine.ts:^[[2m101:11^[[22m^[[39m
integration (node 24)	Run npm run test:integration	2026-08-23T00:22:06.6896077Z     ^[[90m 99|^[[39m   ^[[35mconst^[[39m result ^[[33m=^[[39m ^[[34mvalidateV5^[[39m(project)^[[33m;^[[39m
integration (node 24)	Run npm run test:integration	2026-08-23T00:22:06.6896781Z     ^[[90m100|^[[39m   ^[[35mif^[[39m (^[[33m!^[[39mresult^[[33m.^[[39mvalid ^[[33m||^[[39m result^[[33m.^[[39mvalue ^[[33m===^[[39m ^[[35mnull^[[39m)
integration (node 24)	Run npm run test:integration	2026-08-23T00:22:06.6897058Z     ^[[90m101|^[[39m     ^[[35mthrow^[[39m ^[[35mnew^[[39m ^[[33mTypeError^[[39m(
integration (node 24)	Run npm run test:integration	2026-08-23T00:22:06.6897233Z     ^[[90m   |^[[39m           ^[[31m^^[[39m
integration (node 24)	Run npm run test:integration	2026-08-23T00:22:06.6897579Z     ^[[90m102|^[[39m       result^[[33m.^[[39mdiagnostics^[[33m.^[[39mlength ^[[33m===^[[39m ^[[34m0^[[39m
integration (node 24)	Run npm run test:integration	2026-08-23T00:22:06.6897871Z     ^[[90m103|^[[39m         ^[[33m?^[[39m ^[[32m"Project failed v5 validation."^[[39m
integration (node 24)	Run npm run test:integration	2026-08-23T00:22:06.6898218Z ^[[90m ^[[2m❯^[[22m Engine.load packages/core/src/engine.ts:^[[2m170:29^[[22m^[[39m
integration (node 24)	Run npm run test:integration	2026-08-23T00:22:06.6898663Z ^[[90m ^[[2m❯^[[22m load packages/core/test/integration/trigger-time-loop.test.ts:^[[2m52:91^[[22m^[[39m
integration (node 24)	Run npm run test:integration	2026-08-23T00:22:06.6899083Z ^[[90m ^[[2m❯^[[22m packages/core/test/integration/trigger-time-loop.test.ts:^[[2m103:52^[[22m^[[39m
integration (node 24)	Run npm run test:integration	2026-08-23T00:22:06.6899092Z 
integration (node 24)	Run npm run test:integration	2026-08-23T00:22:06.6899315Z ^[[31m^[[2m⎯⎯⎯⎯⎯⎯⎯⎯⎯⎯⎯⎯⎯⎯⎯⎯⎯⎯⎯⎯[107/124]⎯^[[22m^[[39m
integration (node 24)	Run npm run test:integration	2026-08-23T00:22:06.6899324Z 
integration (node 24)	Run npm run test:integration	2026-08-23T00:22:06.6900196Z ^[[41m^[[1m FAIL ^[[22m^[[49m packages/core/test/integration/trigger-time-loop.test.ts^[[2m > ^[[22mtime loop semantics^[[2m > ^[[22mL-15 gives a runtime-created looping Motion the identical sequence
integration (node 24)	Run npm run test:integration	2026-08-23T00:22:06.6901155Z ^[[31m^[[1mTypeError^[[22m: property-stops-wrapper at motions[0].tracks[0].keyframes.x: The { stops: [...] } wrapper is retired; author the stops array directly as the value.^[[39m
integration (node 24)	Run npm run test:integration	2026-08-23T00:22:06.6901677Z ^[[36m ^[[2m❯^[[22m assertValidProject packages/core/src/engine.ts:^[[2m101:11^[[22m^[[39m
integration (node 24)	Run npm run test:integration	2026-08-23T00:22:06.6902027Z     ^[[90m 99|^[[39m   ^[[35mconst^[[39m result ^[[33m=^[[39m ^[[34mvalidateV5^[[39m(project)^[[33m;^[[39m
integration (node 24)	Run npm run test:integration	2026-08-23T00:22:06.6902517Z     ^[[90m100|^[[39m   ^[[35mif^[[39m (^[[33m!^[[39mresult^[[33m.^[[39mvalid ^[[33m||^[[39m result^[[33m.^[[39mvalue ^[[33m===^[[39m ^[[35mnull^[[39m)
integration (node 24)	Run npm run test:integration	2026-08-23T00:22:06.6902780Z     ^[[90m101|^[[39m     ^[[35mthrow^[[39m ^[[35mnew^[[39m ^[[33mTypeError^[[39m(
integration (node 24)	Run npm run test:integration	2026-08-23T00:22:06.6902932Z     ^[[90m   |^[[39m           ^[[31m^^[[39m
integration (node 24)	Run npm run test:integration	2026-08-23T00:22:06.6903272Z     ^[[90m102|^[[39m       result^[[33m.^[[39mdiagnostics^[[33m.^[[39mlength ^[[33m===^[[39m ^[[34m0^[[39m
integration (node 24)	Run npm run test:integration	2026-08-23T00:22:06.6903545Z     ^[[90m103|^[[39m         ^[[33m?^[[39m ^[[32m"Project failed v5 validation."^[[39m
integration (node 24)	Run npm run test:integration	2026-08-23T00:22:06.6903884Z ^[[90m ^[[2m❯^[[22m Engine.load packages/core/src/engine.ts:^[[2m170:29^[[22m^[[39m
integration (node 24)	Run npm run test:integration	2026-08-23T00:22:06.6904327Z ^[[90m ^[[2m❯^[[22m load packages/core/test/integration/trigger-time-loop.test.ts:^[[2m52:91^[[22m^[[39m
integration (node 24)	Run npm run test:integration	2026-08-23T00:22:06.6904751Z ^[[90m ^[[2m❯^[[22m packages/core/test/integration/trigger-time-loop.test.ts:^[[2m123:22^[[22m^[[39m
integration (node 24)	Run npm run test:integration	2026-08-23T00:22:06.6904760Z 
integration (node 24)	Run npm run test:integration	2026-08-23T00:22:06.6904982Z ^[[31m^[[2m⎯⎯⎯⎯⎯⎯⎯⎯⎯⎯⎯⎯⎯⎯⎯⎯⎯⎯⎯⎯[108/124]⎯^[[22m^[[39m
integration (node 24)	Run npm run test:integration	2026-08-23T00:22:06.6904991Z 
integration (node 24)	Run npm run test:integration	2026-08-23T00:22:06.6905872Z ^[[41m^[[1m FAIL ^[[22m^[[49m packages/core/test/integration/trigger-time-loop.test.ts^[[2m > ^[[22mtime loop semantics^[[2m > ^[[22mL-16 applies stagger inside each cycle and carries nothing across one
integration (node 24)	Run npm run test:integration	2026-08-23T00:22:06.6907519Z ^[[31m^[[1mTypeError^[[22m: property-stops-wrapper at motions[0].tracks[0].keyframes.x: The { stops: [...] } wrapper is retired; author the stops array directly as the value. property-stops-wrapper at motions[0].tracks[1].keyframes.x: The { stops: [...] } wrapper is retired; author the stops array directly as the value.^[[39m
integration (node 24)	Run npm run test:integration	2026-08-23T00:22:06.6907913Z ^[[36m ^[[2m❯^[[22m assertValidProject packages/core/src/engine.ts:^[[2m101:11^[[22m^[[39m
integration (node 24)	Run npm run test:integration	2026-08-23T00:22:06.6908276Z     ^[[90m 99|^[[39m   ^[[35mconst^[[39m result ^[[33m=^[[39m ^[[34mvalidateV5^[[39m(project)^[[33m;^[[39m
integration (node 24)	Run npm run test:integration	2026-08-23T00:22:06.6908766Z     ^[[90m100|^[[39m   ^[[35mif^[[39m (^[[33m!^[[39mresult^[[33m.^[[39mvalid ^[[33m||^[[39m result^[[33m.^[[39mvalue ^[[33m===^[[39m ^[[35mnull^[[39m)
integration (node 24)	Run npm run test:integration	2026-08-23T00:22:06.6909021Z     ^[[90m101|^[[39m     ^[[35mthrow^[[39m ^[[35mnew^[[39m ^[[33mTypeError^[[39m(
integration (node 24)	Run npm run test:integration	2026-08-23T00:22:06.6909180Z     ^[[90m   |^[[39m           ^[[31m^^[[39m
integration (node 24)	Run npm run test:integration	2026-08-23T00:22:06.6909516Z     ^[[90m102|^[[39m       result^[[33m.^[[39mdiagnostics^[[33m.^[[39mlength ^[[33m===^[[39m ^[[34m0^[[39m
integration (node 24)	Run npm run test:integration	2026-08-23T00:22:06.6909797Z     ^[[90m103|^[[39m         ^[[33m?^[[39m ^[[32m"Project failed v5 validation."^[[39m
integration (node 24)	Run npm run test:integration	2026-08-23T00:22:06.6910124Z ^[[90m ^[[2m❯^[[22m Engine.load packages/core/src/engine.ts:^[[2m170:29^[[22m^[[39m
integration (node 24)	Run npm run test:integration	2026-08-23T00:22:06.6910569Z ^[[90m ^[[2m❯^[[22m load packages/core/test/integration/trigger-time-loop.test.ts:^[[2m52:91^[[22m^[[39m
integration (node 24)	Run npm run test:integration	2026-08-23T00:22:06.6910997Z ^[[90m ^[[2m❯^[[22m packages/core/test/integration/trigger-time-loop.test.ts:^[[2m150:41^[[22m^[[39m
integration (node 24)	Run npm run test:integration	2026-08-23T00:22:06.6911012Z 
integration (node 24)	Run npm run test:integration	2026-08-23T00:22:06.6911241Z ^[[31m^[[2m⎯⎯⎯⎯⎯⎯⎯⎯⎯⎯⎯⎯⎯⎯⎯⎯⎯⎯⎯⎯[109/124]⎯^[[22m^[[39m
integration (node 24)	Run npm run test:integration	2026-08-23T00:22:06.6911249Z 
integration (node 24)	Run npm run test:integration	2026-08-23T00:22:06.6912091Z ^[[41m^[[1m FAIL ^[[22m^[[49m packages/core/test/integration/trigger-time-loop.test.ts^[[2m > ^[[22mtime loop semantics^[[2m > ^[[22mL-17 keeps one project clock subscription for looping Motions
integration (node 24)	Run npm run test:integration	2026-08-23T00:22:06.6912897Z ^[[31m^[[1mTypeError^[[22m: property-stops-wrapper at motions[0].tracks[0].keyframes.x: The { stops: [...] } wrapper is retired; author the stops array directly as the value.^[[39m
integration (node 24)	Run npm run test:integration	2026-08-23T00:22:06.6913270Z ^[[36m ^[[2m❯^[[22m assertValidProject packages/core/src/engine.ts:^[[2m101:11^[[22m^[[39m
integration (node 24)	Run npm run test:integration	2026-08-23T00:22:06.6913618Z     ^[[90m 99|^[[39m   ^[[35mconst^[[39m result ^[[33m=^[[39m ^[[34mvalidateV5^[[39m(project)^[[33m;^[[39m
integration (node 24)	Run npm run test:integration	2026-08-23T00:22:06.6914242Z     ^[[90m100|^[[39m   ^[[35mif^[[39m (^[[33m!^[[39mresult^[[33m.^[[39mvalid ^[[33m||^[[39m result^[[33m.^[[39mvalue ^[[33m===^[[39m ^[[35mnull^[[39m)
integration (node 24)	Run npm run test:integration	2026-08-23T00:22:06.6914503Z     ^[[90m101|^[[39m     ^[[35mthrow^[[39m ^[[35mnew^[[39m ^[[33mTypeError^[[39m(
integration (node 24)	Run npm run test:integration	2026-08-23T00:22:06.6914781Z     ^[[90m   |^[[39m           ^[[31m^^[[39m
integration (node 24)	Run npm run test:integration	2026-08-23T00:22:06.6915122Z     ^[[90m102|^[[39m       result^[[33m.^[[39mdiagnostics^[[33m.^[[39mlength ^[[33m===^[[39m ^[[34m0^[[39m
integration (node 24)	Run npm run test:integration	2026-08-23T00:22:06.6915391Z     ^[[90m103|^[[39m         ^[[33m?^[[39m ^[[32m"Project failed v5 validation."^[[39m
integration (node 24)	Run npm run test:integration	2026-08-23T00:22:06.6915727Z ^[[90m ^[[2m❯^[[22m Engine.load packages/core/src/engine.ts:^[[2m170:29^[[22m^[[39m
integration (node 24)	Run npm run test:integration	2026-08-23T00:22:06.6916148Z ^[[90m ^[[2m❯^[[22m packages/core/test/integration/trigger-time-loop.test.ts:^[[2m179:93^[[22m^[[39m
integration (node 24)	Run npm run test:integration	2026-08-23T00:22:06.6916157Z 
integration (node 24)	Run npm run test:integration	2026-08-23T00:22:06.6916537Z ^[[31m^[[2m⎯⎯⎯⎯⎯⎯⎯⎯⎯⎯⎯⎯⎯⎯⎯⎯⎯⎯⎯⎯[110/124]⎯^[[22m^[[39m
integration (node 24)	Run npm run test:integration	2026-08-23T00:22:06.6916548Z 
integration (node 24)	Run npm run test:integration	2026-08-23T00:22:06.6917437Z ^[[41m^[[1m FAIL ^[[22m^[[49m packages/core/test/integration/trigger-time-loop.test.ts^[[2m > ^[[22mtime loop semantics^[[2m > ^[[22mL-18 keeps publishing an infinite loop where a single pass latches
integration (node 24)	Run npm run test:integration	2026-08-23T00:22:06.6918271Z ^[[31m^[[1mTypeError^[[22m: property-stops-wrapper at motions[0].tracks[0].keyframes.x: The { stops: [...] } wrapper is retired; author the stops array directly as the value.^[[39m
integration (node 24)	Run npm run test:integration	2026-08-23T00:22:06.6918661Z ^[[36m ^[[2m❯^[[22m assertValidProject packages/core/src/engine.ts:^[[2m101:11^[[22m^[[39m
integration (node 24)	Run npm run test:integration	2026-08-23T00:22:06.6919012Z     ^[[90m 99|^[[39m   ^[[35mconst^[[39m result ^[[33m=^[[39m ^[[34mvalidateV5^[[39m(project)^[[33m;^[[39m
integration (node 24)	Run npm run test:integration	2026-08-23T00:22:06.6919497Z     ^[[90m100|^[[39m   ^[[35mif^[[39m (^[[33m!^[[39mresult^[[33m.^[[39mvalid ^[[33m||^[[39m result^[[33m.^[[39mvalue ^[[33m===^[[39m ^[[35mnull^[[39m)
integration (node 24)	Run npm run test:integration	2026-08-23T00:22:06.6919760Z     ^[[90m101|^[[39m     ^[[35mthrow^[[39m ^[[35mnew^[[39m ^[[33mTypeError^[[39m(
integration (node 24)	Run npm run test:integration	2026-08-23T00:22:06.6919917Z     ^[[90m   |^[[39m           ^[[31m^^[[39m
integration (node 24)	Run npm run test:integration	2026-08-23T00:22:06.6920256Z     ^[[90m102|^[[39m       result^[[33m.^[[39mdiagnostics^[[33m.^[[39mlength ^[[33m===^[[39m ^[[34m0^[[39m
integration (node 24)	Run npm run test:integration	2026-08-23T00:22:06.6920539Z     ^[[90m103|^[[39m         ^[[33m?^[[39m ^[[32m"Project failed v5 validation."^[[39m
integration (node 24)	Run npm run test:integration	2026-08-23T00:22:06.6920899Z ^[[90m ^[[2m❯^[[22m Engine.load packages/core/src/engine.ts:^[[2m170:29^[[22m^[[39m
integration (node 24)	Run npm run test:integration	2026-08-23T00:22:06.6921360Z ^[[90m ^[[2m❯^[[22m load packages/core/test/integration/trigger-time-loop.test.ts:^[[2m52:91^[[22m^[[39m
integration (node 24)	Run npm run test:integration	2026-08-23T00:22:06.6921779Z ^[[90m ^[[2m❯^[[22m packages/core/test/integration/trigger-time-loop.test.ts:^[[2m196:21^[[22m^[[39m
integration (node 24)	Run npm run test:integration	2026-08-23T00:22:06.6921787Z 
integration (node 24)	Run npm run test:integration	2026-08-23T00:22:06.6922004Z ^[[31m^[[2m⎯⎯⎯⎯⎯⎯⎯⎯⎯⎯⎯⎯⎯⎯⎯⎯⎯⎯⎯⎯[111/124]⎯^[[22m^[[39m
integration (node 24)	Run npm run test:integration	2026-08-23T00:22:06.6922013Z 
integration (node 24)	Run npm run test:integration	2026-08-23T00:22:06.6922829Z ^[[41m^[[1m FAIL ^[[22m^[[49m packages/core/test/integration/trigger-time-loop.test.ts^[[2m > ^[[22mtime loop semantics^[[2m > ^[[22mL-19 lets the next loop emission overwrite a leaf seek
integration (node 24)	Run npm run test:integration	2026-08-23T00:22:06.6923640Z ^[[31m^[[1mTypeError^[[22m: property-stops-wrapper at motions[0].tracks[0].keyframes.x: The { stops: [...] } wrapper is retired; author the stops array directly as the value.^[[39m
integration (node 24)	Run npm run test:integration	2026-08-23T00:22:06.6924021Z ^[[36m ^[[2m❯^[[22m assertValidProject packages/core/src/engine.ts:^[[2m101:11^[[22m^[[39m
integration (node 24)	Run npm run test:integration	2026-08-23T00:22:06.6924361Z     ^[[90m 99|^[[39m   ^[[35mconst^[[39m result ^[[33m=^[[39m ^[[34mvalidateV5^[[39m(project)^[[33m;^[[39m
integration (node 24)	Run npm run test:integration	2026-08-23T00:22:06.6924857Z     ^[[90m100|^[[39m   ^[[35mif^[[39m (^[[33m!^[[39mresult^[[33m.^[[39mvalid ^[[33m||^[[39m result^[[33m.^[[39mvalue ^[[33m===^[[39m ^[[35mnull^[[39m)
integration (node 24)	Run npm run test:integration	2026-08-23T00:22:06.6925116Z     ^[[90m101|^[[39m     ^[[35mthrow^[[39m ^[[35mnew^[[39m ^[[33mTypeError^[[39m(
integration (node 24)	Run npm run test:integration	2026-08-23T00:22:06.6925272Z     ^[[90m   |^[[39m           ^[[31m^^[[39m
integration (node 24)	Run npm run test:integration	2026-08-23T00:22:06.6925603Z     ^[[90m102|^[[39m       result^[[33m.^[[39mdiagnostics^[[33m.^[[39mlength ^[[33m===^[[39m ^[[34m0^[[39m
integration (node 24)	Run npm run test:integration	2026-08-23T00:22:06.6925879Z     ^[[90m103|^[[39m         ^[[33m?^[[39m ^[[32m"Project failed v5 validation."^[[39m
integration (node 24)	Run npm run test:integration	2026-08-23T00:22:06.6926353Z ^[[90m ^[[2m❯^[[22m Engine.load packages/core/src/engine.ts:^[[2m170:29^[[22m^[[39m
integration (node 24)	Run npm run test:integration	2026-08-23T00:22:06.6926824Z ^[[90m ^[[2m❯^[[22m load packages/core/test/integration/trigger-time-loop.test.ts:^[[2m52:91^[[22m^[[39m
integration (node 24)	Run npm run test:integration	2026-08-23T00:22:06.6927395Z ^[[90m ^[[2m❯^[[22m packages/core/test/integration/trigger-time-loop.test.ts:^[[2m213:41^[[22m^[[39m
integration (node 24)	Run npm run test:integration	2026-08-23T00:22:06.6927517Z 
integration (node 24)	Run npm run test:integration	2026-08-23T00:22:06.6927750Z ^[[31m^[[2m⎯⎯⎯⎯⎯⎯⎯⎯⎯⎯⎯⎯⎯⎯⎯⎯⎯⎯⎯⎯[112/124]⎯^[[22m^[[39m
integration (node 24)	Run npm run test:integration	2026-08-23T00:22:06.6927759Z 
integration (node 24)	Run npm run test:integration	2026-08-23T00:22:06.6928625Z ^[[41m^[[1m FAIL ^[[22m^[[49m packages/core/test/integration/trigger-time-loop.test.ts^[[2m > ^[[22mtime loop semantics^[[2m > ^[[22mL-20 releases a destroyed loop without disturbing the other one
integration (node 24)	Run npm run test:integration	2026-08-23T00:22:06.6930131Z ^[[31m^[[1mTypeError^[[22m: property-stops-wrapper at motions[0].tracks[0].keyframes.x: The { stops: [...] } wrapper is retired; author the stops array directly as the value. property-stops-wrapper at motions[1].tracks[0].keyframes.x: The { stops: [...] } wrapper is retired; author the stops array directly as the value.^[[39m
integration (node 24)	Run npm run test:integration	2026-08-23T00:22:06.6930500Z ^[[36m ^[[2m❯^[[22m assertValidProject packages/core/src/engine.ts:^[[2m101:11^[[22m^[[39m
integration (node 24)	Run npm run test:integration	2026-08-23T00:22:06.6930846Z     ^[[90m 99|^[[39m   ^[[35mconst^[[39m result ^[[33m=^[[39m ^[[34mvalidateV5^[[39m(project)^[[33m;^[[39m
integration (node 24)	Run npm run test:integration	2026-08-23T00:22:06.6931346Z     ^[[90m100|^[[39m   ^[[35mif^[[39m (^[[33m!^[[39mresult^[[33m.^[[39mvalid ^[[33m||^[[39m result^[[33m.^[[39mvalue ^[[33m===^[[39m ^[[35mnull^[[39m)
integration (node 24)	Run npm run test:integration	2026-08-23T00:22:06.6931615Z     ^[[90m101|^[[39m     ^[[35mthrow^[[39m ^[[35mnew^[[39m ^[[33mTypeError^[[39m(
integration (node 24)	Run npm run test:integration	2026-08-23T00:22:06.6931763Z     ^[[90m   |^[[39m           ^[[31m^^[[39m
integration (node 24)	Run npm run test:integration	2026-08-23T00:22:06.6932104Z     ^[[90m102|^[[39m       result^[[33m.^[[39mdiagnostics^[[33m.^[[39mlength ^[[33m===^[[39m ^[[34m0^[[39m
integration (node 24)	Run npm run test:integration	2026-08-23T00:22:06.6932378Z     ^[[90m103|^[[39m         ^[[33m?^[[39m ^[[32m"Project failed v5 validation."^[[39m
integration (node 24)	Run npm run test:integration	2026-08-23T00:22:06.6932711Z ^[[90m ^[[2m❯^[[22m Engine.load packages/core/src/engine.ts:^[[2m170:29^[[22m^[[39m
integration (node 24)	Run npm run test:integration	2026-08-23T00:22:06.6933145Z ^[[90m ^[[2m❯^[[22m load packages/core/test/integration/trigger-time-loop.test.ts:^[[2m52:91^[[22m^[[39m
integration (node 24)	Run npm run test:integration	2026-08-23T00:22:06.6933565Z ^[[90m ^[[2m❯^[[22m packages/core/test/integration/trigger-time-loop.test.ts:^[[2m227:48^[[22m^[[39m
integration (node 24)	Run npm run test:integration	2026-08-23T00:22:06.6933581Z 
integration (node 24)	Run npm run test:integration	2026-08-23T00:22:06.6933799Z ^[[31m^[[2m⎯⎯⎯⎯⎯⎯⎯⎯⎯⎯⎯⎯⎯⎯⎯⎯⎯⎯⎯⎯[113/124]⎯^[[22m^[[39m
integration (node 24)	Run npm run test:integration	2026-08-23T00:22:06.6933807Z 
integration (node 24)	Run npm run test:integration	2026-08-23T00:22:06.6934605Z ^[[41m^[[1m FAIL ^[[22m^[[49m packages/core/test/integration/trigger-time.test.ts^[[2m > ^[[22mtime trigger integration T2^[[2m > ^[[22mdrives a time Motion once per project-clock tick
integration (node 24)	Run npm run test:integration	2026-08-23T00:22:06.6935410Z ^[[31m^[[1mTypeError^[[22m: property-stops-wrapper at motions[0].tracks[0].keyframes.x: The { stops: [...] } wrapper is retired; author the stops array directly as the value.^[[39m
integration (node 24)	Run npm run test:integration	2026-08-23T00:22:06.6935777Z ^[[36m ^[[2m❯^[[22m assertValidProject packages/core/src/engine.ts:^[[2m101:11^[[22m^[[39m
integration (node 24)	Run npm run test:integration	2026-08-23T00:22:06.6936120Z     ^[[90m 99|^[[39m   ^[[35mconst^[[39m result ^[[33m=^[[39m ^[[34mvalidateV5^[[39m(project)^[[33m;^[[39m
integration (node 24)	Run npm run test:integration	2026-08-23T00:22:06.6936748Z     ^[[90m100|^[[39m   ^[[35mif^[[39m (^[[33m!^[[39mresult^[[33m.^[[39mvalid ^[[33m||^[[39m result^[[33m.^[[39mvalue ^[[33m===^[[39m ^[[35mnull^[[39m)
integration (node 24)	Run npm run test:integration	2026-08-23T00:22:06.6937009Z     ^[[90m101|^[[39m     ^[[35mthrow^[[39m ^[[35mnew^[[39m ^[[33mTypeError^[[39m(
integration (node 24)	Run npm run test:integration	2026-08-23T00:22:06.6937328Z     ^[[90m   |^[[39m           ^[[31m^^[[39m
integration (node 24)	Run npm run test:integration	2026-08-23T00:22:06.6937667Z     ^[[90m102|^[[39m       result^[[33m.^[[39mdiagnostics^[[33m.^[[39mlength ^[[33m===^[[39m ^[[34m0^[[39m
integration (node 24)	Run npm run test:integration	2026-08-23T00:22:06.6938096Z     ^[[90m103|^[[39m         ^[[33m?^[[39m ^[[32m"Project failed v5 validation."^[[39m
integration (node 24)	Run npm run test:integration	2026-08-23T00:22:06.6938427Z ^[[90m ^[[2m❯^[[22m Engine.load packages/core/src/engine.ts:^[[2m170:29^[[22m^[[39m
integration (node 24)	Run npm run test:integration	2026-08-23T00:22:06.6938911Z ^[[90m ^[[2m❯^[[22m loadTimeMotion packages/core/test/integration/trigger-time.test.ts:^[[2m28:91^[[22m^[[39m
integration (node 24)	Run npm run test:integration	2026-08-23T00:22:06.6939308Z ^[[90m ^[[2m❯^[[22m packages/core/test/integration/trigger-time.test.ts:^[[2m39:42^[[22m^[[39m
integration (node 24)	Run npm run test:integration	2026-08-23T00:22:06.6939317Z 
integration (node 24)	Run npm run test:integration	2026-08-23T00:22:06.6939541Z ^[[31m^[[2m⎯⎯⎯⎯⎯⎯⎯⎯⎯⎯⎯⎯⎯⎯⎯⎯⎯⎯⎯⎯[114/124]⎯^[[22m^[[39m
integration (node 24)	Run npm run test:integration	2026-08-23T00:22:06.6939550Z 
integration (node 24)	Run npm run test:integration	2026-08-23T00:22:06.6940290Z ^[[41m^[[1m FAIL ^[[22m^[[49m packages/core/test/integration/trigger-time.test.ts^[[2m > ^[[22mtime trigger integration T2^[[2m > ^[[22mdoes not emit before the first tick
integration (node 24)	Run npm run test:integration	2026-08-23T00:22:06.6941109Z ^[[31m^[[1mTypeError^[[22m: property-stops-wrapper at motions[0].tracks[0].keyframes.x: The { stops: [...] } wrapper is retired; author the stops array directly as the value.^[[39m
integration (node 24)	Run npm run test:integration	2026-08-23T00:22:06.6941495Z ^[[36m ^[[2m❯^[[22m assertValidProject packages/core/src/engine.ts:^[[2m101:11^[[22m^[[39m
integration (node 24)	Run npm run test:integration	2026-08-23T00:22:06.6941837Z     ^[[90m 99|^[[39m   ^[[35mconst^[[39m result ^[[33m=^[[39m ^[[34mvalidateV5^[[39m(project)^[[33m;^[[39m
integration (node 24)	Run npm run test:integration	2026-08-23T00:22:06.6942314Z     ^[[90m100|^[[39m   ^[[35mif^[[39m (^[[33m!^[[39mresult^[[33m.^[[39mvalid ^[[33m||^[[39m result^[[33m.^[[39mvalue ^[[33m===^[[39m ^[[35mnull^[[39m)
integration (node 24)	Run npm run test:integration	2026-08-23T00:22:06.6942577Z     ^[[90m101|^[[39m     ^[[35mthrow^[[39m ^[[35mnew^[[39m ^[[33mTypeError^[[39m(
integration (node 24)	Run npm run test:integration	2026-08-23T00:22:06.6942737Z     ^[[90m   |^[[39m           ^[[31m^^[[39m
integration (node 24)	Run npm run test:integration	2026-08-23T00:22:06.6943076Z     ^[[90m102|^[[39m       result^[[33m.^[[39mdiagnostics^[[33m.^[[39mlength ^[[33m===^[[39m ^[[34m0^[[39m
integration (node 24)	Run npm run test:integration	2026-08-23T00:22:06.6943342Z     ^[[90m103|^[[39m         ^[[33m?^[[39m ^[[32m"Project failed v5 validation."^[[39m
integration (node 24)	Run npm run test:integration	2026-08-23T00:22:06.6943684Z ^[[90m ^[[2m❯^[[22m Engine.load packages/core/src/engine.ts:^[[2m170:29^[[22m^[[39m
integration (node 24)	Run npm run test:integration	2026-08-23T00:22:06.6944164Z ^[[90m ^[[2m❯^[[22m loadTimeMotion packages/core/test/integration/trigger-time.test.ts:^[[2m28:91^[[22m^[[39m
integration (node 24)	Run npm run test:integration	2026-08-23T00:22:06.6944567Z ^[[90m ^[[2m❯^[[22m packages/core/test/integration/trigger-time.test.ts:^[[2m59:35^[[22m^[[39m
integration (node 24)	Run npm run test:integration	2026-08-23T00:22:06.6944576Z 
integration (node 24)	Run npm run test:integration	2026-08-23T00:22:06.6944790Z ^[[31m^[[2m⎯⎯⎯⎯⎯⎯⎯⎯⎯⎯⎯⎯⎯⎯⎯⎯⎯⎯⎯⎯[115/124]⎯^[[22m^[[39m
integration (node 24)	Run npm run test:integration	2026-08-23T00:22:06.6944798Z 
integration (node 24)	Run npm run test:integration	2026-08-23T00:22:06.6945606Z ^[[41m^[[1m FAIL ^[[22m^[[49m packages/core/test/integration/trigger-time.test.ts^[[2m > ^[[22mtime trigger integration T2^[[2m > ^[[22mrejects external signals without changing progress
integration (node 24)	Run npm run test:integration	2026-08-23T00:22:06.6946556Z ^[[31m^[[1mTypeError^[[22m: property-stops-wrapper at motions[0].tracks[0].keyframes.x: The { stops: [...] } wrapper is retired; author the stops array directly as the value.^[[39m
integration (node 24)	Run npm run test:integration	2026-08-23T00:22:06.6947026Z ^[[36m ^[[2m❯^[[22m assertValidProject packages/core/src/engine.ts:^[[2m101:11^[[22m^[[39m
integration (node 24)	Run npm run test:integration	2026-08-23T00:22:06.6947377Z     ^[[90m 99|^[[39m   ^[[35mconst^[[39m result ^[[33m=^[[39m ^[[34mvalidateV5^[[39m(project)^[[33m;^[[39m
integration (node 24)	Run npm run test:integration	2026-08-23T00:22:06.6947858Z     ^[[90m100|^[[39m   ^[[35mif^[[39m (^[[33m!^[[39mresult^[[33m.^[[39mvalid ^[[33m||^[[39m result^[[33m.^[[39mvalue ^[[33m===^[[39m ^[[35mnull^[[39m)
integration (node 24)	Run npm run test:integration	2026-08-23T00:22:06.6948128Z     ^[[90m101|^[[39m     ^[[35mthrow^[[39m ^[[35mnew^[[39m ^[[33mTypeError^[[39m(
integration (node 24)	Run npm run test:integration	2026-08-23T00:22:06.6948286Z     ^[[90m   |^[[39m           ^[[31m^^[[39m
integration (node 24)	Run npm run test:integration	2026-08-23T00:22:06.6948617Z     ^[[90m102|^[[39m       result^[[33m.^[[39mdiagnostics^[[33m.^[[39mlength ^[[33m===^[[39m ^[[34m0^[[39m
integration (node 24)	Run npm run test:integration	2026-08-23T00:22:06.6948890Z     ^[[90m103|^[[39m         ^[[33m?^[[39m ^[[32m"Project failed v5 validation."^[[39m
integration (node 24)	Run npm run test:integration	2026-08-23T00:22:06.6949226Z ^[[90m ^[[2m❯^[[22m Engine.load packages/core/src/engine.ts:^[[2m170:29^[[22m^[[39m
integration (node 24)	Run npm run test:integration	2026-08-23T00:22:06.6949698Z ^[[90m ^[[2m❯^[[22m loadTimeMotion packages/core/test/integration/trigger-time.test.ts:^[[2m28:91^[[22m^[[39m
integration (node 24)	Run npm run test:integration	2026-08-23T00:22:06.6950079Z ^[[90m ^[[2m❯^[[22m packages/core/test/integration/trigger-time.test.ts:^[[2m66:35^[[22m^[[39m
integration (node 24)	Run npm run test:integration	2026-08-23T00:22:06.6950224Z 
integration (node 24)	Run npm run test:integration	2026-08-23T00:22:06.6950452Z ^[[31m^[[2m⎯⎯⎯⎯⎯⎯⎯⎯⎯⎯⎯⎯⎯⎯⎯⎯⎯⎯⎯⎯[116/124]⎯^[[22m^[[39m
integration (node 24)	Run npm run test:integration	2026-08-23T00:22:06.6950461Z 
integration (node 24)	Run npm run test:integration	2026-08-23T00:22:06.6951401Z ^[[41m^[[1m FAIL ^[[22m^[[49m packages/core/test/integration/trigger-time.test.ts^[[2m > ^[[22mtime trigger integration T2^[[2m > ^[[22mcoalesces rapid driver ticks to the latest progress
integration (node 24)	Run npm run test:integration	2026-08-23T00:22:06.6952208Z ^[[31m^[[1mTypeError^[[22m: property-stops-wrapper at motions[0].tracks[0].keyframes.x: The { stops: [...] } wrapper is retired; author the stops array directly as the value.^[[39m
integration (node 24)	Run npm run test:integration	2026-08-23T00:22:06.6952572Z ^[[36m ^[[2m❯^[[22m assertValidProject packages/core/src/engine.ts:^[[2m101:11^[[22m^[[39m
integration (node 24)	Run npm run test:integration	2026-08-23T00:22:06.6952914Z     ^[[90m 99|^[[39m   ^[[35mconst^[[39m result ^[[33m=^[[39m ^[[34mvalidateV5^[[39m(project)^[[33m;^[[39m
integration (node 24)	Run npm run test:integration	2026-08-23T00:22:06.6953395Z     ^[[90m100|^[[39m   ^[[35mif^[[39m (^[[33m!^[[39mresult^[[33m.^[[39mvalid ^[[33m||^[[39m result^[[33m.^[[39mvalue ^[[33m===^[[39m ^[[35mnull^[[39m)
integration (node 24)	Run npm run test:integration	2026-08-23T00:22:06.6953651Z     ^[[90m101|^[[39m     ^[[35mthrow^[[39m ^[[35mnew^[[39m ^[[33mTypeError^[[39m(
integration (node 24)	Run npm run test:integration	2026-08-23T00:22:06.6953814Z     ^[[90m   |^[[39m           ^[[31m^^[[39m
integration (node 24)	Run npm run test:integration	2026-08-23T00:22:06.6954156Z     ^[[90m102|^[[39m       result^[[33m.^[[39mdiagnostics^[[33m.^[[39mlength ^[[33m===^[[39m ^[[34m0^[[39m
integration (node 24)	Run npm run test:integration	2026-08-23T00:22:06.6954437Z     ^[[90m103|^[[39m         ^[[33m?^[[39m ^[[32m"Project failed v5 validation."^[[39m
integration (node 24)	Run npm run test:integration	2026-08-23T00:22:06.6954771Z ^[[90m ^[[2m❯^[[22m Engine.load packages/core/src/engine.ts:^[[2m170:29^[[22m^[[39m
integration (node 24)	Run npm run test:integration	2026-08-23T00:22:06.6955238Z ^[[90m ^[[2m❯^[[22m loadTimeMotion packages/core/test/integration/trigger-time.test.ts:^[[2m28:91^[[22m^[[39m
integration (node 24)	Run npm run test:integration	2026-08-23T00:22:06.6955625Z ^[[90m ^[[2m❯^[[22m packages/core/test/integration/trigger-time.test.ts:^[[2m78:42^[[22m^[[39m
integration (node 24)	Run npm run test:integration	2026-08-23T00:22:06.6955634Z 
integration (node 24)	Run npm run test:integration	2026-08-23T00:22:06.6955853Z ^[[31m^[[2m⎯⎯⎯⎯⎯⎯⎯⎯⎯⎯⎯⎯⎯⎯⎯⎯⎯⎯⎯⎯[117/124]⎯^[[22m^[[39m
integration (node 24)	Run npm run test:integration	2026-08-23T00:22:06.6955862Z 
integration (node 24)	Run npm run test:integration	2026-08-23T00:22:06.6956908Z ^[[41m^[[1m FAIL ^[[22m^[[49m packages/core/test/integration/trigger-time.test.ts^[[2m > ^[[22mtime trigger integration T2^[[2m > ^[[22mkeeps manual signals working and preserves range validation
integration (node 24)	Run npm run test:integration	2026-08-23T00:22:06.6957737Z ^[[31m^[[1mTypeError^[[22m: property-stops-wrapper at motions[0].tracks[0].keyframes.x: The { stops: [...] } wrapper is retired; author the stops array directly as the value.^[[39m
integration (node 24)	Run npm run test:integration	2026-08-23T00:22:06.6958120Z ^[[36m ^[[2m❯^[[22m assertValidProject packages/core/src/engine.ts:^[[2m101:11^[[22m^[[39m
integration (node 24)	Run npm run test:integration	2026-08-23T00:22:06.6958461Z     ^[[90m 99|^[[39m   ^[[35mconst^[[39m result ^[[33m=^[[39m ^[[34mvalidateV5^[[39m(project)^[[33m;^[[39m
integration (node 24)	Run npm run test:integration	2026-08-23T00:22:06.6958938Z     ^[[90m100|^[[39m   ^[[35mif^[[39m (^[[33m!^[[39mresult^[[33m.^[[39mvalid ^[[33m||^[[39m result^[[33m.^[[39mvalue ^[[33m===^[[39m ^[[35mnull^[[39m)
integration (node 24)	Run npm run test:integration	2026-08-23T00:22:06.6959190Z     ^[[90m101|^[[39m     ^[[35mthrow^[[39m ^[[35mnew^[[39m ^[[33mTypeError^[[39m(
integration (node 24)	Run npm run test:integration	2026-08-23T00:22:06.6959345Z     ^[[90m   |^[[39m           ^[[31m^^[[39m
integration (node 24)	Run npm run test:integration	2026-08-23T00:22:06.6959681Z     ^[[90m102|^[[39m       result^[[33m.^[[39mdiagnostics^[[33m.^[[39mlength ^[[33m===^[[39m ^[[34m0^[[39m
integration (node 24)	Run npm run test:integration	2026-08-23T00:22:06.6959953Z     ^[[90m103|^[[39m         ^[[33m?^[[39m ^[[32m"Project failed v5 validation."^[[39m
integration (node 24)	Run npm run test:integration	2026-08-23T00:22:06.6960290Z ^[[90m ^[[2m❯^[[22m Engine.load packages/core/src/engine.ts:^[[2m170:29^[[22m^[[39m
integration (node 24)	Run npm run test:integration	2026-08-23T00:22:06.6960693Z ^[[90m ^[[2m❯^[[22m packages/core/test/integration/trigger-time.test.ts:^[[2m113:93^[[22m^[[39m
integration (node 24)	Run npm run test:integration	2026-08-23T00:22:06.6960703Z 
integration (node 24)	Run npm run test:integration	2026-08-23T00:22:06.6960924Z ^[[31m^[[2m⎯⎯⎯⎯⎯⎯⎯⎯⎯⎯⎯⎯⎯⎯⎯⎯⎯⎯⎯⎯[118/124]⎯^[[22m^[[39m
integration (node 24)	Run npm run test:integration	2026-08-23T00:22:06.6960932Z 
integration (node 24)	Run npm run test:integration	2026-08-23T00:22:06.6961907Z ^[[41m^[[1m FAIL ^[[22m^[[49m packages/core/test/integration/trigger-time.test.ts^[[2m > ^[[22mtime trigger integration T2^[[2m > ^[[22misolates a throwing clock consumer while preserving other Motion progress
integration (node 24)	Run npm run test:integration	2026-08-23T00:22:06.6962710Z ^[[31m^[[1mTypeError^[[22m: property-stops-wrapper at motions[1].tracks[0].keyframes.x: The { stops: [...] } wrapper is retired; author the stops array directly as the value.^[[39m
integration (node 24)	Run npm run test:integration	2026-08-23T00:22:06.6963081Z ^[[36m ^[[2m❯^[[22m assertValidProject packages/core/src/engine.ts:^[[2m101:11^[[22m^[[39m
integration (node 24)	Run npm run test:integration	2026-08-23T00:22:06.6963424Z     ^[[90m 99|^[[39m   ^[[35mconst^[[39m result ^[[33m=^[[39m ^[[34mvalidateV5^[[39m(project)^[[33m;^[[39m
integration (node 24)	Run npm run test:integration	2026-08-23T00:22:06.6964057Z     ^[[90m100|^[[39m   ^[[35mif^[[39m (^[[33m!^[[39mresult^[[33m.^[[39mvalid ^[[33m||^[[39m result^[[33m.^[[39mvalue ^[[33m===^[[39m ^[[35mnull^[[39m)
integration (node 24)	Run npm run test:integration	2026-08-23T00:22:06.6964427Z     ^[[90m101|^[[39m     ^[[35mthrow^[[39m ^[[35mnew^[[39m ^[[33mTypeError^[[39m(
integration (node 24)	Run npm run test:integration	2026-08-23T00:22:06.6964587Z     ^[[90m   |^[[39m           ^[[31m^^[[39m
integration (node 24)	Run npm run test:integration	2026-08-23T00:22:06.6964930Z     ^[[90m102|^[[39m       result^[[33m.^[[39mdiagnostics^[[33m.^[[39mlength ^[[33m===^[[39m ^[[34m0^[[39m
integration (node 24)	Run npm run test:integration	2026-08-23T00:22:06.6965206Z     ^[[90m103|^[[39m         ^[[33m?^[[39m ^[[32m"Project failed v5 validation."^[[39m
integration (node 24)	Run npm run test:integration	2026-08-23T00:22:06.6965537Z ^[[90m ^[[2m❯^[[22m Engine.load packages/core/src/engine.ts:^[[2m170:29^[[22m^[[39m
integration (node 24)	Run npm run test:integration	2026-08-23T00:22:06.6965927Z ^[[90m ^[[2m❯^[[22m packages/core/test/integration/trigger-time.test.ts:^[[2m152:8^[[22m^[[39m
integration (node 24)	Run npm run test:integration	2026-08-23T00:22:06.6965936Z 
integration (node 24)	Run npm run test:integration	2026-08-23T00:22:06.6966157Z ^[[31m^[[2m⎯⎯⎯⎯⎯⎯⎯⎯⎯⎯⎯⎯⎯⎯⎯⎯⎯⎯⎯⎯[119/124]⎯^[[22m^[[39m
integration (node 24)	Run npm run test:integration	2026-08-23T00:22:06.6966165Z 
integration (node 24)	Run npm run test:integration	2026-08-23T00:22:06.6967477Z ^[[41m^[[1m FAIL ^[[22m^[[49m packages/core/test/integration/unified-mutation-surface.test.ts^[[2m > ^[[22munified runtime mutation surface (W5)^[[2m > ^[[22mingests authored tracks into the removable store without auto-mounting
integration (node 24)	Run npm run test:integration	2026-08-23T00:22:06.6968979Z ^[[31m^[[1mTypeError^[[22m: property-stops-wrapper at motions[0].tracks[0].keyframes.x: The { stops: [...] } wrapper is retired; author the stops array directly as the value. property-stops-wrapper at freeTracks[0].keyframes.x: The { stops: [...] } wrapper is retired; author the stops array directly as the value.^[[39m
integration (node 24)	Run npm run test:integration	2026-08-23T00:22:06.6969361Z ^[[36m ^[[2m❯^[[22m assertValidProject packages/core/src/engine.ts:^[[2m101:11^[[22m^[[39m
integration (node 24)	Run npm run test:integration	2026-08-23T00:22:06.6969710Z     ^[[90m 99|^[[39m   ^[[35mconst^[[39m result ^[[33m=^[[39m ^[[34mvalidateV5^[[39m(project)^[[33m;^[[39m
integration (node 24)	Run npm run test:integration	2026-08-23T00:22:06.6970195Z     ^[[90m100|^[[39m   ^[[35mif^[[39m (^[[33m!^[[39mresult^[[33m.^[[39mvalid ^[[33m||^[[39m result^[[33m.^[[39mvalue ^[[33m===^[[39m ^[[35mnull^[[39m)
integration (node 24)	Run npm run test:integration	2026-08-23T00:22:06.6970450Z     ^[[90m101|^[[39m     ^[[35mthrow^[[39m ^[[35mnew^[[39m ^[[33mTypeError^[[39m(
integration (node 24)	Run npm run test:integration	2026-08-23T00:22:06.6970615Z     ^[[90m   |^[[39m           ^[[31m^^[[39m
integration (node 24)	Run npm run test:integration	2026-08-23T00:22:06.6970956Z     ^[[90m102|^[[39m       result^[[33m.^[[39mdiagnostics^[[33m.^[[39mlength ^[[33m===^[[39m ^[[34m0^[[39m
integration (node 24)	Run npm run test:integration	2026-08-23T00:22:06.6971245Z     ^[[90m103|^[[39m         ^[[33m?^[[39m ^[[32m"Project failed v5 validation."^[[39m
integration (node 24)	Run npm run test:integration	2026-08-23T00:22:06.6971572Z ^[[90m ^[[2m❯^[[22m Engine.load packages/core/src/engine.ts:^[[2m170:29^[[22m^[[39m
integration (node 24)	Run npm run test:integration	2026-08-23T00:22:06.6972092Z ^[[90m ^[[2m❯^[[22m makeHandle packages/core/test/integration/unified-mutation-surface.test.ts:^[[2m28:6^[[22m^[[39m
integration (node 24)	Run npm run test:integration	2026-08-23T00:22:06.6972555Z ^[[90m ^[[2m❯^[[22m packages/core/test/integration/unified-mutation-surface.test.ts:^[[2m33:20^[[22m^[[39m
integration (node 24)	Run npm run test:integration	2026-08-23T00:22:06.6972564Z 
integration (node 24)	Run npm run test:integration	2026-08-23T00:22:06.6972788Z ^[[31m^[[2m⎯⎯⎯⎯⎯⎯⎯⎯⎯⎯⎯⎯⎯⎯⎯⎯⎯⎯⎯⎯[120/124]⎯^[[22m^[[39m
integration (node 24)	Run npm run test:integration	2026-08-23T00:22:06.6972796Z 
integration (node 24)	Run npm run test:integration	2026-08-23T00:22:06.6973768Z ^[[41m^[[1m FAIL ^[[22m^[[49m packages/core/test/integration/unified-mutation-surface.test.ts^[[2m > ^[[22munified runtime mutation surface (W5)^[[2m > ^[[22mreturns a capability handle and makes stale ABA handles inert
integration (node 24)	Run npm run test:integration	2026-08-23T00:22:06.6974560Z ^[[31m^[[1mTypeError^[[22m: property-stops-wrapper at addTrack(arm).keyframes.x: The { stops: [...] } wrapper is retired; author the stops array directly as the value.^[[39m
integration (node 24)	Run npm run test:integration	2026-08-23T00:22:06.6975064Z ^[[36m ^[[2m❯^[[22m ProjectRuntime.#addTrack packages/core/src/runtime/project-runtime.ts:^[[2m281:13^[[22m^[[39m
integration (node 24)	Run npm run test:integration	2026-08-23T00:22:06.6975417Z     ^[[90m279|^[[39m     const validation = validateTrackDefinition(track, `addTrack(${trac…
integration (node 24)	Run npm run test:integration	2026-08-23T00:22:06.6975874Z     ^[[90m280|^[[39m     ^[[35mif^[[39m (^[[33m!^[[39mvalidation^[[33m.^[[39mvalid ^[[33m||^[[39m ^[[33m!^[[39mvalidation^[[33m.^[[39mvalue)
integration (node 24)	Run npm run test:integration	2026-08-23T00:22:06.6976578Z     ^[[90m281|^[[39m       ^[[35mthrow^[[39m ^[[35mnew^[[39m ^[[33mTypeError^[[39m(^[[34mdescribeDiagnostics^[[39m(validation^[[33m.^[[39mdiagnostics))^[[33m;^[[39m
integration (node 24)	Run npm run test:integration	2026-08-23T00:22:06.6976751Z     ^[[90m   |^[[39m             ^[[31m^^[[39m
integration (node 24)	Run npm run test:integration	2026-08-23T00:22:06.6977103Z     ^[[90m282|^[[39m     ^[[35mconst^[[39m accepted ^[[33m=^[[39m validation^[[33m.^[[39mvalue^[[33m;^[[39m
integration (node 24)	Run npm run test:integration	2026-08-23T00:22:06.6977669Z     ^[[90m283|^[[39m     ^[[35mconst^[[39m token ^[[33m=^[[39m ^[[35mthis^[[39m^[[33m.^[[39m#nextToken^[[33m++^[[39m^[[33m;^[[39m
integration (node 24)	Run npm run test:integration	2026-08-23T00:22:06.6978284Z ^[[90m ^[[2m❯^[[22m ProjectRuntime.addTrack packages/core/src/runtime/project-runtime.ts:^[[2m234:17^[[22m^[[39m
integration (node 24)	Run npm run test:integration	2026-08-23T00:22:06.6978639Z ^[[90m ^[[2m❯^[[22m Object.addTrack packages/core/src/engine.ts:^[[2m80:43^[[22m^[[39m
integration (node 24)	Run npm run test:integration	2026-08-23T00:22:06.6979110Z ^[[90m ^[[2m❯^[[22m packages/core/test/integration/unified-mutation-surface.test.ts:^[[2m53:26^[[22m^[[39m
integration (node 24)	Run npm run test:integration	2026-08-23T00:22:06.6979119Z 
integration (node 24)	Run npm run test:integration	2026-08-23T00:22:06.6979341Z ^[[31m^[[2m⎯⎯⎯⎯⎯⎯⎯⎯⎯⎯⎯⎯⎯⎯⎯⎯⎯⎯⎯⎯[121/124]⎯^[[22m^[[39m
integration (node 24)	Run npm run test:integration	2026-08-23T00:22:06.6979348Z 
integration (node 24)	Run npm run test:integration	2026-08-23T00:22:06.6980358Z ^[[41m^[[1m FAIL ^[[22m^[[49m packages/core/test/integration/unified-mutation-surface.test.ts^[[2m > ^[[22munified runtime mutation surface (W5)^[[2m > ^[[22mreplaces a track non-destructively and preserves subscriber identity
integration (node 24)	Run npm run test:integration	2026-08-23T00:22:06.6981141Z ^[[31m^[[1mTypeError^[[22m: property-stops-wrapper at addTrack(arm).keyframes.x: The { stops: [...] } wrapper is retired; author the stops array directly as the value.^[[39m
integration (node 24)	Run npm run test:integration	2026-08-23T00:22:06.6981645Z ^[[36m ^[[2m❯^[[22m ProjectRuntime.#addTrack packages/core/src/runtime/project-runtime.ts:^[[2m281:13^[[22m^[[39m
integration (node 24)	Run npm run test:integration	2026-08-23T00:22:06.6982007Z     ^[[90m279|^[[39m     const validation = validateTrackDefinition(track, `addTrack(${trac…
integration (node 24)	Run npm run test:integration	2026-08-23T00:22:06.6982462Z     ^[[90m280|^[[39m     ^[[35mif^[[39m (^[[33m!^[[39mvalidation^[[33m.^[[39mvalid ^[[33m||^[[39m ^[[33m!^[[39mvalidation^[[33m.^[[39mvalue)
integration (node 24)	Run npm run test:integration	2026-08-23T00:22:06.6983039Z     ^[[90m281|^[[39m       ^[[35mthrow^[[39m ^[[35mnew^[[39m ^[[33mTypeError^[[39m(^[[34mdescribeDiagnostics^[[39m(validation^[[33m.^[[39mdiagnostics))^[[33m;^[[39m
integration (node 24)	Run npm run test:integration	2026-08-23T00:22:06.6983199Z     ^[[90m   |^[[39m             ^[[31m^^[[39m
integration (node 24)	Run npm run test:integration	2026-08-23T00:22:06.6983548Z     ^[[90m282|^[[39m     ^[[35mconst^[[39m accepted ^[[33m=^[[39m validation^[[33m.^[[39mvalue^[[33m;^[[39m
integration (node 24)	Run npm run test:integration	2026-08-23T00:22:06.6983954Z     ^[[90m283|^[[39m     ^[[35mconst^[[39m token ^[[33m=^[[39m ^[[35mthis^[[39m^[[33m.^[[39m#nextToken^[[33m++^[[39m^[[33m;^[[39m
integration (node 24)	Run npm run test:integration	2026-08-23T00:22:06.6984451Z ^[[90m ^[[2m❯^[[22m ProjectRuntime.addTrack packages/core/src/runtime/project-runtime.ts:^[[2m234:17^[[22m^[[39m
integration (node 24)	Run npm run test:integration	2026-08-23T00:22:06.6984805Z ^[[90m ^[[2m❯^[[22m Object.addTrack packages/core/src/engine.ts:^[[2m80:43^[[22m^[[39m
integration (node 24)	Run npm run test:integration	2026-08-23T00:22:06.6985261Z ^[[90m ^[[2m❯^[[22m packages/core/test/integration/unified-mutation-surface.test.ts:^[[2m64:35^[[22m^[[39m
integration (node 24)	Run npm run test:integration	2026-08-23T00:22:06.6985270Z 
integration (node 24)	Run npm run test:integration	2026-08-23T00:22:06.6985488Z ^[[31m^[[2m⎯⎯⎯⎯⎯⎯⎯⎯⎯⎯⎯⎯⎯⎯⎯⎯⎯⎯⎯⎯[122/124]⎯^[[22m^[[39m
integration (node 24)	Run npm run test:integration	2026-08-23T00:22:06.6985497Z 
integration (node 24)	Run npm run test:integration	2026-08-23T00:22:06.6986640Z ^[[41m^[[1m FAIL ^[[22m^[[49m packages/core/test/integration/unified-mutation-surface.test.ts^[[2m > ^[[22munified runtime mutation surface (W5)^[[2m > ^[[22mreads dependants from the committed graph and rejects source removal
integration (node 24)	Run npm run test:integration	2026-08-23T00:22:06.6987443Z ^[[31m^[[1mTypeError^[[22m: property-stops-wrapper at addTrack(root).keyframes.x: The { stops: [...] } wrapper is retired; author the stops array directly as the value.^[[39m
integration (node 24)	Run npm run test:integration	2026-08-23T00:22:06.6987950Z ^[[36m ^[[2m❯^[[22m ProjectRuntime.#addTrack packages/core/src/runtime/project-runtime.ts:^[[2m281:13^[[22m^[[39m
integration (node 24)	Run npm run test:integration	2026-08-23T00:22:06.6988297Z     ^[[90m279|^[[39m     const validation = validateTrackDefinition(track, `addTrack(${trac…
integration (node 24)	Run npm run test:integration	2026-08-23T00:22:06.6988765Z     ^[[90m280|^[[39m     ^[[35mif^[[39m (^[[33m!^[[39mvalidation^[[33m.^[[39mvalid ^[[33m||^[[39m ^[[33m!^[[39mvalidation^[[33m.^[[39mvalue)
integration (node 24)	Run npm run test:integration	2026-08-23T00:22:06.6989342Z     ^[[90m281|^[[39m       ^[[35mthrow^[[39m ^[[35mnew^[[39m ^[[33mTypeError^[[39m(^[[34mdescribeDiagnostics^[[39m(validation^[[33m.^[[39mdiagnostics))^[[33m;^[[39m
integration (node 24)	Run npm run test:integration	2026-08-23T00:22:06.6989503Z     ^[[90m   |^[[39m             ^[[31m^^[[39m
integration (node 24)	Run npm run test:integration	2026-08-23T00:22:06.6989844Z     ^[[90m282|^[[39m     ^[[35mconst^[[39m accepted ^[[33m=^[[39m validation^[[33m.^[[39mvalue^[[33m;^[[39m
integration (node 24)	Run npm run test:integration	2026-08-23T00:22:06.6990253Z     ^[[90m283|^[[39m     ^[[35mconst^[[39m token ^[[33m=^[[39m ^[[35mthis^[[39m^[[33m.^[[39m#nextToken^[[33m++^[[39m^[[33m;^[[39m
integration (node 24)	Run npm run test:integration	2026-08-23T00:22:06.6990741Z ^[[90m ^[[2m❯^[[22m ProjectRuntime.addTrack packages/core/src/runtime/project-runtime.ts:^[[2m234:17^[[22m^[[39m
integration (node 24)	Run npm run test:integration	2026-08-23T00:22:06.6991239Z ^[[90m ^[[2m❯^[[22m Object.addTrack packages/core/src/engine.ts:^[[2m80:43^[[22m^[[39m
integration (node 24)	Run npm run test:integration	2026-08-23T00:22:06.6991805Z ^[[90m ^[[2m❯^[[22m packages/core/test/integration/unified-mutation-surface.test.ts:^[[2m79:25^[[22m^[[39m
integration (node 24)	Run npm run test:integration	2026-08-23T00:22:06.6991820Z 
integration (node 24)	Run npm run test:integration	2026-08-23T00:22:06.6992037Z ^[[31m^[[2m⎯⎯⎯⎯⎯⎯⎯⎯⎯⎯⎯⎯⎯⎯⎯⎯⎯⎯⎯⎯[123/124]⎯^[[22m^[[39m
integration (node 24)	Run npm run test:integration	2026-08-23T00:22:06.6992046Z 
integration (node 24)	Run npm run test:integration	2026-08-23T00:22:06.6993031Z ^[[41m^[[1m FAIL ^[[22m^[[49m packages/core/test/integration/unified-mutation-surface.test.ts^[[2m > ^[[22munified runtime mutation surface (W5)^[[2m > ^[[22mtreats observation changes as replacement of the observer track
integration (node 24)	Run npm run test:integration	2026-08-23T00:22:06.6993814Z ^[[31m^[[1mTypeError^[[22m: property-stops-wrapper at addTrack(root).keyframes.x: The { stops: [...] } wrapper is retired; author the stops array directly as the value.^[[39m
integration (node 24)	Run npm run test:integration	2026-08-23T00:22:06.6994301Z ^[[36m ^[[2m❯^[[22m ProjectRuntime.#addTrack packages/core/src/runtime/project-runtime.ts:^[[2m281:13^[[22m^[[39m
integration (node 24)	Run npm run test:integration	2026-08-23T00:22:06.6994652Z     ^[[90m279|^[[39m     const validation = validateTrackDefinition(track, `addTrack(${trac…
integration (node 24)	Run npm run test:integration	2026-08-23T00:22:06.6995108Z     ^[[90m280|^[[39m     ^[[35mif^[[39m (^[[33m!^[[39mvalidation^[[33m.^[[39mvalid ^[[33m||^[[39m ^[[33m!^[[39mvalidation^[[33m.^[[39mvalue)
integration (node 24)	Run npm run test:integration	2026-08-23T00:22:06.6995691Z     ^[[90m281|^[[39m       ^[[35mthrow^[[39m ^[[35mnew^[[39m ^[[33mTypeError^[[39m(^[[34mdescribeDiagnostics^[[39m(validation^[[33m.^[[39mdiagnostics))^[[33m;^[[39m
integration (node 24)	Run npm run test:integration	2026-08-23T00:22:06.6995850Z     ^[[90m   |^[[39m             ^[[31m^^[[39m
integration (node 24)	Run npm run test:integration	2026-08-23T00:22:06.6996192Z     ^[[90m282|^[[39m     ^[[35mconst^[[39m accepted ^[[33m=^[[39m validation^[[33m.^[[39mvalue^[[33m;^[[39m
integration (node 24)	Run npm run test:integration	2026-08-23T00:22:06.6996811Z     ^[[90m283|^[[39m     ^[[35mconst^[[39m token ^[[33m=^[[39m ^[[35mthis^[[39m^[[33m.^[[39m#nextToken^[[33m++^[[39m^[[33m;^[[39m
integration (node 24)	Run npm run test:integration	2026-08-23T00:22:06.6997313Z ^[[90m ^[[2m❯^[[22m ProjectRuntime.addTrack packages/core/src/runtime/project-runtime.ts:^[[2m234:17^[[22m^[[39m
integration (node 24)	Run npm run test:integration	2026-08-23T00:22:06.6997671Z ^[[90m ^[[2m❯^[[22m Object.addTrack packages/core/src/engine.ts:^[[2m80:43^[[22m^[[39m
integration (node 24)	Run npm run test:integration	2026-08-23T00:22:06.6998135Z ^[[90m ^[[2m❯^[[22m packages/core/test/integration/unified-mutation-surface.test.ts:^[[2m90:25^[[22m^[[39m
integration (node 24)	Run npm run test:integration	2026-08-23T00:22:06.6998145Z 
integration (node 24)	Run npm run test:integration	2026-08-23T00:22:06.6998374Z ^[[31m^[[2m⎯⎯⎯⎯⎯⎯⎯⎯⎯⎯⎯⎯⎯⎯⎯⎯⎯⎯⎯⎯[124/124]⎯^[[22m^[[39m
integration (node 24)	Run npm run test:integration	2026-08-23T00:22:06.6998383Z 
integration (node 24)	Run npm run test:integration	2026-08-23T00:22:06.6998409Z 
integration (node 24)	Run npm run test:integration	2026-08-23T00:22:06.6998867Z ^[[2m Test Files ^[[22m ^[[1m^[[31m33 failed^[[39m^[[22m^[[2m | ^[[22m^[[1m^[[32m24 passed^[[39m^[[22m^[[90m (57)^[[39m
integration (node 24)	Run npm run test:integration	2026-08-23T00:22:06.6999314Z ^[[2m      Tests ^[[22m ^[[1m^[[31m124 failed^[[39m^[[22m^[[2m | ^[[22m^[[1m^[[32m117 passed^[[39m^[[22m^[[90m (241)^[[39m
integration (node 24)	Run npm run test:integration	2026-08-23T00:22:06.6999487Z ^[[2m   Start at ^[[22m 00:22:00
integration (node 24)	Run npm run test:integration	2026-08-23T00:22:06.6999981Z ^[[2m   Duration ^[[22m 5.67s^[[2m (transform 1.49s, setup 496ms, import 4.44s, tests 1.18s, environment 9ms)^[[22m
integration (node 24)	Run npm run test:integration	2026-08-23T00:22:06.6999990Z 
integration (node 24)	Run npm run test:integration	2026-08-23T00:22:06.6999995Z 
integration (node 24)	Run npm run test:integration	2026-08-23T00:22:06.7023312Z ##[error]TypeError: property-stops-wrapper at addTrack(arm).keyframes.x: The { stops: [...] } wrapper is retired; author the stops array directly as the value.
integration (node 24)	Run npm run test:integration	 ❯ ProjectRuntime.#addTrack packages/core/src/runtime/project-runtime.ts:281:13
integration (node 24)	Run npm run test:integration	 ❯ ProjectRuntime.adopt packages/core/src/runtime/project-runtime.ts:247:25
integration (node 24)	Run npm run test:integration	 ❯ Object.adopt packages/core/src/engine.ts:86:47
integration (node 24)	Run npm run test:integration	 ❯ packages/core/test/integration/adopt-destroy-readopt.test.ts:40:28
integration (node 24)	Run npm run test:integration	
integration (node 24)	Run npm run test:integration	
integration (node 24)	Run npm run test:integration	2026-08-23T00:22:06.7030773Z 
integration (node 24)	Run npm run test:integration	2026-08-23T00:22:06.7034633Z ##[error]TypeError: property-stops-wrapper at addTrack(arm).keyframes.x: The { stops: [...] } wrapper is retired; author the stops array directly as the value.
integration (node 24)	Run npm run test:integration	 ❯ ProjectRuntime.#addTrack packages/core/src/runtime/project-runtime.ts:281:13
integration (node 24)	Run npm run test:integration	 ❯ ProjectRuntime.adopt packages/core/src/runtime/project-runtime.ts:247:25
integration (node 24)	Run npm run test:integration	 ❯ Object.adopt packages/core/src/engine.ts:86:47
integration (node 24)	Run npm run test:integration	 ❯ packages/core/test/integration/adopted-track-immutability.test.ts:33:28
integration (node 24)	Run npm run test:integration	
integration (node 24)	Run npm run test:integration	
integration (node 24)	Run npm run test:integration	2026-08-23T00:22:06.7035154Z 
integration (node 24)	Run npm run test:integration	2026-08-23T00:22:06.7038864Z ##[error]TypeError: property-stops-wrapper at addTrack(arm).keyframes.x: The { stops: [...] } wrapper is retired; author the stops array directly as the value.
integration (node 24)	Run npm run test:integration	 ❯ ProjectRuntime.#addTrack packages/core/src/runtime/project-runtime.ts:281:13
integration (node 24)	Run npm run test:integration	 ❯ ProjectRuntime.adopt packages/core/src/runtime/project-runtime.ts:247:25
integration (node 24)	Run npm run test:integration	 ❯ Object.adopt packages/core/src/engine.ts:86:47
integration (node 24)	Run npm run test:integration	 ❯ packages/core/test/integration/adopted-track-immutability.test.ts:56:28
integration (node 24)	Run npm run test:integration	
integration (node 24)	Run npm run test:integration	
integration (node 24)	Run npm run test:integration	2026-08-23T00:22:06.7039707Z 
integration (node 24)	Run npm run test:integration	2026-08-23T00:22:06.7042892Z ##[error]AssertionError: expected [Function] to not throw an error but 'TypeError: property-stops-wrapper at …' was thrown
integration (node 24)	Run npm run test:integration	
integration (node 24)	Run npm run test:integration	- Expected:
integration (node 24)	Run npm run test:integration	undefined
integration (node 24)	Run npm run test:integration	
integration (node 24)	Run npm run test:integration	+ Received:
integration (node 24)	Run npm run test:integration	"TypeError: property-stops-wrapper at addTrack(broken).keyframes.x: The { stops: [...] } wrapper is retired; author the stops array directly as the value."
integration (node 24)	Run npm run test:integration	
integration (node 24)	Run npm run test:integration	 ❯ packages/core/test/integration/adopted-track-immutability.test.ts:79:91
integration (node 24)	Run npm run test:integration	
integration (node 24)	Run npm run test:integration	
integration (node 24)	Run npm run test:integration	2026-08-23T00:22:06.7043308Z 
integration (node 24)	Run npm run test:integration	2026-08-23T00:22:06.7047325Z ##[error]TypeError: property-stops-wrapper at addTrack(arm).keyframes.x: The { stops: [...] } wrapper is retired; author the stops array directly as the value.
integration (node 24)	Run npm run test:integration	 ❯ ProjectRuntime.#addTrack packages/core/src/runtime/project-runtime.ts:281:13
integration (node 24)	Run npm run test:integration	 ❯ ProjectRuntime.adopt packages/core/src/runtime/project-runtime.ts:247:25
integration (node 24)	Run npm run test:integration	 ❯ Object.adopt packages/core/src/engine.ts:86:47
integration (node 24)	Run npm run test:integration	 ❯ packages/core/test/integration/adopted-track-immutability.test.ts:89:26
integration (node 24)	Run npm run test:integration	
integration (node 24)	Run npm run test:integration	
integration (node 24)	Run npm run test:integration	2026-08-23T00:22:06.7047993Z 
integration (node 24)	Run npm run test:integration	2026-08-23T00:22:06.7051063Z ##[error]AssertionError: expected [Function] to throw error matching /stop-position/ but got 'property-stops-wrapper at addTrack(ba…'
integration (node 24)	Run npm run test:integration	
integration (node 24)	Run npm run test:integration	- Expected:
integration (node 24)	Run npm run test:integration	/stop-position/
integration (node 24)	Run npm run test:integration	
integration (node 24)	Run npm run test:integration	+ Received:
integration (node 24)	Run npm run test:integration	"property-stops-wrapper at addTrack(bad).keyframes.x: The { stops: [...] } wrapper is retired; author the stops array directly as the value."
integration (node 24)	Run npm run test:integration	
integration (node 24)	Run npm run test:integration	 ❯ packages/core/test/integration/adoption.test.ts:79:7
integration (node 24)	Run npm run test:integration	
integration (node 24)	Run npm run test:integration	
integration (node 24)	Run npm run test:integration	2026-08-23T00:22:06.7051518Z 
integration (node 24)	Run npm run test:integration	2026-08-23T00:22:06.7054439Z ##[error]AssertionError: expected [Function] to throw error matching /stop-position/ but got 'property-stops-wrapper at addTrack(ba…'
integration (node 24)	Run npm run test:integration	
integration (node 24)	Run npm run test:integration	- Expected:
integration (node 24)	Run npm run test:integration	/stop-position/
integration (node 24)	Run npm run test:integration	
integration (node 24)	Run npm run test:integration	+ Received:
integration (node 24)	Run npm run test:integration	"property-stops-wrapper at addTrack(bad).keyframes.x: The { stops: [...] } wrapper is retired; author the stops array directly as the value."
integration (node 24)	Run npm run test:integration	
integration (node 24)	Run npm run test:integration	 ❯ packages/core/test/integration/adoption.test.ts:100:7
integration (node 24)	Run npm run test:integration	
integration (node 24)	Run npm run test:integration	
integration (node 24)	Run npm run test:integration	2026-08-23T00:22:06.7054877Z 
integration (node 24)	Run npm run test:integration	2026-08-23T00:22:06.7058043Z ##[error]AssertionError: expected [Function] to throw error matching /stop-position/ but got 'property-stops-wrapper at addTrack(ba…'
integration (node 24)	Run npm run test:integration	
integration (node 24)	Run npm run test:integration	- Expected:
integration (node 24)	Run npm run test:integration	/stop-position/
integration (node 24)	Run npm run test:integration	
integration (node 24)	Run npm run test:integration	+ Received:
integration (node 24)	Run npm run test:integration	"property-stops-wrapper at addTrack(bad).keyframes.x: The { stops: [...] } wrapper is retired; author the stops array directly as the value."
integration (node 24)	Run npm run test:integration	
integration (node 24)	Run npm run test:integration	 ❯ packages/core/test/integration/adoption.test.ts:121:7
integration (node 24)	Run npm run test:integration	
integration (node 24)	Run npm run test:integration	
integration (node 24)	Run npm run test:integration	2026-08-23T00:22:06.7058571Z 
integration (node 24)	Run npm run test:integration	2026-08-23T00:22:06.7060796Z ##[error]AssertionError: expected [ 'keyframes-missing-values-section' ] to deeply equal [ 'stops-shape' ]
integration (node 24)	Run npm run test:integration	
integration (node 24)	Run npm run test:integration	- Expected
integration (node 24)	Run npm run test:integration	+ Received
integration (node 24)	Run npm run test:integration	
integration (node 24)	Run npm run test:integration	  [
integration (node 24)	Run npm run test:integration	-   "stops-shape",
integration (node 24)	Run npm run test:integration	+   "keyframes-missing-values-section",
integration (node 24)	Run npm run test:integration	  ]
integration (node 24)	Run npm run test:integration	
integration (node 24)	Run npm run test:integration	 ❯ packages/core/test/integration/bare-authored-leaf.test.ts:260:41
integration (node 24)	Run npm run test:integration	
integration (node 24)	Run npm run test:integration	
integration (node 24)	Run npm run test:integration	2026-08-23T00:22:06.7061248Z 
integration (node 24)	Run npm run test:integration	2026-08-23T00:22:06.7089447Z ##[error]AssertionError: expected [ …(58) ] to deeply equal []
integration (node 24)	Run npm run test:integration	
integration (node 24)	Run npm run test:integration	- Expected
integration (node 24)	Run npm run test:integration	+ Received
integration (node 24)	Run npm run test:integration	
integration (node 24)	Run npm run test:integration	- []
integration (node 24)	Run npm run test:integration	+ [
integration (node 24)	Run npm run test:integration	+   "packages/core/src/contract/authored-leaf.ts",
integration (node 24)	Run npm run test:integration	+   "packages/core/src/contract/v5.ts",
integration (node 24)	Run npm run test:integration	+   "packages/core/src/contract/validate-v5.ts",
integration (node 24)	Run npm run test:integration	+   "packages/core/test/contract/adapters.test.ts",
integration (node 24)	Run npm run test:integration	+   "packages/core/test/contract/graph-builder-incremental.test.ts",
integration (node 24)	Run npm run test:integration	+   "packages/core/test/contract/gsap-absolute-stops.test.ts",
integration (node 24)	Run npm run test:integration	+   "packages/core/test/contract/gsap-authored-duration.test.ts",
integration (node 24)	Run npm run test:integration	+   "packages/core/test/contract/gsap-equivalence.test.ts",
integration (node 24)	Run npm run test:integration	+   "packages/core/test/contract/gsap-multi-stop.test.ts",
integration (node 24)	Run npm run test:integration	+   "packages/core/test/contract/gsap-one-tween.test.ts",
integration (node 24)	Run npm run test:integration	+   "packages/core/test/contract/gsap-paused-timeline.test.ts",
integration (node 24)	Run npm run test:integration	+   "packages/core/test/contract/gsap-sparse-percent-map.test.ts",
integration (node 24)	Run npm run test:integration	+   "packages/core/test/contract/ports.test.ts",
integration (node 24)	Run npm run test:integration	+   "packages/core/test/contract/s4-validation-owner.test.ts",
integration (node 24)	Run npm run test:integration	+   "packages/core/test/contract/v5-validator.test.ts",
integration (node 24)	Run npm run test:integration	+   "packages/core/test/contract/validation-owner.test.ts",
integration (node 24)	Run npm run test:integration	+   "packages/core/test/integration/adopt-destroy-readopt.test.ts",
integration (node 24)	Run npm run test:integration	+   "packages/core/test/integration/adopted-track-immutability.test.ts",
integration (node 24)	Run npm run test:integration	+   "packages/core/test/integration/adoption.test.ts",
integration (node 24)	Run npm run test:integration	+   "packages/core/test/integration/end-to-end.test.ts",
integration (node 24)	Run npm run test:integration	+   "packages/core/test/integration/engine-headless.test.ts",
integration (node 24)	Run npm run test:integration	+   "packages/core/test/integration/engine-load-validation.test.ts",
integration (node 24)	Run npm run test:integration	+   "packages/core/test/integration/engine-x3-contribution.test.ts",
integration (node 24)	Run npm run test:integration	+   "packages/core/test/integration/handle-adoption.test.ts",
integration (node 24)	Run npm run test:integration	+   "packages/core/test/integration/internal-key-strip.test.ts",
integration (node 24)	Run npm run test:integration	+   "packages/core/test/integration/issue-114-motion-track-regressions.test.ts",
integration (node 24)	Run npm run test:integration	+   "packages/core/test/integration/keyframe-groups.test.ts",
integration (node 24)	Run npm run test:integration	+   "packages/core/test/integration/motion-trigger-types.test.ts",
integration (node 24)	Run npm run test:integration	+   "packages/core/test/integration/mutation-transactionality.test.ts",
integration (node 24)	Run npm run test:integration	+   "packages/core/test/integration/observation-identity.test.ts",
integration (node 24)	Run npm run test:integration	+   "packages/core/test/integration/option-c-track-resolution.test.ts",
integration (node 24)	Run npm run test:integration	+   "packages/core/test/integration/per-plugin-key-ownership.test.ts",
integration (node 24)	Run npm run test:integration	+   "packages/core/test/integration/phase0-red-baseline.test.ts",
integration (node 24)	Run npm run test:integration	+   "packages/core/test/integration/phase2-motion-scheduling.test.ts",
integration (node 24)	Run npm run test:integration	+   "packages/core/test/integration/phase3-trigger-port.test.ts",
integration (node 24)	Run npm run test:integration	+   "packages/core/test/integration/phase4-dynamic-lifecycle.test.ts",
integration (node 24)	Run npm run test:integration	+   "packages/core/test/integration/phase7-walker-demo.test.ts",
integration (node 24)	Run npm run test:integration	+   "packages/core/test/integration/plugin-group-values-section.test.ts",
integration (node 24)	Run npm run test:integration	+   "packages/core/test/integration/plugin-owned-requirements.test.ts",
integration (node 24)	Run npm run test:integration	+   "packages/core/test/integration/replace-motion-track.test.ts",
integration (node 24)	Run npm run test:integration	+   "packages/core/test/integration/replace-track-transactionality.test.ts",
integration (node 24)	Run npm run test:integration	+   "packages/core/test/integration/runtime-motion-lifecycle.test.ts",
integration (node 24)	Run npm run test:integration	+   "packages/core/test/integration/single-input-channel.test.ts",
integration (node 24)	Run npm run test:integration	+   "packages/core/test/integration/t4-runtime-motion-parity.test.ts",
integration (node 24)	Run npm run test:integration	+   "packages/core/test/integration/trigger-scroll.test.ts",
integration (node 24)	Run npm run test:integration	+   "packages/core/test/integration/trigger-time-loop.test.ts",
integration (node 24)	Run npm run test:integration	+   "packages/core/test/integration/trigger-time.test.ts",
integration (node 24)	Run npm run test:integration	+   "packages/core/test/integration/unified-mutation-surface.test.ts",
integration (node 24)	Run npm run test:integration	+   "packages/core/test/unit/domain/plugin-contribution-completeness.test.ts",
integration (node 24)	Run npm run test:integration	+   "packages/core/test/unit/domain/plugin-contribution-contract.test.ts",
integration (node 24)	Run npm run test:integration	+   "packages/core/test/unit/domain/plugin-requirements.test.ts",
integration (node 24)	Run npm run test:integration	+   "packages/core/test/unit/domain/plugins.test.ts",
integration (node 24)	Run npm run test:integration	+   "packages/core/test/unit/domain/s7-plugin-evidence.test.ts",
integration (node 24)	Run npm run test:integration	+   "packages/core/test/unit/graph/incremental-cache.test.ts",
integration (node 24)	Run npm run test:integration	+   "packages/core/test/unit/graph/requirement-edge-construction.test.ts",
integration (node 24)	Run npm run test:integration	+   "packages/core/test/unit/graph/single-input-channel.test.ts",
integration (node 24)	Run npm run test:integration	+   "packages/core/test/unit/runtime/composition-output-shape.test.ts",
integration (node 24)	Run npm run test:integration	+   "packages/react/test/public-hook-render.test.ts",
integration (node 24)	Run npm run test:integration	+ ]
integration (node 24)	Run npm run test:integration	
integration (node 24)	Run npm run test:integration	 ❯ packages/core/test/integration/bare-authored-leaf.test.ts:344:30
integration (node 24)	Run npm run test:integration	
integration (node 24)	Run npm run test:integration	
integration (node 24)	Run npm run test:integration	2026-08-23T00:22:06.7090392Z 
integration (node 24)	Run npm run test:integration	2026-08-23T00:22:06.7093085Z ##[error]TypeError: property-stops-wrapper at motions[0].tracks[0].keyframes.opacity: The { stops: [...] } wrapper is retired; author the stops array directly as the value.
integration (node 24)	Run npm run test:integration	 ❯ assertValidProject packages/core/src/engine.ts:101:11
integration (node 24)	Run npm run test:integration	 ❯ Engine.load packages/core/src/engine.ts:170:29
integration (node 24)	Run npm run test:integration	 ❯ packages/core/test/integration/end-to-end.test.ts:45:8
integration (node 24)	Run npm run test:integration	
integration (node 24)	Run npm run test:integration	
integration (node 24)	Run npm run test:integration	2026-08-23T00:22:06.7093550Z 
integration (node 24)	Run npm run test:integration	2026-08-23T00:22:06.7096165Z ##[error]TypeError: property-stops-wrapper at motions[0].tracks[0].keyframes.opacity: The { stops: [...] } wrapper is retired; author the stops array directly as the value.
integration (node 24)	Run npm run test:integration	 ❯ assertValidProject packages/core/src/engine.ts:101:11
integration (node 24)	Run npm run test:integration	 ❯ Engine.load packages/core/src/engine.ts:170:29
integration (node 24)	Run npm run test:integration	 ❯ packages/core/test/integration/engine-headless.test.ts:38:8
integration (node 24)	Run npm run test:integration	
integration (node 24)	Run npm run test:integration	
integration (node 24)	Run npm run test:integration	2026-08-23T00:22:06.7096867Z 
integration (node 24)	Run npm run test:integration	2026-08-23T00:22:06.7099568Z ##[error]TypeError: property-stops-wrapper at motions[0].tracks[0].keyframes.opacity: The { stops: [...] } wrapper is retired; author the stops array directly as the value.
integration (node 24)	Run npm run test:integration	 ❯ assertValidProject packages/core/src/engine.ts:101:11
integration (node 24)	Run npm run test:integration	 ❯ Engine.load packages/core/src/engine.ts:170:29
integration (node 24)	Run npm run test:integration	 ❯ packages/core/test/integration/engine-headless.test.ts:60:8
integration (node 24)	Run npm run test:integration	
integration (node 24)	Run npm run test:integration	
integration (node 24)	Run npm run test:integration	2026-08-23T00:22:06.7100079Z 
integration (node 24)	Run npm run test:integration	2026-08-23T00:22:06.7102771Z ##[error]TypeError: property-stops-wrapper at motions[0].tracks[0].keyframes.opacity: The { stops: [...] } wrapper is retired; author the stops array directly as the value.
integration (node 24)	Run npm run test:integration	 ❯ assertValidProject packages/core/src/engine.ts:101:11
integration (node 24)	Run npm run test:integration	 ❯ Engine.load packages/core/src/engine.ts:170:29
integration (node 24)	Run npm run test:integration	 ❯ packages/core/test/integration/engine-headless.test.ts:79:8
integration (node 24)	Run npm run test:integration	
integration (node 24)	Run npm run test:integration	
integration (node 24)	Run npm run test:integration	2026-08-23T00:22:06.7103579Z 
integration (node 24)	Run npm run test:integration	2026-08-23T00:22:06.7106481Z ##[error]TypeError: property-stops-wrapper at motions[0].tracks[0].keyframes.opacity: The { stops: [...] } wrapper is retired; author the stops array directly as the value.
integration (node 24)	Run npm run test:integration	 ❯ assertValidProject packages/core/src/engine.ts:101:11
integration (node 24)	Run npm run test:integration	 ❯ Engine.load packages/core/src/engine.ts:170:29
integration (node 24)	Run npm run test:integration	 ❯ packages/core/test/integration/engine-headless.test.ts:94:8
integration (node 24)	Run npm run test:integration	
integration (node 24)	Run npm run test:integration	
integration (node 24)	Run npm run test:integration	2026-08-23T00:22:06.7106987Z 
integration (node 24)	Run npm run test:integration	2026-08-23T00:22:06.7110152Z ##[error]AssertionError: expected [Function] to throw error matching /stop-position/ but got 'property-stops-wrapper at motions[0].…'
integration (node 24)	Run npm run test:integration	
integration (node 24)	Run npm run test:integration	- Expected:
integration (node 24)	Run npm run test:integration	/stop-position/
integration (node 24)	Run npm run test:integration	
integration (node 24)	Run npm run test:integration	+ Received:
integration (node 24)	Run npm run test:integration	"property-stops-wrapper at motions[0].tracks[0].keyframes.opacity: The { stops: [...] } wrapper is retired; author the stops array directly as the value."
integration (node 24)	Run npm run test:integration	
integration (node 24)	Run npm run test:integration	 ❯ packages/core/test/integration/engine-load-validation.test.ts:31:49
integration (node 24)	Run npm run test:integration	
integration (node 24)	Run npm run test:integration	
integration (node 24)	Run npm run test:integration	2026-08-23T00:22:06.7110646Z 
integration (node 24)	Run npm run test:integration	2026-08-23T00:22:06.7113823Z ##[error]AssertionError: expected [Function] to throw error matching /stop-position-order/ but got 'property-stops-wrapper at motions[0].…'
integration (node 24)	Run npm run test:integration	
integration (node 24)	Run npm run test:integration	- Expected:
integration (node 24)	Run npm run test:integration	/stop-position-order/
integration (node 24)	Run npm run test:integration	
integration (node 24)	Run npm run test:integration	+ Received:
integration (node 24)	Run npm run test:integration	"property-stops-wrapper at motions[0].tracks[0].keyframes.opacity: The { stops: [...] } wrapper is retired; author the stops array directly as the value."
integration (node 24)	Run npm run test:integration	
integration (node 24)	Run npm run test:integration	 ❯ packages/core/test/integration/engine-load-validation.test.ts:48:49
integration (node 24)	Run npm run test:integration	
integration (node 24)	Run npm run test:integration	
integration (node 24)	Run npm run test:integration	2026-08-23T00:22:06.7114305Z 
integration (node 24)	Run npm run test:integration	2026-08-23T00:22:06.7117620Z ##[error]AssertionError: expected [Function] to throw error matching /plugin-unknown-key/ but got 'property-stops-wrapper at motions[0].…'
integration (node 24)	Run npm run test:integration	
integration (node 24)	Run npm run test:integration	- Expected:
integration (node 24)	Run npm run test:integration	/plugin-unknown-key/
integration (node 24)	Run npm run test:integration	
integration (node 24)	Run npm run test:integration	+ Received:
integration (node 24)	Run npm run test:integration	"property-stops-wrapper at motions[0].tracks[0].keyframes.unknown: The { stops: [...] } wrapper is retired; author the stops array directly as the value."
integration (node 24)	Run npm run test:integration	
integration (node 24)	Run npm run test:integration	 ❯ packages/core/test/integration/engine-load-validation.test.ts:65:7
integration (node 24)	Run npm run test:integration	
integration (node 24)	Run npm run test:integration	
integration (node 24)	Run npm run test:integration	2026-08-23T00:22:06.7118114Z 
integration (node 24)	Run npm run test:integration	2026-08-23T00:22:06.7120857Z ##[error]TypeError: property-stops-wrapper at motions[0].tracks[0].keyframes.opacity: The { stops: [...] } wrapper is retired; author the stops array directly as the value.
integration (node 24)	Run npm run test:integration	 ❯ assertValidProject packages/core/src/engine.ts:101:11
integration (node 24)	Run npm run test:integration	 ❯ Engine.load packages/core/src/engine.ts:170:29
integration (node 24)	Run npm run test:integration	 ❯ packages/core/test/integration/engine-load-validation.test.ts:74:28
integration (node 24)	Run npm run test:integration	
integration (node 24)	Run npm run test:integration	
integration (node 24)	Run npm run test:integration	2026-08-23T00:22:06.7121315Z 
integration (node 24)	Run npm run test:integration	2026-08-23T00:22:06.7123974Z ##[error]TypeError: property-stops-wrapper at motions[0].tracks[0].keyframes.x: The { stops: [...] } wrapper is retired; author the stops array directly as the value.
integration (node 24)	Run npm run test:integration	 ❯ assertValidProject packages/core/src/engine.ts:101:11
integration (node 24)	Run npm run test:integration	 ❯ Engine.load packages/core/src/engine.ts:170:29
integration (node 24)	Run npm run test:integration	 ❯ packages/core/test/integration/engine-x3-contribution.test.ts:38:83
integration (node 24)	Run npm run test:integration	
integration (node 24)	Run npm run test:integration	
integration (node 24)	Run npm run test:integration	2026-08-23T00:22:06.7124440Z 
integration (node 24)	Run npm run test:integration	2026-08-23T00:22:06.7127215Z ##[error]TypeError: property-stops-wrapper at motions[0].tracks[0].keyframes.x: The { stops: [...] } wrapper is retired; author the stops array directly as the value.
integration (node 24)	Run npm run test:integration	 ❯ assertValidProject packages/core/src/engine.ts:101:11
integration (node 24)	Run npm run test:integration	 ❯ Engine.load packages/core/src/engine.ts:170:29
integration (node 24)	Run npm run test:integration	 ❯ packages/core/test/integration/engine-x3-contribution.test.ts:75:83
integration (node 24)	Run npm run test:integration	
integration (node 24)	Run npm run test:integration	
integration (node 24)	Run npm run test:integration	2026-08-23T00:22:06.7127702Z 
integration (node 24)	Run npm run test:integration	2026-08-23T00:22:06.7131057Z ##[error]AssertionError: expected [Function] to throw error matching /plugin-contribution-stop-order/ but got 'property-stops-wrapper at motions[0].…'
integration (node 24)	Run npm run test:integration	
integration (node 24)	Run npm run test:integration	- Expected:
integration (node 24)	Run npm run test:integration	/plugin-contribution-stop-order/
integration (node 24)	Run npm run test:integration	
integration (node 24)	Run npm run test:integration	+ Received:
integration (node 24)	Run npm run test:integration	"property-stops-wrapper at motions[0].tracks[0].keyframes.x: The { stops: [...] } wrapper is retired; author the stops array directly as the value."
integration (node 24)	Run npm run test:integration	
integration (node 24)	Run npm run test:integration	 ❯ packages/core/test/integration/engine-x3-contribution.test.ts:108:7
integration (node 24)	Run npm run test:integration	
integration (node 24)	Run npm run test:integration	
integration (node 24)	Run npm run test:integration	2026-08-23T00:22:06.7131600Z 
integration (node 24)	Run npm run test:integration	2026-08-23T00:22:06.7135973Z ##[error]AssertionError: expected [Function] to throw error matching /plugin-contribution-ease-collision/ but got 'property-stops-wrapper at motions[0].…'
integration (node 24)	Run npm run test:integration	
integration (node 24)	Run npm run test:integration	- Expected:
integration (node 24)	Run npm run test:integration	/plugin-contribution-ease-collision/
integration (node 24)	Run npm run test:integration	
integration (node 24)	Run npm run test:integration	+ Received:
integration (node 24)	Run npm run test:integration	"property-stops-wrapper at motions[0].tracks[0].keyframes.x: The { stops: [...] } wrapper is retired; author the stops array directly as the value. property-stops-wrapper at motions[0].tracks[0].keyframes.y: The { stops: [...] } wrapper is retired; author the stops array directly as the value."
integration (node 24)	Run npm run test:integration	
integration (node 24)	Run npm run test:integration	 ❯ packages/core/test/integration/engine-x3-contribution.test.ts:133:7
integration (node 24)	Run npm run test:integration	
integration (node 24)	Run npm run test:integration	
integration (node 24)	Run npm run test:integration	2026-08-23T00:22:06.7137088Z 
integration (node 24)	Run npm run test:integration	2026-08-23T00:22:06.7140614Z ##[error]AssertionError: expected [Function] to throw error matching /plugin-contribution-ease-collision/ but got 'property-stops-wrapper at motions[0].…'
integration (node 24)	Run npm run test:integration	
integration (node 24)	Run npm run test:integration	- Expected:
integration (node 24)	Run npm run test:integration	/plugin-contribution-ease-collision/
integration (node 24)	Run npm run test:integration	
integration (node 24)	Run npm run test:integration	+ Received:
integration (node 24)	Run npm run test:integration	"property-stops-wrapper at motions[0].tracks[0].keyframes.x: The { stops: [...] } wrapper is retired; author the stops array directly as the value."
integration (node 24)	Run npm run test:integration	
integration (node 24)	Run npm run test:integration	 ❯ packages/core/test/integration/engine-x3-contribution.test.ts:170:7
integration (node 24)	Run npm run test:integration	
integration (node 24)	Run npm run test:integration	
integration (node 24)	Run npm run test:integration	2026-08-23T00:22:06.7141079Z 
integration (node 24)	Run npm run test:integration	2026-08-23T00:22:06.7144045Z ##[error]AssertionError: expected [Function] to throw error matching /stop-position/ but got 'property-stops-wrapper at addTrack(ba…'
integration (node 24)	Run npm run test:integration	
integration (node 24)	Run npm run test:integration	- Expected:
integration (node 24)	Run npm run test:integration	/stop-position/
integration (node 24)	Run npm run test:integration	
integration (node 24)	Run npm run test:integration	+ Received:
integration (node 24)	Run npm run test:integration	"property-stops-wrapper at addTrack(bad).keyframes.x: The { stops: [...] } wrapper is retired; author the stops array directly as the value."
integration (node 24)	Run npm run test:integration	
integration (node 24)	Run npm run test:integration	 ❯ packages/core/test/integration/handle-adoption.test.ts:57:44
integration (node 24)	Run npm run test:integration	
integration (node 24)	Run npm run test:integration	
integration (node 24)	Run npm run test:integration	2026-08-23T00:22:06.7144505Z 
integration (node 24)	Run npm run test:integration	2026-08-23T00:22:06.7148005Z ##[error]TypeError: property-stops-wrapper at addTrack(leg).keyframes.x: The { stops: [...] } wrapper is retired; author the stops array directly as the value.
integration (node 24)	Run npm run test:integration	 ❯ ProjectRuntime.#addTrack packages/core/src/runtime/project-runtime.ts:281:13
integration (node 24)	Run npm run test:integration	 ❯ ProjectRuntime.adopt packages/core/src/runtime/project-runtime.ts:247:25
integration (node 24)	Run npm run test:integration	 ❯ Object.adopt packages/core/src/engine.ts:86:47
integration (node 24)	Run npm run test:integration	 ❯ packages/core/test/integration/handle-adoption.test.ts:69:28
integration (node 24)	Run npm run test:integration	
integration (node 24)	Run npm run test:integration	
integration (node 24)	Run npm run test:integration	2026-08-23T00:22:06.7148484Z 
integration (node 24)	Run npm run test:integration	2026-08-23T00:22:06.7151701Z ##[error]TypeError: property-stops-wrapper at motions[0].tracks[0].keyframes.x: The { stops: [...] } wrapper is retired; author the stops array directly as the value.
integration (node 24)	Run npm run test:integration	 ❯ assertValidProject packages/core/src/engine.ts:101:11
integration (node 24)	Run npm run test:integration	 ❯ Engine.load packages/core/src/engine.ts:170:29
integration (node 24)	Run npm run test:integration	 ❯ load packages/core/test/integration/internal-key-strip.test.ts:22:6
integration (node 24)	Run npm run test:integration	 ❯ packages/core/test/integration/internal-key-strip.test.ts:42:20
integration (node 24)	Run npm run test:integration	
integration (node 24)	Run npm run test:integration	
integration (node 24)	Run npm run test:integration	2026-08-23T00:22:06.7152170Z 
integration (node 24)	Run npm run test:integration	2026-08-23T00:22:06.7155269Z ##[error]TypeError: property-stops-wrapper at motions[0].tracks[0].keyframes.x: The { stops: [...] } wrapper is retired; author the stops array directly as the value.
integration (node 24)	Run npm run test:integration	 ❯ assertValidProject packages/core/src/engine.ts:101:11
integration (node 24)	Run npm run test:integration	 ❯ Engine.load packages/core/src/engine.ts:170:29
integration (node 24)	Run npm run test:integration	 ❯ load packages/core/test/integration/internal-key-strip.test.ts:22:6
integration (node 24)	Run npm run test:integration	 ❯ packages/core/test/integration/internal-key-strip.test.ts:66:20
integration (node 24)	Run npm run test:integration	
integration (node 24)	Run npm run test:integration	
integration (node 24)	Run npm run test:integration	2026-08-23T00:22:06.7155703Z 
integration (node 24)	Run npm run test:integration	2026-08-23T00:22:06.7158962Z ##[error]TypeError: property-stops-wrapper at motions[0].tracks[0].keyframes.x: The { stops: [...] } wrapper is retired; author the stops array directly as the value.
integration (node 24)	Run npm run test:integration	 ❯ assertValidProject packages/core/src/engine.ts:101:11
integration (node 24)	Run npm run test:integration	 ❯ Engine.load packages/core/src/engine.ts:170:29
integration (node 24)	Run npm run test:integration	 ❯ load packages/core/test/integration/internal-key-strip.test.ts:22:6
integration (node 24)	Run npm run test:integration	 ❯ packages/core/test/integration/internal-key-strip.test.ts:84:20
integration (node 24)	Run npm run test:integration	
integration (node 24)	Run npm run test:integration	
integration (node 24)	Run npm run test:integration	2026-08-23T00:22:06.7159476Z 
integration (node 24)	Run npm run test:integration	2026-08-23T00:22:06.7162964Z ##[error]TypeError: property-stops-wrapper at motions[0].tracks[0].keyframes.x: The { stops: [...] } wrapper is retired; author the stops array directly as the value.
integration (node 24)	Run npm run test:integration	 ❯ assertValidProject packages/core/src/engine.ts:101:11
integration (node 24)	Run npm run test:integration	 ❯ Engine.load packages/core/src/engine.ts:170:29
integration (node 24)	Run npm run test:integration	 ❯ load packages/core/test/integration/issue-114-motion-track-regressions.test.ts:21:91
integration (node 24)	Run npm run test:integration	 ❯ packages/core/test/integration/issue-114-motion-track-regressions.test.ts:41:42
integration (node 24)	Run npm run test:integration	
integration (node 24)	Run npm run test:integration	
integration (node 24)	Run npm run test:integration	2026-08-23T00:22:06.7163431Z 
integration (node 24)	Run npm run test:integration	2026-08-23T00:22:06.7166959Z ##[error]TypeError: property-stops-wrapper at motions[0].tracks[0].keyframes.x: The { stops: [...] } wrapper is retired; author the stops array directly as the value.
integration (node 24)	Run npm run test:integration	 ❯ assertValidProject packages/core/src/engine.ts:101:11
integration (node 24)	Run npm run test:integration	 ❯ Engine.load packages/core/src/engine.ts:170:29
integration (node 24)	Run npm run test:integration	 ❯ load packages/core/test/integration/issue-114-motion-track-regressions.test.ts:21:91
integration (node 24)	Run npm run test:integration	 ❯ packages/core/test/integration/issue-114-motion-track-regressions.test.ts:56:42
integration (node 24)	Run npm run test:integration	
integration (node 24)	Run npm run test:integration	
integration (node 24)	Run npm run test:integration	2026-08-23T00:22:06.7167627Z 
integration (node 24)	Run npm run test:integration	2026-08-23T00:22:06.7173069Z ##[error]TypeError: property-stops-wrapper at motions[0].tracks[0].keyframes.x: The { stops: [...] } wrapper is retired; author the stops array directly as the value. property-stops-wrapper at motions[0].tracks[1].keyframes.x: The { stops: [...] } wrapper is retired; author the stops array directly as the value. property-stops-wrapper at motions[0].tracks[2].keyframes.x: The { stops: [...] } wrapper is retired; author the stops array directly as the value.
integration (node 24)	Run npm run test:integration	 ❯ assertValidProject packages/core/src/engine.ts:101:11
integration (node 24)	Run npm run test:integration	 ❯ Engine.load packages/core/src/engine.ts:170:29
integration (node 24)	Run npm run test:integration	 ❯ load packages/core/test/integration/issue-114-motion-track-regressions.test.ts:21:91
integration (node 24)	Run npm run test:integration	 ❯ packages/core/test/integration/issue-114-motion-track-regressions.test.ts:72:42
integration (node 24)	Run npm run test:integration	
integration (node 24)	Run npm run test:integration	
integration (node 24)	Run npm run test:integration	2026-08-23T00:22:06.7173676Z 
integration (node 24)	Run npm run test:integration	2026-08-23T00:22:06.7178272Z ##[error]TypeError: property-stops-wrapper at motions[0].tracks[0].keyframes.x: The { stops: [...] } wrapper is retired; author the stops array directly as the value. property-stops-wrapper at motions[0].tracks[1].keyframes.x: The { stops: [...] } wrapper is retired; author the stops array directly as the value.
integration (node 24)	Run npm run test:integration	 ❯ assertValidProject packages/core/src/engine.ts:101:11
integration (node 24)	Run npm run test:integration	 ❯ Engine.load packages/core/src/engine.ts:170:29
integration (node 24)	Run npm run test:integration	 ❯ load packages/core/test/integration/issue-114-motion-track-regressions.test.ts:21:91
integration (node 24)	Run npm run test:integration	 ❯ packages/core/test/integration/issue-114-motion-track-regressions.test.ts:86:35
integration (node 24)	Run npm run test:integration	
integration (node 24)	Run npm run test:integration	
integration (node 24)	Run npm run test:integration	2026-08-23T00:22:06.7178802Z 
integration (node 24)	Run npm run test:integration	2026-08-23T00:22:06.7183222Z ##[error]TypeError: property-stops-wrapper at motions[0].tracks[0].keyframes.x: The { stops: [...] } wrapper is retired; author the stops array directly as the value. property-stops-wrapper at motions[0].tracks[1].keyframes.x: The { stops: [...] } wrapper is retired; author the stops array directly as the value.
integration (node 24)	Run npm run test:integration	 ❯ assertValidProject packages/core/src/engine.ts:101:11
integration (node 24)	Run npm run test:integration	 ❯ Engine.load packages/core/src/engine.ts:170:29
integration (node 24)	Run npm run test:integration	 ❯ load packages/core/test/integration/issue-114-motion-track-regressions.test.ts:21:91
integration (node 24)	Run npm run test:integration	 ❯ packages/core/test/integration/issue-114-motion-track-regressions.test.ts:103:35
integration (node 24)	Run npm run test:integration	
integration (node 24)	Run npm run test:integration	
integration (node 24)	Run npm run test:integration	2026-08-23T00:22:06.7183683Z 
integration (node 24)	Run npm run test:integration	2026-08-23T00:22:06.7188203Z ##[error]TypeError: property-stops-wrapper at motions[0].tracks[0].keyframes.fk.values.boneLength: The { stops: [...] } wrapper is retired; author the stops array directly as the value. property-stops-wrapper at motions[0].tracks[0].keyframes.fk.values.boneRotation: The { stops: [...] } wrapper is retired; author the stops array directly as the value.
integration (node 24)	Run npm run test:integration	 ❯ assertValidProject packages/core/src/engine.ts:101:11
integration (node 24)	Run npm run test:integration	 ❯ Engine.load packages/core/src/engine.ts:170:29
integration (node 24)	Run npm run test:integration	 ❯ load packages/core/test/integration/keyframe-groups.test.ts:50:6
integration (node 24)	Run npm run test:integration	 ❯ packages/core/test/integration/keyframe-groups.test.ts:56:20
integration (node 24)	Run npm run test:integration	
integration (node 24)	Run npm run test:integration	
integration (node 24)	Run npm run test:integration	2026-08-23T00:22:06.7188673Z 
integration (node 24)	Run npm run test:integration	2026-08-23T00:22:06.7191900Z ##[error]TypeError: property-stops-wrapper at motions[0].tracks[0].keyframes.fk.values.boneLength: The { stops: [...] } wrapper is retired; author the stops array directly as the value.
integration (node 24)	Run npm run test:integration	 ❯ assertValidProject packages/core/src/engine.ts:101:11
integration (node 24)	Run npm run test:integration	 ❯ Engine.load packages/core/src/engine.ts:170:29
integration (node 24)	Run npm run test:integration	 ❯ load packages/core/test/integration/keyframe-groups.test.ts:50:6
integration (node 24)	Run npm run test:integration	 ❯ packages/core/test/integration/keyframe-groups.test.ts:70:20
integration (node 24)	Run npm run test:integration	
integration (node 24)	Run npm run test:integration	
integration (node 24)	Run npm run test:integration	2026-08-23T00:22:06.7192360Z 
integration (node 24)	Run npm run test:integration	2026-08-23T00:22:06.7195471Z ##[error]TypeError: property-stops-wrapper at motions[0].tracks[0].keyframes.boneLength: The { stops: [...] } wrapper is retired; author the stops array directly as the value.
integration (node 24)	Run npm run test:integration	 ❯ assertValidProject packages/core/src/engine.ts:101:11
integration (node 24)	Run npm run test:integration	 ❯ Engine.load packages/core/src/engine.ts:170:29
integration (node 24)	Run npm run test:integration	 ❯ load packages/core/test/integration/keyframe-groups.test.ts:50:6
integration (node 24)	Run npm run test:integration	 ❯ packages/core/test/integration/keyframe-groups.test.ts:81:18
integration (node 24)	Run npm run test:integration	
integration (node 24)	Run npm run test:integration	
integration (node 24)	Run npm run test:integration	2026-08-23T00:22:06.7195899Z 
integration (node 24)	Run npm run test:integration	2026-08-23T00:22:06.7199270Z ##[error]TypeError: property-stops-wrapper at motions[0].tracks[0].keyframes.x: The { stops: [...] } wrapper is retired; author the stops array directly as the value.
integration (node 24)	Run npm run test:integration	 ❯ assertValidProject packages/core/src/engine.ts:101:11
integration (node 24)	Run npm run test:integration	 ❯ Engine.load packages/core/src/engine.ts:170:29
integration (node 24)	Run npm run test:integration	 ❯ loadOne packages/core/test/integration/motion-trigger-types.test.ts:64:6
integration (node 24)	Run npm run test:integration	 ❯ packages/core/test/integration/motion-trigger-types.test.ts:104:44
integration (node 24)	Run npm run test:integration	
integration (node 24)	Run npm run test:integration	
integration (node 24)	Run npm run test:integration	2026-08-23T00:22:06.7200037Z 
integration (node 24)	Run npm run test:integration	2026-08-23T00:22:06.7203267Z ##[error]TypeError: property-stops-wrapper at motions[0].tracks[0].keyframes.x: The { stops: [...] } wrapper is retired; author the stops array directly as the value.
integration (node 24)	Run npm run test:integration	 ❯ assertValidProject packages/core/src/engine.ts:101:11
integration (node 24)	Run npm run test:integration	 ❯ Engine.load packages/core/src/engine.ts:170:29
integration (node 24)	Run npm run test:integration	 ❯ loadOne packages/core/test/integration/motion-trigger-types.test.ts:64:6
integration (node 24)	Run npm run test:integration	 ❯ packages/core/test/integration/motion-trigger-types.test.ts:123:42
integration (node 24)	Run npm run test:integration	
integration (node 24)	Run npm run test:integration	
integration (node 24)	Run npm run test:integration	2026-08-23T00:22:06.7203707Z 
integration (node 24)	Run npm run test:integration	2026-08-23T00:22:06.7209643Z ##[error]TypeError: property-stops-wrapper at addTrack(root).keyframes.transform.values.x: The { stops: [...] } wrapper is retired; author the stops array directly as the value. property-stops-wrapper at addTrack(root).keyframes.transform.values.y: The { stops: [...] } wrapper is retired; author the stops array directly as the value. property-stops-wrapper at addTrack(root).keyframes.transform.values.rotation: The { stops: [...] } wrapper is retired; author the stops array directly as the value.
integration (node 24)	Run npm run test:integration	 ❯ ProjectRuntime.#addTrack packages/core/src/runtime/project-runtime.ts:281:13
integration (node 24)	Run npm run test:integration	 ❯ ProjectRuntime.adopt packages/core/src/runtime/project-runtime.ts:247:25
integration (node 24)	Run npm run test:integration	 ❯ Object.adopt packages/core/src/engine.ts:86:47
integration (node 24)	Run npm run test:integration	 ❯ packages/core/test/integration/mutation-transactionality.test.ts:79:25
integration (node 24)	Run npm run test:integration	
integration (node 24)	Run npm run test:integration	
integration (node 24)	Run npm run test:integration	2026-08-23T00:22:06.7210131Z 
integration (node 24)	Run npm run test:integration	2026-08-23T00:22:06.7213448Z ##[error]AssertionError: expected [Function] to throw error matching /observation-unknown-source/ but got 'property-stops-wrapper at addTrack(ch…'
integration (node 24)	Run npm run test:integration	
integration (node 24)	Run npm run test:integration	- Expected:
integration (node 24)	Run npm run test:integration	/observation-unknown-source/
integration (node 24)	Run npm run test:integration	
integration (node 24)	Run npm run test:integration	+ Received:
integration (node 24)	Run npm run test:integration	"property-stops-wrapper at addTrack(child).keyframes.x: The { stops: [...] } wrapper is retired; author the stops array directly as the value."
integration (node 24)	Run npm run test:integration	
integration (node 24)	Run npm run test:integration	 ❯ packages/core/test/integration/mutation-transactionality.test.ts:118:48
integration (node 24)	Run npm run test:integration	
integration (node 24)	Run npm run test:integration	
integration (node 24)	Run npm run test:integration	2026-08-23T00:22:06.7213904Z 
integration (node 24)	Run npm run test:integration	2026-08-23T00:22:06.7217309Z ##[error]AssertionError: expected [Function] to throw error matching /observation-self-reference/ but got 'property-stops-wrapper at addTrack(se…'
integration (node 24)	Run npm run test:integration	
integration (node 24)	Run npm run test:integration	- Expected:
integration (node 24)	Run npm run test:integration	/observation-self-reference/
integration (node 24)	Run npm run test:integration	
integration (node 24)	Run npm run test:integration	+ Received:
integration (node 24)	Run npm run test:integration	"property-stops-wrapper at addTrack(self).keyframes.x: The { stops: [...] } wrapper is retired; author the stops array directly as the value."
integration (node 24)	Run npm run test:integration	
integration (node 24)	Run npm run test:integration	 ❯ packages/core/test/integration/mutation-transactionality.test.ts:140:48
integration (node 24)	Run npm run test:integration	
integration (node 24)	Run npm run test:integration	
integration (node 24)	Run npm run test:integration	2026-08-23T00:22:06.7217790Z 
integration (node 24)	Run npm run test:integration	2026-08-23T00:22:06.7221978Z ##[error]TypeError: property-stops-wrapper at motions[0].tracks[0].keyframes.x: The { stops: [...] } wrapper is retired; author the stops array directly as the value. property-stops-wrapper at motions[0].tracks[1].keyframes.x: The { stops: [...] } wrapper is retired; author the stops array directly as the value.
integration (node 24)	Run npm run test:integration	 ❯ assertValidProject packages/core/src/engine.ts:101:11
integration (node 24)	Run npm run test:integration	 ❯ Engine.load packages/core/src/engine.ts:170:29
integration (node 24)	Run npm run test:integration	 ❯ makeHandle packages/core/test/integration/observation-identity.test.ts:49:6
integration (node 24)	Run npm run test:integration	 ❯ packages/core/test/integration/observation-identity.test.ts:66:20
integration (node 24)	Run npm run test:integration	
integration (node 24)	Run npm run test:integration	
integration (node 24)	Run npm run test:integration	2026-08-23T00:22:06.7222430Z 
integration (node 24)	Run npm run test:integration	2026-08-23T00:22:06.7226723Z ##[error]TypeError: property-stops-wrapper at motions[0].tracks[0].keyframes.x: The { stops: [...] } wrapper is retired; author the stops array directly as the value. property-stops-wrapper at motions[0].tracks[1].keyframes.x: The { stops: [...] } wrapper is retired; author the stops array directly as the value.
integration (node 24)	Run npm run test:integration	 ❯ assertValidProject packages/core/src/engine.ts:101:11
integration (node 24)	Run npm run test:integration	 ❯ Engine.load packages/core/src/engine.ts:170:29
integration (node 24)	Run npm run test:integration	 ❯ makeHandle packages/core/test/integration/observation-identity.test.ts:49:6
integration (node 24)	Run npm run test:integration	 ❯ packages/core/test/integration/observation-identity.test.ts:75:20
integration (node 24)	Run npm run test:integration	
integration (node 24)	Run npm run test:integration	
integration (node 24)	Run npm run test:integration	2026-08-23T00:22:06.7227203Z 
integration (node 24)	Run npm run test:integration	2026-08-23T00:22:06.7232303Z ##[error]TypeError: property-stops-wrapper at motions[0].tracks[0].keyframes.x: The { stops: [...] } wrapper is retired; author the stops array directly as the value. property-stops-wrapper at motions[0].tracks[1].keyframes.x: The { stops: [...] } wrapper is retired; author the stops array directly as the value. property-stops-wrapper at freeTracks[0].keyframes.x: The { stops: [...] } wrapper is retired; author the stops array directly as the value.
integration (node 24)	Run npm run test:integration	 ❯ assertValidProject packages/core/src/engine.ts:101:11
integration (node 24)	Run npm run test:integration	 ❯ Engine.load packages/core/src/engine.ts:170:29
integration (node 24)	Run npm run test:integration	 ❯ makeHandle packages/core/test/integration/observation-identity.test.ts:49:6
integration (node 24)	Run npm run test:integration	 ❯ packages/core/test/integration/observation-identity.test.ts:89:20
integration (node 24)	Run npm run test:integration	
integration (node 24)	Run npm run test:integration	
integration (node 24)	Run npm run test:integration	2026-08-23T00:22:06.7233020Z 
integration (node 24)	Run npm run test:integration	2026-08-23T00:22:06.7237363Z ##[error]TypeError: property-stops-wrapper at motions[0].tracks[0].keyframes.x: The { stops: [...] } wrapper is retired; author the stops array directly as the value. property-stops-wrapper at motions[0].tracks[1].keyframes.x: The { stops: [...] } wrapper is retired; author the stops array directly as the value.
integration (node 24)	Run npm run test:integration	 ❯ assertValidProject packages/core/src/engine.ts:101:11
integration (node 24)	Run npm run test:integration	 ❯ Engine.load packages/core/src/engine.ts:170:29
integration (node 24)	Run npm run test:integration	 ❯ makeHandle packages/core/test/integration/observation-identity.test.ts:49:6
integration (node 24)	Run npm run test:integration	 ❯ packages/core/test/integration/observation-identity.test.ts:95:20
integration (node 24)	Run npm run test:integration	
integration (node 24)	Run npm run test:integration	
integration (node 24)	Run npm run test:integration	2026-08-23T00:22:06.7237846Z 
integration (node 24)	Run npm run test:integration	2026-08-23T00:22:06.7242016Z ##[error]TypeError: property-stops-wrapper at motions[0].tracks[0].keyframes.x: The { stops: [...] } wrapper is retired; author the stops array directly as the value. property-stops-wrapper at motions[0].tracks[1].keyframes.x: The { stops: [...] } wrapper is retired; author the stops array directly as the value.
integration (node 24)	Run npm run test:integration	 ❯ assertValidProject packages/core/src/engine.ts:101:11
integration (node 24)	Run npm run test:integration	 ❯ Engine.load packages/core/src/engine.ts:170:29
integration (node 24)	Run npm run test:integration	 ❯ makeHandle packages/core/test/integration/observation-identity.test.ts:49:6
integration (node 24)	Run npm run test:integration	 ❯ packages/core/test/integration/observation-identity.test.ts:103:20
integration (node 24)	Run npm run test:integration	
integration (node 24)	Run npm run test:integration	
integration (node 24)	Run npm run test:integration	2026-08-23T00:22:06.7242463Z 
integration (node 24)	Run npm run test:integration	2026-08-23T00:22:06.7245688Z ##[error]TypeError: property-stops-wrapper at motions[0].tracks[0].keyframes.x: The { stops: [...] } wrapper is retired; author the stops array directly as the value.
integration (node 24)	Run npm run test:integration	 ❯ assertValidProject packages/core/src/engine.ts:101:11
integration (node 24)	Run npm run test:integration	 ❯ Engine.load packages/core/src/engine.ts:170:29
integration (node 24)	Run npm run test:integration	 ❯ load packages/core/test/integration/option-c-track-resolution.test.ts:30:6
integration (node 24)	Run npm run test:integration	 ❯ packages/core/test/integration/option-c-track-resolution.test.ts:60:42
integration (node 24)	Run npm run test:integration	
integration (node 24)	Run npm run test:integration	
integration (node 24)	Run npm run test:integration	2026-08-23T00:22:06.7246126Z 
integration (node 24)	Run npm run test:integration	2026-08-23T00:22:06.7251568Z ##[error]TypeError: property-stops-wrapper at motions[0].tracks[0].keyframes.x: The { stops: [...] } wrapper is retired; author the stops array directly as the value. property-stops-wrapper at motions[0].tracks[1].keyframes.x: The { stops: [...] } wrapper is retired; author the stops array directly as the value. property-stops-wrapper at motions[0].tracks[2].keyframes.x: The { stops: [...] } wrapper is retired; author the stops array directly as the value.
integration (node 24)	Run npm run test:integration	 ❯ assertValidProject packages/core/src/engine.ts:101:11
integration (node 24)	Run npm run test:integration	 ❯ Engine.load packages/core/src/engine.ts:170:29
integration (node 24)	Run npm run test:integration	 ❯ load packages/core/test/integration/option-c-track-resolution.test.ts:30:6
integration (node 24)	Run npm run test:integration	 ❯ packages/core/test/integration/option-c-track-resolution.test.ts:73:42
integration (node 24)	Run npm run test:integration	
integration (node 24)	Run npm run test:integration	
integration (node 24)	Run npm run test:integration	2026-08-23T00:22:06.7252044Z 
integration (node 24)	Run npm run test:integration	2026-08-23T00:22:06.7256398Z ##[error]TypeError: property-stops-wrapper at motions[0].tracks[0].keyframes.x: The { stops: [...] } wrapper is retired; author the stops array directly as the value. property-stops-wrapper at motions[0].tracks[1].keyframes.x: The { stops: [...] } wrapper is retired; author the stops array directly as the value.
integration (node 24)	Run npm run test:integration	 ❯ assertValidProject packages/core/src/engine.ts:101:11
integration (node 24)	Run npm run test:integration	 ❯ Engine.load packages/core/src/engine.ts:170:29
integration (node 24)	Run npm run test:integration	 ❯ load packages/core/test/integration/option-c-track-resolution.test.ts:30:6
integration (node 24)	Run npm run test:integration	 ❯ packages/core/test/integration/option-c-track-resolution.test.ts:88:35
integration (node 24)	Run npm run test:integration	
integration (node 24)	Run npm run test:integration	
integration (node 24)	Run npm run test:integration	2026-08-23T00:22:06.7256890Z 
integration (node 24)	Run npm run test:integration	2026-08-23T00:22:06.7261121Z ##[error]TypeError: property-stops-wrapper at motions[0].tracks[0].keyframes.x: The { stops: [...] } wrapper is retired; author the stops array directly as the value. property-stops-wrapper at motions[0].tracks[1].keyframes.x: The { stops: [...] } wrapper is retired; author the stops array directly as the value.
integration (node 24)	Run npm run test:integration	 ❯ assertValidProject packages/core/src/engine.ts:101:11
integration (node 24)	Run npm run test:integration	 ❯ Engine.load packages/core/src/engine.ts:170:29
integration (node 24)	Run npm run test:integration	 ❯ load packages/core/test/integration/option-c-track-resolution.test.ts:30:6
integration (node 24)	Run npm run test:integration	 ❯ packages/core/test/integration/option-c-track-resolution.test.ts:104:24
integration (node 24)	Run npm run test:integration	
integration (node 24)	Run npm run test:integration	
integration (node 24)	Run npm run test:integration	2026-08-23T00:22:06.7261853Z 
integration (node 24)	Run npm run test:integration	2026-08-23T00:22:06.7265205Z ##[error]TypeError: property-stops-wrapper at motions[0].tracks[0].keyframes.x: The { stops: [...] } wrapper is retired; author the stops array directly as the value.
integration (node 24)	Run npm run test:integration	 ❯ assertValidProject packages/core/src/engine.ts:101:11
integration (node 24)	Run npm run test:integration	 ❯ Engine.load packages/core/src/engine.ts:170:29
integration (node 24)	Run npm run test:integration	 ❯ load packages/core/test/integration/option-c-track-resolution.test.ts:30:6
integration (node 24)	Run npm run test:integration	 ❯ packages/core/test/integration/option-c-track-resolution.test.ts:113:35
integration (node 24)	Run npm run test:integration	
integration (node 24)	Run npm run test:integration	
integration (node 24)	Run npm run test:integration	2026-08-23T00:22:06.7265652Z 
integration (node 24)	Run npm run test:integration	2026-08-23T00:22:06.7273679Z ##[error]TypeError: property-stops-wrapper at motions[0].tracks[0].keyframes.transform.values.x: The { stops: [...] } wrapper is retired; author the stops array directly as the value. property-stops-wrapper at motions[0].tracks[0].keyframes.transform.values.y: The { stops: [...] } wrapper is retired; author the stops array directly as the value. property-stops-wrapper at motions[0].tracks[0].keyframes.transform.values.rotation: The { stops: [...] } wrapper is retired; author the stops array directly as the value. property-stops-wrapper at motions[0].tracks[1].keyframes.fk.values.length: The { stops: [...] } wrapper is retired; author the stops array directly as the value. property-stops-wrapper at motions[0].tracks[1].keyframes.fk.values.rotation: The { stops: [...] } wrapper is retired; author the stops array directly as the value.
integration (node 24)	Run npm run test:integration	 ❯ assertValidProject packages/core/src/engine.ts:101:11
integration (node 24)	Run npm run test:integration	 ❯ Engine.load packages/core/src/engine.ts:170:29
integration (node 24)	Run npm run test:integration	 ❯ load packages/core/test/integration/per-plugin-key-ownership.test.ts:76:6
integration (node 24)	Run npm run test:integration	 ❯ packages/core/test/integration/per-plugin-key-ownership.test.ts:95:20
integration (node 24)	Run npm run test:integration	
integration (node 24)	Run npm run test:integration	
integration (node 24)	Run npm run test:integration	2026-08-23T00:22:06.7274172Z 
integration (node 24)	Run npm run test:integration	2026-08-23T00:22:06.7282078Z ##[error]AssertionError: expected [Function] to throw error matching /plugin-ambiguous-key/ but got 'property-stops-wrapper at motions[0].…'
integration (node 24)	Run npm run test:integration	
integration (node 24)	Run npm run test:integration	- Expected:
integration (node 24)	Run npm run test:integration	/plugin-ambiguous-key/
integration (node 24)	Run npm run test:integration	
integration (node 24)	Run npm run test:integration	+ Received:
integration (node 24)	Run npm run test:integration	"property-stops-wrapper at motions[0].tracks[0].keyframes.transform.values.x: The { stops: [...] } wrapper is retired; author the stops array directly as the value. property-stops-wrapper at motions[0].tracks[0].keyframes.transform.values.y: The { stops: [...] } wrapper is retired; author the stops array directly as the value. property-stops-wrapper at motions[0].tracks[0].keyframes.transform.values.rotation: The { stops: [...] } wrapper is retired; author the stops array directly as the value. property-stops-wrapper at motions[0].tracks[1].keyframes.fk.values.length: The { stops: [...] } wrapper is retired; author the stops array directly as the value. property-stops-wrapper at motions[0].tracks[1].keyframes.rotation: The { stops: [...] } wrapper is retired; author the stops array directly as the value."
integration (node 24)	Run npm run test:integration	
integration (node 24)	Run npm run test:integration	 ❯ packages/core/test/integration/per-plugin-key-ownership.test.ts:123:58
integration (node 24)	Run npm run test:integration	
integration (node 24)	Run npm run test:integration	
integration (node 24)	Run npm run test:integration	2026-08-23T00:22:06.7282576Z 
integration (node 24)	Run npm run test:integration	2026-08-23T00:22:06.7290610Z ##[error]TypeError: property-stops-wrapper at motions[0].tracks[0].keyframes.transform.values.x: The { stops: [...] } wrapper is retired; author the stops array directly as the value. property-stops-wrapper at motions[0].tracks[0].keyframes.transform.values.y: The { stops: [...] } wrapper is retired; author the stops array directly as the value. property-stops-wrapper at motions[0].tracks[0].keyframes.transform.values.rotation: The { stops: [...] } wrapper is retired; author the stops array directly as the value. property-stops-wrapper at motions[0].tracks[1].keyframes.fk.values.length: The { stops: [...] } wrapper is retired; author the stops array directly as the value. property-stops-wrapper at motions[0].tracks[1].keyframes.fk.values.rotation: The { stops: [...] } wrapper is retired; author the stops array directly as the value.
integration (node 24)	Run npm run test:integration	 ❯ assertValidProject packages/core/src/engine.ts:101:11
integration (node 24)	Run npm run test:integration	 ❯ Engine.load packages/core/src/engine.ts:170:29
integration (node 24)	Run npm run test:integration	 ❯ load packages/core/test/integration/per-plugin-key-ownership.test.ts:76:6
integration (node 24)	Run npm run test:integration	 ❯ packages/core/test/integration/per-plugin-key-ownership.test.ts:128:20
integration (node 24)	Run npm run test:integration	
integration (node 24)	Run npm run test:integration	
integration (node 24)	Run npm run test:integration	2026-08-23T00:22:06.7291296Z 
integration (node 24)	Run npm run test:integration	2026-08-23T00:22:06.7294008Z ##[error]TypeError: property-stops-wrapper at motions[0].tracks[0].keyframes.angle: The { stops: [...] } wrapper is retired; author the stops array directly as the value.
integration (node 24)	Run npm run test:integration	 ❯ assertValidProject packages/core/src/engine.ts:101:11
integration (node 24)	Run npm run test:integration	 ❯ Engine.load packages/core/src/engine.ts:170:29
integration (node 24)	Run npm run test:integration	 ❯ packages/core/test/integration/phase0-red-baseline.test.ts:40:8
integration (node 24)	Run npm run test:integration	
integration (node 24)	Run npm run test:integration	
integration (node 24)	Run npm run test:integration	2026-08-23T00:22:06.7294610Z 
integration (node 24)	Run npm run test:integration	2026-08-23T00:22:06.7298400Z ##[error]TypeError: property-stops-wrapper at motions[0].tracks[0].keyframes.x: The { stops: [...] } wrapper is retired; author the stops array directly as the value. property-stops-wrapper at motions[0].tracks[1].keyframes.y: The { stops: [...] } wrapper is retired; author the stops array directly as the value.
integration (node 24)	Run npm run test:integration	 ❯ assertValidProject packages/core/src/engine.ts:101:11
integration (node 24)	Run npm run test:integration	 ❯ Engine.load packages/core/src/engine.ts:170:29
integration (node 24)	Run npm run test:integration	 ❯ packages/core/test/integration/phase0-red-baseline.test.ts:98:8
integration (node 24)	Run npm run test:integration	
integration (node 24)	Run npm run test:integration	
integration (node 24)	Run npm run test:integration	2026-08-23T00:22:06.7298869Z 
integration (node 24)	Run npm run test:integration	2026-08-23T00:22:06.7301974Z ##[error]TypeError: property-stops-wrapper at addTrack(cursor).keyframes.opacity: The { stops: [...] } wrapper is retired; author the stops array directly as the value.
integration (node 24)	Run npm run test:integration	 ❯ ProjectRuntime.#addTrack packages/core/src/runtime/project-runtime.ts:281:13
integration (node 24)	Run npm run test:integration	 ❯ ProjectRuntime.adopt packages/core/src/runtime/project-runtime.ts:247:25
integration (node 24)	Run npm run test:integration	 ❯ packages/core/test/integration/phase0-red-baseline.test.ts:142:31
integration (node 24)	Run npm run test:integration	
integration (node 24)	Run npm run test:integration	
integration (node 24)	Run npm run test:integration	2026-08-23T00:22:06.7302434Z 
integration (node 24)	Run npm run test:integration	2026-08-23T00:22:06.7305061Z ##[error]TypeError: property-stops-wrapper at motions[0].tracks[0].keyframes.x: The { stops: [...] } wrapper is retired; author the stops array directly as the value.
integration (node 24)	Run npm run test:integration	 ❯ assertValidProject packages/core/src/engine.ts:101:11
integration (node 24)	Run npm run test:integration	 ❯ Engine.load packages/core/src/engine.ts:170:29
integration (node 24)	Run npm run test:integration	 ❯ packages/core/test/integration/phase0-red-baseline.test.ts:199:8
integration (node 24)	Run npm run test:integration	
integration (node 24)	Run npm run test:integration	
integration (node 24)	Run npm run test:integration	2026-08-23T00:22:06.7305502Z 
integration (node 24)	Run npm run test:integration	2026-08-23T00:22:06.7308312Z ##[error]TypeError: property-stops-wrapper at motions[0].tracks[0].keyframes.x: The { stops: [...] } wrapper is retired; author the stops array directly as the value.
integration (node 24)	Run npm run test:integration	 ❯ assertValidProject packages/core/src/engine.ts:101:11
integration (node 24)	Run npm run test:integration	 ❯ Engine.load packages/core/src/engine.ts:170:29
integration (node 24)	Run npm run test:integration	 ❯ packages/core/test/integration/phase0-red-baseline.test.ts:245:8
integration (node 24)	Run npm run test:integration	
integration (node 24)	Run npm run test:integration	
integration (node 24)	Run npm run test:integration	2026-08-23T00:22:06.7308797Z 
integration (node 24)	Run npm run test:integration	2026-08-23T00:22:06.7311488Z ##[error]TypeError: property-stops-wrapper at motions[0].tracks[0].keyframes.x: The { stops: [...] } wrapper is retired; author the stops array directly as the value.
integration (node 24)	Run npm run test:integration	 ❯ assertValidProject packages/core/src/engine.ts:101:11
integration (node 24)	Run npm run test:integration	 ❯ Engine.load packages/core/src/engine.ts:170:29
integration (node 24)	Run npm run test:integration	 ❯ packages/core/test/integration/phase2-motion-scheduling.test.ts:45:8
integration (node 24)	Run npm run test:integration	
integration (node 24)	Run npm run test:integration	
integration (node 24)	Run npm run test:integration	2026-08-23T00:22:06.7311925Z 
integration (node 24)	Run npm run test:integration	2026-08-23T00:22:06.7314567Z ##[error]TypeError: property-stops-wrapper at motions[0].tracks[0].keyframes.x: The { stops: [...] } wrapper is retired; author the stops array directly as the value.
integration (node 24)	Run npm run test:integration	 ❯ assertValidProject packages/core/src/engine.ts:101:11
integration (node 24)	Run npm run test:integration	 ❯ Engine.load packages/core/src/engine.ts:170:29
integration (node 24)	Run npm run test:integration	 ❯ packages/core/test/integration/phase2-motion-scheduling.test.ts:78:8
integration (node 24)	Run npm run test:integration	
integration (node 24)	Run npm run test:integration	
integration (node 24)	Run npm run test:integration	2026-08-23T00:22:06.7314995Z 
integration (node 24)	Run npm run test:integration	2026-08-23T00:22:06.7317816Z ##[error]TypeError: property-stops-wrapper at motions[0].tracks[0].keyframes.x: The { stops: [...] } wrapper is retired; author the stops array directly as the value.
integration (node 24)	Run npm run test:integration	 ❯ assertValidProject packages/core/src/engine.ts:101:11
integration (node 24)	Run npm run test:integration	 ❯ Engine.load packages/core/src/engine.ts:170:29
integration (node 24)	Run npm run test:integration	 ❯ packages/core/test/integration/phase2-motion-scheduling.test.ts:168:8
integration (node 24)	Run npm run test:integration	
integration (node 24)	Run npm run test:integration	
integration (node 24)	Run npm run test:integration	2026-08-23T00:22:06.7318283Z 
integration (node 24)	Run npm run test:integration	2026-08-23T00:22:06.7320922Z ##[error]TypeError: property-stops-wrapper at motions[0].tracks[0].keyframes.x: The { stops: [...] } wrapper is retired; author the stops array directly as the value.
integration (node 24)	Run npm run test:integration	 ❯ assertValidProject packages/core/src/engine.ts:101:11
integration (node 24)	Run npm run test:integration	 ❯ Engine.load packages/core/src/engine.ts:170:29
integration (node 24)	Run npm run test:integration	 ❯ packages/core/test/integration/phase3-trigger-port.test.ts:109:8
integration (node 24)	Run npm run test:integration	
integration (node 24)	Run npm run test:integration	
integration (node 24)	Run npm run test:integration	2026-08-23T00:22:06.7321350Z 
integration (node 24)	Run npm run test:integration	2026-08-23T00:22:06.7323971Z ##[error]TypeError: property-stops-wrapper at motions[0].tracks[0].keyframes.x: The { stops: [...] } wrapper is retired; author the stops array directly as the value.
integration (node 24)	Run npm run test:integration	 ❯ assertValidProject packages/core/src/engine.ts:101:11
integration (node 24)	Run npm run test:integration	 ❯ Engine.load packages/core/src/engine.ts:170:29
integration (node 24)	Run npm run test:integration	 ❯ packages/core/test/integration/phase3-trigger-port.test.ts:136:8
integration (node 24)	Run npm run test:integration	
integration (node 24)	Run npm run test:integration	
integration (node 24)	Run npm run test:integration	2026-08-23T00:22:06.7324678Z 
integration (node 24)	Run npm run test:integration	2026-08-23T00:22:06.7328045Z ##[error]AssertionError: expected [Function] to throw error matching /stop-position|monoton/ but got 'property-stops-wrapper at addTrack(ba…'
integration (node 24)	Run npm run test:integration	
integration (node 24)	Run npm run test:integration	- Expected:
integration (node 24)	Run npm run test:integration	/stop-position|monoton/
integration (node 24)	Run npm run test:integration	
integration (node 24)	Run npm run test:integration	+ Received:
integration (node 24)	Run npm run test:integration	"property-stops-wrapper at addTrack(bad).keyframes.x: The { stops: [...] } wrapper is retired; author the stops array directly as the value."
integration (node 24)	Run npm run test:integration	
integration (node 24)	Run npm run test:integration	 ❯ packages/core/test/integration/phase4-dynamic-lifecycle.test.ts:172:47
integration (node 24)	Run npm run test:integration	
integration (node 24)	Run npm run test:integration	
integration (node 24)	Run npm run test:integration	2026-08-23T00:22:06.7328502Z 
integration (node 24)	Run npm run test:integration	2026-08-23T00:22:06.7338127Z ##[error]TypeError: property-stops-wrapper at motions[0].tracks[0].keyframes.transform.values.x: The { stops: [...] } wrapper is retired; author the stops array directly as the value. property-stops-wrapper at motions[0].tracks[0].keyframes.transform.values.y: The { stops: [...] } wrapper is retired; author the stops array directly as the value. property-stops-wrapper at motions[0].tracks[0].keyframes.transform.values.rotation: The { stops: [...] } wrapper is retired; author the stops array directly as the value. property-stops-wrapper at motions[0].tracks[1].keyframes.fk.values.length: The { stops: [...] } wrapper is retired; author the stops array directly as the value. property-stops-wrapper at motions[0].tracks[1].keyframes.fk.values.rotation: The { stops: [...] } wrapper is retired; author the stops array directly as the value. property-stops-wrapper at motions[0].tracks[2].keyframes.fk.values.length: The { stops: [...] } wrapper is retired; author the stops array directly as the value. property-stops-wrapper at motions[0].tracks[2].keyframes.fk.values.rotation: The { stops: [...] } wrapper is retired; author the stops array directly as the value.
integration (node 24)	Run npm run test:integration	 ❯ assertValidProject packages/core/src/engine.ts:101:11
integration (node 24)	Run npm run test:integration	 ❯ Engine.load packages/core/src/engine.ts:170:29
integration (node 24)	Run npm run test:integration	 ❯ packages/core/test/integration/phase7-walker-demo.test.ts:145:27
integration (node 24)	Run npm run test:integration	
integration (node 24)	Run npm run test:integration	
integration (node 24)	Run npm run test:integration	2026-08-23T00:22:06.7338634Z 
integration (node 24)	Run npm run test:integration	2026-08-23T00:22:06.7348214Z ##[error]TypeError: property-stops-wrapper at motions[0].tracks[0].keyframes.transform.values.x: The { stops: [...] } wrapper is retired; author the stops array directly as the value. property-stops-wrapper at motions[0].tracks[0].keyframes.transform.values.y: The { stops: [...] } wrapper is retired; author the stops array directly as the value. property-stops-wrapper at motions[0].tracks[0].keyframes.transform.values.rotation: The { stops: [...] } wrapper is retired; author the stops array directly as the value. property-stops-wrapper at motions[0].tracks[1].keyframes.fk.values.length: The { stops: [...] } wrapper is retired; author the stops array directly as the value. property-stops-wrapper at motions[0].tracks[1].keyframes.fk.values.rotation: The { stops: [...] } wrapper is retired; author the stops array directly as the value. property-stops-wrapper at motions[0].tracks[2].keyframes.fk.values.length: The { stops: [...] } wrapper is retired; author the stops array directly as the value. property-stops-wrapper at motions[0].tracks[2].keyframes.fk.values.rotation: The { stops: [...] } wrapper is retired; author the stops array directly as the value.
integration (node 24)	Run npm run test:integration	 ❯ assertValidProject packages/core/src/engine.ts:101:11
integration (node 24)	Run npm run test:integration	 ❯ Engine.load packages/core/src/engine.ts:170:29
integration (node 24)	Run npm run test:integration	 ❯ packages/core/test/integration/phase7-walker-demo.test.ts:164:27
integration (node 24)	Run npm run test:integration	
integration (node 24)	Run npm run test:integration	
integration (node 24)	Run npm run test:integration	2026-08-23T00:22:06.7348708Z 
integration (node 24)	Run npm run test:integration	2026-08-23T00:22:06.7358267Z ##[error]TypeError: property-stops-wrapper at motions[0].tracks[0].keyframes.transform.values.x: The { stops: [...] } wrapper is retired; author the stops array directly as the value. property-stops-wrapper at motions[0].tracks[0].keyframes.transform.values.y: The { stops: [...] } wrapper is retired; author the stops array directly as the value. property-stops-wrapper at motions[0].tracks[0].keyframes.transform.values.rotation: The { stops: [...] } wrapper is retired; author the stops array directly as the value. property-stops-wrapper at motions[0].tracks[1].keyframes.fk.values.length: The { stops: [...] } wrapper is retired; author the stops array directly as the value. property-stops-wrapper at motions[0].tracks[1].keyframes.fk.values.rotation: The { stops: [...] } wrapper is retired; author the stops array directly as the value. property-stops-wrapper at motions[0].tracks[2].keyframes.fk.values.length: The { stops: [...] } wrapper is retired; author the stops array directly as the value. property-stops-wrapper at motions[0].tracks[2].keyframes.fk.values.rotation: The { stops: [...] } wrapper is retired; author the stops array directly as the value.
integration (node 24)	Run npm run test:integration	 ❯ assertValidProject packages/core/src/engine.ts:101:11
integration (node 24)	Run npm run test:integration	 ❯ Engine.load packages/core/src/engine.ts:170:29
integration (node 24)	Run npm run test:integration	 ❯ packages/core/test/integration/phase7-walker-demo.test.ts:199:27
integration (node 24)	Run npm run test:integration	
integration (node 24)	Run npm run test:integration	
integration (node 24)	Run npm run test:integration	2026-08-23T00:22:06.7359083Z 
integration (node 24)	Run npm run test:integration	2026-08-23T00:22:06.7368752Z ##[error]TypeError: property-stops-wrapper at motions[0].tracks[0].keyframes.transform.values.x: The { stops: [...] } wrapper is retired; author the stops array directly as the value. property-stops-wrapper at motions[0].tracks[0].keyframes.transform.values.y: The { stops: [...] } wrapper is retired; author the stops array directly as the value. property-stops-wrapper at motions[0].tracks[0].keyframes.transform.values.rotation: The { stops: [...] } wrapper is retired; author the stops array directly as the value. property-stops-wrapper at motions[0].tracks[1].keyframes.fk.values.length: The { stops: [...] } wrapper is retired; author the stops array directly as the value. property-stops-wrapper at motions[0].tracks[1].keyframes.fk.values.rotation: The { stops: [...] } wrapper is retired; author the stops array directly as the value. property-stops-wrapper at motions[0].tracks[2].keyframes.fk.values.length: The { stops: [...] } wrapper is retired; author the stops array directly as the value. property-stops-wrapper at motions[0].tracks[2].keyframes.fk.values.rotation: The { stops: [...] } wrapper is retired; author the stops array directly as the value.
integration (node 24)	Run npm run test:integration	 ❯ assertValidProject packages/core/src/engine.ts:101:11
integration (node 24)	Run npm run test:integration	 ❯ Engine.load packages/core/src/engine.ts:170:29
integration (node 24)	Run npm run test:integration	 ❯ packages/core/test/integration/phase7-walker-demo.test.ts:219:8
integration (node 24)	Run npm run test:integration	
integration (node 24)	Run npm run test:integration	
integration (node 24)	Run npm run test:integration	2026-08-23T00:22:06.7369262Z 
integration (node 24)	Run npm run test:integration	2026-08-23T00:22:06.7378839Z ##[error]TypeError: property-stops-wrapper at motions[0].tracks[0].keyframes.transform.values.x: The { stops: [...] } wrapper is retired; author the stops array directly as the value. property-stops-wrapper at motions[0].tracks[0].keyframes.transform.values.y: The { stops: [...] } wrapper is retired; author the stops array directly as the value. property-stops-wrapper at motions[0].tracks[0].keyframes.transform.values.rotation: The { stops: [...] } wrapper is retired; author the stops array directly as the value. property-stops-wrapper at motions[0].tracks[1].keyframes.fk.values.length: The { stops: [...] } wrapper is retired; author the stops array directly as the value. property-stops-wrapper at motions[0].tracks[1].keyframes.fk.values.rotation: The { stops: [...] } wrapper is retired; author the stops array directly as the value. property-stops-wrapper at motions[0].tracks[2].keyframes.fk.values.length: The { stops: [...] } wrapper is retired; author the stops array directly as the value. property-stops-wrapper at motions[0].tracks[2].keyframes.fk.values.rotation: The { stops: [...] } wrapper is retired; author the stops array directly as the value.
integration (node 24)	Run npm run test:integration	 ❯ assertValidProject packages/core/src/engine.ts:101:11
integration (node 24)	Run npm run test:integration	 ❯ Engine.load packages/core/src/engine.ts:170:29
integration (node 24)	Run npm run test:integration	 ❯ packages/core/test/integration/phase7-walker-demo.test.ts:243:8
integration (node 24)	Run npm run test:integration	
integration (node 24)	Run npm run test:integration	
integration (node 24)	Run npm run test:integration	2026-08-23T00:22:06.7379336Z 
integration (node 24)	Run npm run test:integration	2026-08-23T00:22:06.7388959Z ##[error]TypeError: property-stops-wrapper at motions[0].tracks[0].keyframes.transform.values.x: The { stops: [...] } wrapper is retired; author the stops array directly as the value. property-stops-wrapper at motions[0].tracks[0].keyframes.transform.values.y: The { stops: [...] } wrapper is retired; author the stops array directly as the value. property-stops-wrapper at motions[0].tracks[0].keyframes.transform.values.rotation: The { stops: [...] } wrapper is retired; author the stops array directly as the value. property-stops-wrapper at motions[0].tracks[1].keyframes.fk.values.length: The { stops: [...] } wrapper is retired; author the stops array directly as the value. property-stops-wrapper at motions[0].tracks[1].keyframes.fk.values.rotation: The { stops: [...] } wrapper is retired; author the stops array directly as the value. property-stops-wrapper at motions[0].tracks[2].keyframes.fk.values.length: The { stops: [...] } wrapper is retired; author the stops array directly as the value. property-stops-wrapper at motions[0].tracks[2].keyframes.fk.values.rotation: The { stops: [...] } wrapper is retired; author the stops array directly as the value.
integration (node 24)	Run npm run test:integration	 ❯ assertValidProject packages/core/src/engine.ts:101:11
integration (node 24)	Run npm run test:integration	 ❯ Engine.load packages/core/src/engine.ts:170:29
integration (node 24)	Run npm run test:integration	 ❯ packages/core/test/integration/phase7-walker-demo.test.ts:269:8
integration (node 24)	Run npm run test:integration	
integration (node 24)	Run npm run test:integration	
integration (node 24)	Run npm run test:integration	2026-08-23T00:22:06.7389732Z 
integration (node 24)	Run npm run test:integration	2026-08-23T00:22:06.7399421Z ##[error]TypeError: property-stops-wrapper at motions[0].tracks[0].keyframes.transform.values.x: The { stops: [...] } wrapper is retired; author the stops array directly as the value. property-stops-wrapper at motions[0].tracks[0].keyframes.transform.values.y: The { stops: [...] } wrapper is retired; author the stops array directly as the value. property-stops-wrapper at motions[0].tracks[0].keyframes.transform.values.rotation: The { stops: [...] } wrapper is retired; author the stops array directly as the value. property-stops-wrapper at motions[0].tracks[1].keyframes.fk.values.length: The { stops: [...] } wrapper is retired; author the stops array directly as the value. property-stops-wrapper at motions[0].tracks[1].keyframes.fk.values.rotation: The { stops: [...] } wrapper is retired; author the stops array directly as the value. property-stops-wrapper at motions[0].tracks[2].keyframes.fk.values.length: The { stops: [...] } wrapper is retired; author the stops array directly as the value. property-stops-wrapper at motions[0].tracks[2].keyframes.fk.values.rotation: The { stops: [...] } wrapper is retired; author the stops array directly as the value.
integration (node 24)	Run npm run test:integration	 ❯ assertValidProject packages/core/src/engine.ts:101:11
integration (node 24)	Run npm run test:integration	 ❯ Engine.load packages/core/src/engine.ts:170:29
integration (node 24)	Run npm run test:integration	 ❯ packages/core/test/integration/phase7-walker-demo.test.ts:305:8
integration (node 24)	Run npm run test:integration	
integration (node 24)	Run npm run test:integration	
integration (node 24)	Run npm run test:integration	2026-08-23T00:22:06.7399933Z 
integration (node 24)	Run npm run test:integration	2026-08-23T00:22:06.7409514Z ##[error]TypeError: property-stops-wrapper at motions[0].tracks[0].keyframes.transform.values.x: The { stops: [...] } wrapper is retired; author the stops array directly as the value. property-stops-wrapper at motions[0].tracks[0].keyframes.transform.values.y: The { stops: [...] } wrapper is retired; author the stops array directly as the value. property-stops-wrapper at motions[0].tracks[0].keyframes.transform.values.rotation: The { stops: [...] } wrapper is retired; author the stops array directly as the value. property-stops-wrapper at motions[0].tracks[1].keyframes.fk.values.length: The { stops: [...] } wrapper is retired; author the stops array directly as the value. property-stops-wrapper at motions[0].tracks[1].keyframes.fk.values.rotation: The { stops: [...] } wrapper is retired; author the stops array directly as the value. property-stops-wrapper at motions[0].tracks[2].keyframes.fk.values.length: The { stops: [...] } wrapper is retired; author the stops array directly as the value. property-stops-wrapper at motions[0].tracks[2].keyframes.fk.values.rotation: The { stops: [...] } wrapper is retired; author the stops array directly as the value.
integration (node 24)	Run npm run test:integration	 ❯ assertValidProject packages/core/src/engine.ts:101:11
integration (node 24)	Run npm run test:integration	 ❯ Engine.load packages/core/src/engine.ts:170:29
integration (node 24)	Run npm run test:integration	 ❯ packages/core/test/integration/phase7-walker-demo.test.ts:330:8
integration (node 24)	Run npm run test:integration	
integration (node 24)	Run npm run test:integration	
integration (node 24)	Run npm run test:integration	2026-08-23T00:22:06.7410277Z 
integration (node 24)	Run npm run test:integration	2026-08-23T00:22:06.7419900Z ##[error]TypeError: property-stops-wrapper at motions[0].tracks[0].keyframes.transform.values.x: The { stops: [...] } wrapper is retired; author the stops array directly as the value. property-stops-wrapper at motions[0].tracks[0].keyframes.transform.values.y: The { stops: [...] } wrapper is retired; author the stops array directly as the value. property-stops-wrapper at motions[0].tracks[0].keyframes.transform.values.rotation: The { stops: [...] } wrapper is retired; author the stops array directly as the value. property-stops-wrapper at motions[0].tracks[1].keyframes.fk.values.length: The { stops: [...] } wrapper is retired; author the stops array directly as the value. property-stops-wrapper at motions[0].tracks[1].keyframes.fk.values.rotation: The { stops: [...] } wrapper is retired; author the stops array directly as the value. property-stops-wrapper at motions[0].tracks[2].keyframes.fk.values.length: The { stops: [...] } wrapper is retired; author the stops array directly as the value. property-stops-wrapper at motions[0].tracks[2].keyframes.fk.values.rotation: The { stops: [...] } wrapper is retired; author the stops array directly as the value.
integration (node 24)	Run npm run test:integration	 ❯ assertValidProject packages/core/src/engine.ts:101:11
integration (node 24)	Run npm run test:integration	 ❯ Engine.load packages/core/src/engine.ts:170:29
integration (node 24)	Run npm run test:integration	 ❯ packages/core/test/integration/phase7-walker-demo.test.ts:351:8
integration (node 24)	Run npm run test:integration	
integration (node 24)	Run npm run test:integration	
integration (node 24)	Run npm run test:integration	2026-08-23T00:22:06.7420414Z 
integration (node 24)	Run npm run test:integration	2026-08-23T00:22:06.7430017Z ##[error]TypeError: property-stops-wrapper at motions[0].tracks[0].keyframes.transform.values.x: The { stops: [...] } wrapper is retired; author the stops array directly as the value. property-stops-wrapper at motions[0].tracks[0].keyframes.transform.values.y: The { stops: [...] } wrapper is retired; author the stops array directly as the value. property-stops-wrapper at motions[0].tracks[0].keyframes.transform.values.rotation: The { stops: [...] } wrapper is retired; author the stops array directly as the value. property-stops-wrapper at motions[0].tracks[1].keyframes.fk.values.length: The { stops: [...] } wrapper is retired; author the stops array directly as the value. property-stops-wrapper at motions[0].tracks[1].keyframes.fk.values.rotation: The { stops: [...] } wrapper is retired; author the stops array directly as the value. property-stops-wrapper at motions[0].tracks[2].keyframes.fk.values.length: The { stops: [...] } wrapper is retired; author the stops array directly as the value. property-stops-wrapper at motions[0].tracks[2].keyframes.fk.values.rotation: The { stops: [...] } wrapper is retired; author the stops array directly as the value.
integration (node 24)	Run npm run test:integration	 ❯ assertValidProject packages/core/src/engine.ts:101:11
integration (node 24)	Run npm run test:integration	 ❯ Engine.load packages/core/src/engine.ts:170:29
integration (node 24)	Run npm run test:integration	 ❯ packages/core/test/integration/phase7-walker-demo.test.ts:387:8
integration (node 24)	Run npm run test:integration	
integration (node 24)	Run npm run test:integration	
integration (node 24)	Run npm run test:integration	2026-08-23T00:22:06.7430515Z 
integration (node 24)	Run npm run test:integration	2026-08-23T00:22:06.7433959Z ##[error]TypeError: property-stops-wrapper at motions[0].tracks[1].keyframes.fk.values.length: The { stops: [...] } wrapper is retired; author the stops array directly as the value.
integration (node 24)	Run npm run test:integration	 ❯ assertValidProject packages/core/src/engine.ts:101:11
integration (node 24)	Run npm run test:integration	 ❯ Engine.load packages/core/src/engine.ts:170:29
integration (node 24)	Run npm run test:integration	 ❯ load packages/core/test/integration/plugin-group-values-section.test.ts:133:6
integration (node 24)	Run npm run test:integration	 ❯ packages/core/test/integration/plugin-group-values-section.test.ts:147:20
integration (node 24)	Run npm run test:integration	
integration (node 24)	Run npm run test:integration	
integration (node 24)	Run npm run test:integration	2026-08-23T00:22:06.7434408Z 
integration (node 24)	Run npm run test:integration	2026-08-23T00:22:06.7438313Z ##[error]AssertionError: expected [ { …(4) } ] to deep equally contain ObjectContaining{…}
integration (node 24)	Run npm run test:integration	
integration (node 24)	Run npm run test:integration	- Expected:
integration (node 24)	Run npm run test:integration	ObjectContaining {
integration (node 24)	Run npm run test:integration	  "path": "keyframes.fk.values.length.stops[0].p",
integration (node 24)	Run npm run test:integration	  "ruleId": "stop-position-range",
integration (node 24)	Run npm run test:integration	}
integration (node 24)	Run npm run test:integration	
integration (node 24)	Run npm run test:integration	+ Received:
integration (node 24)	Run npm run test:integration	[
integration (node 24)	Run npm run test:integration	  {
integration (node 24)	Run npm run test:integration	    "message": "The { stops: [...] } wrapper is retired; author the stops array directly as the value.",
integration (node 24)	Run npm run test:integration	    "path": "keyframes.fk.values.length",
integration (node 24)	Run npm run test:integration	    "ruleId": "property-stops-wrapper",
integration (node 24)	Run npm run test:integration	    "severity": "error",
integration (node 24)	Run npm run test:integration	  },
integration (node 24)	Run npm run test:integration	]
integration (node 24)	Run npm run test:integration	
integration (node 24)	Run npm run test:integration	 ❯ packages/core/test/integration/plugin-group-values-section.test.ts:214:32
integration (node 24)	Run npm run test:integration	
integration (node 24)	Run npm run test:integration	
integration (node 24)	Run npm run test:integration	2026-08-23T00:22:06.7439076Z 
integration (node 24)	Run npm run test:integration	2026-08-23T00:22:06.7441007Z ##[error]AssertionError: expected [ 'property-stops-wrapper' ] to deeply equal []
integration (node 24)	Run npm run test:integration	
integration (node 24)	Run npm run test:integration	- Expected
integration (node 24)	Run npm run test:integration	+ Received
integration (node 24)	Run npm run test:integration	
integration (node 24)	Run npm run test:integration	- []
integration (node 24)	Run npm run test:integration	+ [
integration (node 24)	Run npm run test:integration	+   "property-stops-wrapper",
integration (node 24)	Run npm run test:integration	+ ]
integration (node 24)	Run npm run test:integration	
integration (node 24)	Run npm run test:integration	 ❯ packages/core/test/integration/plugin-group-values-section.test.ts:228:31
integration (node 24)	Run npm run test:integration	
integration (node 24)	Run npm run test:integration	
integration (node 24)	Run npm run test:integration	2026-08-23T00:22:06.7441458Z 
integration (node 24)	Run npm run test:integration	2026-08-23T00:22:06.7451810Z ##[error]TypeError: property-stops-wrapper at motions[0].tracks[0].keyframes.transform.values.x: The { stops: [...] } wrapper is retired; author the stops array directly as the value. property-stops-wrapper at motions[0].tracks[0].keyframes.transform.values.y: The { stops: [...] } wrapper is retired; author the stops array directly as the value. property-stops-wrapper at motions[0].tracks[0].keyframes.transform.values.rotation: The { stops: [...] } wrapper is retired; author the stops array directly as the value. property-stops-wrapper at motions[0].tracks[1].keyframes.fk.values.length: The { stops: [...] } wrapper is retired; author the stops array directly as the value. property-stops-wrapper at motions[0].tracks[1].keyframes.fk.values.rotation: The { stops: [...] } wrapper is retired; author the stops array directly as the value. property-stops-wrapper at motions[0].tracks[2].keyframes.fk.values.length: The { stops: [...] } wrapper is retired; author the stops array directly as the value. property-stops-wrapper at motions[0].tracks[2].keyframes.fk.values.rotation: The { stops: [...] } wrapper is retired; author the stops array directly as the value.
integration (node 24)	Run npm run test:integration	 ❯ assertValidProject packages/core/src/engine.ts:101:11
integration (node 24)	Run npm run test:integration	 ❯ Engine.load packages/core/src/engine.ts:170:29
integration (node 24)	Run npm run test:integration	 ❯ load packages/core/test/integration/plugin-group-values-section.test.ts:133:6
integration (node 24)	Run npm run test:integration	 ❯ packages/core/test/integration/plugin-group-values-section.test.ts:278:20
integration (node 24)	Run npm run test:integration	
integration (node 24)	Run npm run test:integration	
integration (node 24)	Run npm run test:integration	2026-08-23T00:22:06.7452328Z 
integration (node 24)	Run npm run test:integration	2026-08-23T00:22:06.7460373Z ##[error]TypeError: property-stops-wrapper at motions[0].tracks[0].keyframes.transform.values.x: The { stops: [...] } wrapper is retired; author the stops array directly as the value. property-stops-wrapper at motions[0].tracks[0].keyframes.transform.values.y: The { stops: [...] } wrapper is retired; author the stops array directly as the value. property-stops-wrapper at motions[0].tracks[0].keyframes.transform.values.rotation: The { stops: [...] } wrapper is retired; author the stops array directly as the value. property-stops-wrapper at motions[0].tracks[1].keyframes.fk.values.length: The { stops: [...] } wrapper is retired; author the stops array directly as the value. property-stops-wrapper at motions[0].tracks[1].keyframes.fk.values.rotation: The { stops: [...] } wrapper is retired; author the stops array directly as the value.
integration (node 24)	Run npm run test:integration	 ❯ assertValidProject packages/core/src/engine.ts:101:11
integration (node 24)	Run npm run test:integration	 ❯ Engine.load packages/core/src/engine.ts:170:29
integration (node 24)	Run npm run test:integration	 ❯ load packages/core/test/integration/plugin-owned-requirements.test.ts:98:6
integration (node 24)	Run npm run test:integration	 ❯ packages/core/test/integration/plugin-owned-requirements.test.ts:103:20
integration (node 24)	Run npm run test:integration	
integration (node 24)	Run npm run test:integration	
integration (node 24)	Run npm run test:integration	2026-08-23T00:22:06.7460872Z 
integration (node 24)	Run npm run test:integration	2026-08-23T00:22:06.7468936Z ##[error]TypeError: property-stops-wrapper at motions[0].tracks[0].keyframes.transform.values.x: The { stops: [...] } wrapper is retired; author the stops array directly as the value. property-stops-wrapper at motions[0].tracks[0].keyframes.transform.values.y: The { stops: [...] } wrapper is retired; author the stops array directly as the value. property-stops-wrapper at motions[0].tracks[0].keyframes.transform.values.rotation: The { stops: [...] } wrapper is retired; author the stops array directly as the value. property-stops-wrapper at motions[0].tracks[1].keyframes.fk.values.length: The { stops: [...] } wrapper is retired; author the stops array directly as the value. property-stops-wrapper at motions[0].tracks[1].keyframes.fk.values.rotation: The { stops: [...] } wrapper is retired; author the stops array directly as the value.
integration (node 24)	Run npm run test:integration	 ❯ assertValidProject packages/core/src/engine.ts:101:11
integration (node 24)	Run npm run test:integration	 ❯ Engine.load packages/core/src/engine.ts:170:29
integration (node 24)	Run npm run test:integration	 ❯ load packages/core/test/integration/plugin-owned-requirements.test.ts:98:6
integration (node 24)	Run npm run test:integration	 ❯ packages/core/test/integration/plugin-owned-requirements.test.ts:125:20
integration (node 24)	Run npm run test:integration	
integration (node 24)	Run npm run test:integration	
integration (node 24)	Run npm run test:integration	2026-08-23T00:22:06.7469707Z 
integration (node 24)	Run npm run test:integration	2026-08-23T00:22:06.7477782Z ##[error]AssertionError: expected [Function] to throw error matching /observation-unknown-source/ but got 'property-stops-wrapper at motions[0].…'
integration (node 24)	Run npm run test:integration	
integration (node 24)	Run npm run test:integration	- Expected:
integration (node 24)	Run npm run test:integration	/observation-unknown-source/
integration (node 24)	Run npm run test:integration	
integration (node 24)	Run npm run test:integration	+ Received:
integration (node 24)	Run npm run test:integration	"property-stops-wrapper at motions[0].tracks[0].keyframes.transform.values.x: The { stops: [...] } wrapper is retired; author the stops array directly as the value. property-stops-wrapper at motions[0].tracks[0].keyframes.transform.values.y: The { stops: [...] } wrapper is retired; author the stops array directly as the value. property-stops-wrapper at motions[0].tracks[0].keyframes.transform.values.rotation: The { stops: [...] } wrapper is retired; author the stops array directly as the value. property-stops-wrapper at motions[0].tracks[1].keyframes.fk.values.length: The { stops: [...] } wrapper is retired; author the stops array directly as the value. property-stops-wrapper at motions[0].tracks[1].keyframes.fk.values.rotation: The { stops: [...] } wrapper is retired; author the stops array directly as the value."
integration (node 24)	Run npm run test:integration	
integration (node 24)	Run npm run test:integration	 ❯ packages/core/test/integration/plugin-owned-requirements.test.ts:146:54
integration (node 24)	Run npm run test:integration	
integration (node 24)	Run npm run test:integration	
integration (node 24)	Run npm run test:integration	2026-08-23T00:22:06.7478283Z 
integration (node 24)	Run npm run test:integration	2026-08-23T00:22:06.7485120Z ##[error]TypeError: property-stops-wrapper at motions[0].tracks[0].keyframes.transform.values.x: The { stops: [...] } wrapper is retired; author the stops array directly as the value. property-stops-wrapper at motions[0].tracks[0].keyframes.transform.values.y: The { stops: [...] } wrapper is retired; author the stops array directly as the value. property-stops-wrapper at motions[0].tracks[0].keyframes.transform.values.rotation: The { stops: [...] } wrapper is retired; author the stops array directly as the value. property-stops-wrapper at motions[0].tracks[1].keyframes.reach.values.weight: The { stops: [...] } wrapper is retired; author the stops array directly as the value.
integration (node 24)	Run npm run test:integration	 ❯ assertValidProject packages/core/src/engine.ts:101:11
integration (node 24)	Run npm run test:integration	 ❯ Engine.load packages/core/src/engine.ts:170:29
integration (node 24)	Run npm run test:integration	 ❯ load packages/core/test/integration/plugin-owned-requirements.test.ts:98:6
integration (node 24)	Run npm run test:integration	 ❯ packages/core/test/integration/plugin-owned-requirements.test.ts:162:20
integration (node 24)	Run npm run test:integration	
integration (node 24)	Run npm run test:integration	
integration (node 24)	Run npm run test:integration	2026-08-23T00:22:06.7485581Z 
integration (node 24)	Run npm run test:integration	2026-08-23T00:22:06.7493635Z ##[error]TypeError: property-stops-wrapper at motions[0].tracks[0].keyframes.transform.values.x: The { stops: [...] } wrapper is retired; author the stops array directly as the value. property-stops-wrapper at motions[0].tracks[0].keyframes.transform.values.y: The { stops: [...] } wrapper is retired; author the stops array directly as the value. property-stops-wrapper at motions[0].tracks[0].keyframes.transform.values.rotation: The { stops: [...] } wrapper is retired; author the stops array directly as the value. property-stops-wrapper at motions[0].tracks[1].keyframes.fk.values.length: The { stops: [...] } wrapper is retired; author the stops array directly as the value. property-stops-wrapper at motions[0].tracks[1].keyframes.fk.values.rotation: The { stops: [...] } wrapper is retired; author the stops array directly as the value.
integration (node 24)	Run npm run test:integration	 ❯ assertValidProject packages/core/src/engine.ts:101:11
integration (node 24)	Run npm run test:integration	 ❯ Engine.load packages/core/src/engine.ts:170:29
integration (node 24)	Run npm run test:integration	 ❯ load packages/core/test/integration/plugin-owned-requirements.test.ts:98:6
integration (node 24)	Run npm run test:integration	 ❯ packages/core/test/integration/plugin-owned-requirements.test.ts:192:20
integration (node 24)	Run npm run test:integration	
integration (node 24)	Run npm run test:integration	
integration (node 24)	Run npm run test:integration	2026-08-23T00:22:06.7494128Z 
integration (node 24)	Run npm run test:integration	2026-08-23T00:22:06.7502222Z ##[error]AssertionError: expected [Function] to throw error matching /plugin-unknown-requirement/ but got 'property-stops-wrapper at motions[0].…'
integration (node 24)	Run npm run test:integration	
integration (node 24)	Run npm run test:integration	- Expected:
integration (node 24)	Run npm run test:integration	/plugin-unknown-requirement/
integration (node 24)	Run npm run test:integration	
integration (node 24)	Run npm run test:integration	+ Received:
integration (node 24)	Run npm run test:integration	"property-stops-wrapper at motions[0].tracks[0].keyframes.transform.values.x: The { stops: [...] } wrapper is retired; author the stops array directly as the value. property-stops-wrapper at motions[0].tracks[0].keyframes.transform.values.y: The { stops: [...] } wrapper is retired; author the stops array directly as the value. property-stops-wrapper at motions[0].tracks[0].keyframes.transform.values.rotation: The { stops: [...] } wrapper is retired; author the stops array directly as the value. property-stops-wrapper at motions[0].tracks[1].keyframes.fk.values.length: The { stops: [...] } wrapper is retired; author the stops array directly as the value. property-stops-wrapper at motions[0].tracks[1].keyframes.fk.values.rotation: The { stops: [...] } wrapper is retired; author the stops array directly as the value."
integration (node 24)	Run npm run test:integration	
integration (node 24)	Run npm run test:integration	 ❯ packages/core/test/integration/plugin-owned-requirements.test.ts:213:49
integration (node 24)	Run npm run test:integration	
integration (node 24)	Run npm run test:integration	
integration (node 24)	Run npm run test:integration	2026-08-23T00:22:06.7503004Z 
integration (node 24)	Run npm run test:integration	2026-08-23T00:22:06.7505673Z ##[error]TypeError: property-stops-wrapper at motions[0].tracks[0].keyframes.x: The { stops: [...] } wrapper is retired; author the stops array directly as the value.
integration (node 24)	Run npm run test:integration	 ❯ assertValidProject packages/core/src/engine.ts:101:11
integration (node 24)	Run npm run test:integration	 ❯ Engine.load packages/core/src/engine.ts:170:29
integration (node 24)	Run npm run test:integration	 ❯ packages/core/test/integration/replace-motion-track.test.ts:27:8
integration (node 24)	Run npm run test:integration	
integration (node 24)	Run npm run test:integration	
integration (node 24)	Run npm run test:integration	2026-08-23T00:22:06.7506126Z 
integration (node 24)	Run npm run test:integration	2026-08-23T00:22:06.7510890Z ##[error]TypeError: property-stops-wrapper at motions[0].tracks[0].keyframes.x: The { stops: [...] } wrapper is retired; author the stops array directly as the value. property-stops-wrapper at motions[0].tracks[1].keyframes.x: The { stops: [...] } wrapper is retired; author the stops array directly as the value. property-stops-wrapper at motions[0].tracks[2].keyframes.x: The { stops: [...] } wrapper is retired; author the stops array directly as the value.
integration (node 24)	Run npm run test:integration	 ❯ assertValidProject packages/core/src/engine.ts:101:11
integration (node 24)	Run npm run test:integration	 ❯ Engine.load packages/core/src/engine.ts:170:29
integration (node 24)	Run npm run test:integration	 ❯ packages/core/test/integration/replace-motion-track.test.ts:64:8
integration (node 24)	Run npm run test:integration	
integration (node 24)	Run npm run test:integration	
integration (node 24)	Run npm run test:integration	2026-08-23T00:22:06.7511351Z 
integration (node 24)	Run npm run test:integration	2026-08-23T00:22:06.7514930Z ##[error]TypeError: property-stops-wrapper at motions[0].tracks[0].keyframes.x: The { stops: [...] } wrapper is retired; author the stops array directly as the value. property-stops-wrapper at motions[0].tracks[1].keyframes.x: The { stops: [...] } wrapper is retired; author the stops array directly as the value.
integration (node 24)	Run npm run test:integration	 ❯ assertValidProject packages/core/src/engine.ts:101:11
integration (node 24)	Run npm run test:integration	 ❯ Engine.load packages/core/src/engine.ts:170:29
integration (node 24)	Run npm run test:integration	 ❯ packages/core/test/integration/replace-motion-track.test.ts:91:8
integration (node 24)	Run npm run test:integration	
integration (node 24)	Run npm run test:integration	
integration (node 24)	Run npm run test:integration	2026-08-23T00:22:06.7515384Z 
integration (node 24)	Run npm run test:integration	2026-08-23T00:22:06.7518852Z ##[error]TypeError: property-stops-wrapper at motions[0].tracks[0].keyframes.x: The { stops: [...] } wrapper is retired; author the stops array directly as the value.
integration (node 24)	Run npm run test:integration	 ❯ assertValidProject packages/core/src/engine.ts:101:11
integration (node 24)	Run npm run test:integration	 ❯ Engine.load packages/core/src/engine.ts:170:29
integration (node 24)	Run npm run test:integration	 ❯ load packages/core/test/integration/replace-track-transactionality.test.ts:68:6
integration (node 24)	Run npm run test:integration	 ❯ packages/core/test/integration/replace-track-transactionality.test.ts:96:20
integration (node 24)	Run npm run test:integration	
integration (node 24)	Run npm run test:integration	
integration (node 24)	Run npm run test:integration	2026-08-23T00:22:06.7519316Z 
integration (node 24)	Run npm run test:integration	2026-08-23T00:22:06.7522677Z ##[error]TypeError: property-stops-wrapper at motions[0].tracks[0].keyframes.x: The { stops: [...] } wrapper is retired; author the stops array directly as the value.
integration (node 24)	Run npm run test:integration	 ❯ assertValidProject packages/core/src/engine.ts:101:11
integration (node 24)	Run npm run test:integration	 ❯ Engine.load packages/core/src/engine.ts:170:29
integration (node 24)	Run npm run test:integration	 ❯ load packages/core/test/integration/replace-track-transactionality.test.ts:68:6
integration (node 24)	Run npm run test:integration	 ❯ packages/core/test/integration/replace-track-transactionality.test.ts:113:20
integration (node 24)	Run npm run test:integration	
integration (node 24)	Run npm run test:integration	
integration (node 24)	Run npm run test:integration	2026-08-23T00:22:06.7523129Z 
integration (node 24)	Run npm run test:integration	2026-08-23T00:22:06.7528567Z ##[error]TypeError: property-stops-wrapper at motions[0].tracks[0].keyframes.x: The { stops: [...] } wrapper is retired; author the stops array directly as the value.
integration (node 24)	Run npm run test:integration	 ❯ assertValidProject packages/core/src/engine.ts:101:11
integration (node 24)	Run npm run test:integration	 ❯ Engine.load packages/core/src/engine.ts:170:29
integration (node 24)	Run npm run test:integration	 ❯ load packages/core/test/integration/replace-track-transactionality.test.ts:68:6
integration (node 24)	Run npm run test:integration	 ❯ packages/core/test/integration/replace-track-transactionality.test.ts:125:20
integration (node 24)	Run npm run test:integration	
integration (node 24)	Run npm run test:integration	
integration (node 24)	Run npm run test:integration	2026-08-23T00:22:06.7529126Z 
integration (node 24)	Run npm run test:integration	2026-08-23T00:22:06.7532580Z ##[error]TypeError: property-stops-wrapper at motions[0].tracks[0].keyframes.x: The { stops: [...] } wrapper is retired; author the stops array directly as the value.
integration (node 24)	Run npm run test:integration	 ❯ assertValidProject packages/core/src/engine.ts:101:11
integration (node 24)	Run npm run test:integration	 ❯ Engine.load packages/core/src/engine.ts:170:29
integration (node 24)	Run npm run test:integration	 ❯ load packages/core/test/integration/replace-track-transactionality.test.ts:68:6
integration (node 24)	Run npm run test:integration	 ❯ packages/core/test/integration/replace-track-transactionality.test.ts:143:20
integration (node 24)	Run npm run test:integration	
integration (node 24)	Run npm run test:integration	
integration (node 24)	Run npm run test:integration	2026-08-23T00:22:06.7533325Z 
integration (node 24)	Run npm run test:integration	2026-08-23T00:22:06.7536917Z ##[error]TypeError: property-stops-wrapper at addTrack(arm).keyframes.x: The { stops: [...] } wrapper is retired; author the stops array directly as the value.
integration (node 24)	Run npm run test:integration	 ❯ ProjectRuntime.#addTrack packages/core/src/runtime/project-runtime.ts:281:13
integration (node 24)	Run npm run test:integration	 ❯ ProjectRuntime.adopt packages/core/src/runtime/project-runtime.ts:247:25
integration (node 24)	Run npm run test:integration	 ❯ Object.adopt packages/core/src/engine.ts:86:47
integration (node 24)	Run npm run test:integration	 ❯ packages/core/test/integration/runtime-motion-lifecycle.test.ts:42:28
integration (node 24)	Run npm run test:integration	
integration (node 24)	Run npm run test:integration	
integration (node 24)	Run npm run test:integration	2026-08-23T00:22:06.7537388Z 
integration (node 24)	Run npm run test:integration	2026-08-23T00:22:06.7540753Z ##[error]TypeError: property-stops-wrapper at addTrack(arm).keyframes.x: The { stops: [...] } wrapper is retired; author the stops array directly as the value.
integration (node 24)	Run npm run test:integration	 ❯ ProjectRuntime.#addTrack packages/core/src/runtime/project-runtime.ts:281:13
integration (node 24)	Run npm run test:integration	 ❯ ProjectRuntime.adopt packages/core/src/runtime/project-runtime.ts:247:25
integration (node 24)	Run npm run test:integration	 ❯ Object.adopt packages/core/src/engine.ts:86:47
integration (node 24)	Run npm run test:integration	 ❯ packages/core/test/integration/runtime-motion-lifecycle.test.ts:58:28
integration (node 24)	Run npm run test:integration	
integration (node 24)	Run npm run test:integration	
integration (node 24)	Run npm run test:integration	2026-08-23T00:22:06.7541217Z 
integration (node 24)	Run npm run test:integration	2026-08-23T00:22:06.7544565Z ##[error]TypeError: property-stops-wrapper at addTrack(arm).keyframes.x: The { stops: [...] } wrapper is retired; author the stops array directly as the value.
integration (node 24)	Run npm run test:integration	 ❯ ProjectRuntime.#addTrack packages/core/src/runtime/project-runtime.ts:281:13
integration (node 24)	Run npm run test:integration	 ❯ ProjectRuntime.adopt packages/core/src/runtime/project-runtime.ts:247:25
integration (node 24)	Run npm run test:integration	 ❯ Object.adopt packages/core/src/engine.ts:86:47
integration (node 24)	Run npm run test:integration	 ❯ packages/core/test/integration/runtime-motion-lifecycle.test.ts:74:25
integration (node 24)	Run npm run test:integration	
integration (node 24)	Run npm run test:integration	
integration (node 24)	Run npm run test:integration	2026-08-23T00:22:06.7544999Z 
integration (node 24)	Run npm run test:integration	2026-08-23T00:22:06.7552924Z ##[error]TypeError: property-stops-wrapper at motions[0].tracks[0].keyframes.transform.values.x: The { stops: [...] } wrapper is retired; author the stops array directly as the value. property-stops-wrapper at motions[0].tracks[0].keyframes.transform.values.y: The { stops: [...] } wrapper is retired; author the stops array directly as the value. property-stops-wrapper at motions[0].tracks[0].keyframes.transform.values.rotation: The { stops: [...] } wrapper is retired; author the stops array directly as the value. property-stops-wrapper at motions[0].tracks[1].keyframes.fk.values.length: The { stops: [...] } wrapper is retired; author the stops array directly as the value. property-stops-wrapper at motions[0].tracks[1].keyframes.fk.values.rotation: The { stops: [...] } wrapper is retired; author the stops array directly as the value.
integration (node 24)	Run npm run test:integration	 ❯ assertValidProject packages/core/src/engine.ts:101:11
integration (node 24)	Run npm run test:integration	 ❯ Engine.load packages/core/src/engine.ts:170:29
integration (node 24)	Run npm run test:integration	 ❯ load packages/core/test/integration/single-input-channel.test.ts:45:6
integration (node 24)	Run npm run test:integration	 ❯ packages/core/test/integration/single-input-channel.test.ts:52:20
integration (node 24)	Run npm run test:integration	
integration (node 24)	Run npm run test:integration	
integration (node 24)	Run npm run test:integration	2026-08-23T00:22:06.7553429Z 
integration (node 24)	Run npm run test:integration	2026-08-23T00:22:06.7556810Z ##[error]TypeError: property-stops-wrapper at motions[0].tracks[0].keyframes.x: The { stops: [...] } wrapper is retired; author the stops array directly as the value.
integration (node 24)	Run npm run test:integration	 ❯ assertValidProject packages/core/src/engine.ts:101:11
integration (node 24)	Run npm run test:integration	 ❯ Engine.load packages/core/src/engine.ts:170:29
integration (node 24)	Run npm run test:integration	 ❯ load packages/core/test/integration/t4-runtime-motion-parity.test.ts:153:6
integration (node 24)	Run npm run test:integration	 ❯ packages/core/test/integration/t4-runtime-motion-parity.test.ts:175:22
integration (node 24)	Run npm run test:integration	
integration (node 24)	Run npm run test:integration	
integration (node 24)	Run npm run test:integration	2026-08-23T00:22:06.7557279Z 
integration (node 24)	Run npm run test:integration	2026-08-23T00:22:06.7560690Z ##[error]TypeError: property-stops-wrapper at addTrack(arm).keyframes.x: The { stops: [...] } wrapper is retired; author the stops array directly as the value.
integration (node 24)	Run npm run test:integration	 ❯ ProjectRuntime.#addTrack packages/core/src/runtime/project-runtime.ts:281:13
integration (node 24)	Run npm run test:integration	 ❯ ProjectRuntime.addTrack packages/core/src/runtime/project-runtime.ts:234:17
integration (node 24)	Run npm run test:integration	 ❯ Object.addTrack packages/core/src/engine.ts:80:43
integration (node 24)	Run npm run test:integration	 ❯ packages/core/test/integration/t4-runtime-motion-parity.test.ts:360:12
integration (node 24)	Run npm run test:integration	
integration (node 24)	Run npm run test:integration	
integration (node 24)	Run npm run test:integration	2026-08-23T00:22:06.7561123Z 
integration (node 24)	Run npm run test:integration	2026-08-23T00:22:06.7564833Z ##[error]TypeError: property-stops-wrapper at addTrack(arm).keyframes.x: The { stops: [...] } wrapper is retired; author the stops array directly as the value.
integration (node 24)	Run npm run test:integration	 ❯ ProjectRuntime.#addTrack packages/core/src/runtime/project-runtime.ts:281:13
integration (node 24)	Run npm run test:integration	 ❯ ProjectRuntime.addTrack packages/core/src/runtime/project-runtime.ts:234:17
integration (node 24)	Run npm run test:integration	 ❯ Object.addTrack packages/core/src/engine.ts:80:43
integration (node 24)	Run npm run test:integration	 ❯ packages/core/test/integration/t4-runtime-motion-parity.test.ts:397:12
integration (node 24)	Run npm run test:integration	
integration (node 24)	Run npm run test:integration	
integration (node 24)	Run npm run test:integration	2026-08-23T00:22:06.7565482Z 
integration (node 24)	Run npm run test:integration	2026-08-23T00:22:06.7568724Z ##[error]TypeError: property-stops-wrapper at motions[0].tracks[0].keyframes.x: The { stops: [...] } wrapper is retired; author the stops array directly as the value.
integration (node 24)	Run npm run test:integration	 ❯ assertValidProject packages/core/src/engine.ts:101:11
integration (node 24)	Run npm run test:integration	 ❯ Engine.load packages/core/src/engine.ts:170:29
integration (node 24)	Run npm run test:integration	 ❯ load packages/core/test/integration/trigger-scroll.test.ts:65:6
integration (node 24)	Run npm run test:integration	 ❯ packages/core/test/integration/trigger-scroll.test.ts:76:35
integration (node 24)	Run npm run test:integration	
integration (node 24)	Run npm run test:integration	
integration (node 24)	Run npm run test:integration	2026-08-23T00:22:06.7569191Z 
integration (node 24)	Run npm run test:integration	2026-08-23T00:22:06.7572261Z ##[error]TypeError: property-stops-wrapper at motions[0].tracks[0].keyframes.x: The { stops: [...] } wrapper is retired; author the stops array directly as the value.
integration (node 24)	Run npm run test:integration	 ❯ assertValidProject packages/core/src/engine.ts:101:11
integration (node 24)	Run npm run test:integration	 ❯ Engine.load packages/core/src/engine.ts:170:29
integration (node 24)	Run npm run test:integration	 ❯ load packages/core/test/integration/trigger-scroll.test.ts:65:6
integration (node 24)	Run npm run test:integration	 ❯ packages/core/test/integration/trigger-scroll.test.ts:99:24
integration (node 24)	Run npm run test:integration	
integration (node 24)	Run npm run test:integration	
integration (node 24)	Run npm run test:integration	2026-08-23T00:22:06.7572719Z 
integration (node 24)	Run npm run test:integration	2026-08-23T00:22:06.7577017Z ##[error]AssertionError: expected [Function] to throw error matching /trigger-driver-unavailable/ but got 'property-stops-wrapper at motions[0].…'
integration (node 24)	Run npm run test:integration	
integration (node 24)	Run npm run test:integration	- Expected:
integration (node 24)	Run npm run test:integration	/trigger-driver-unavailable/
integration (node 24)	Run npm run test:integration	
integration (node 24)	Run npm run test:integration	+ Received:
integration (node 24)	Run npm run test:integration	"property-stops-wrapper at motions[0].tracks[0].keyframes.x: The { stops: [...] } wrapper is retired; author the stops array directly as the value. property-stops-wrapper at motions[1].tracks[0].keyframes.x: The { stops: [...] } wrapper is retired; author the stops array directly as the value."
integration (node 24)	Run npm run test:integration	
integration (node 24)	Run npm run test:integration	 ❯ packages/core/test/integration/trigger-scroll.test.ts:133:7
integration (node 24)	Run npm run test:integration	
integration (node 24)	Run npm run test:integration	
integration (node 24)	Run npm run test:integration	2026-08-23T00:22:06.7577482Z 
integration (node 24)	Run npm run test:integration	2026-08-23T00:22:06.7580556Z ##[error]TypeError: property-stops-wrapper at motions[0].tracks[0].keyframes.x: The { stops: [...] } wrapper is retired; author the stops array directly as the value.
integration (node 24)	Run npm run test:integration	 ❯ assertValidProject packages/core/src/engine.ts:101:11
integration (node 24)	Run npm run test:integration	 ❯ Engine.load packages/core/src/engine.ts:170:29
integration (node 24)	Run npm run test:integration	 ❯ load packages/core/test/integration/trigger-scroll.test.ts:65:6
integration (node 24)	Run npm run test:integration	 ❯ packages/core/test/integration/trigger-scroll.test.ts:141:42
integration (node 24)	Run npm run test:integration	
integration (node 24)	Run npm run test:integration	
integration (node 24)	Run npm run test:integration	2026-08-23T00:22:06.7580999Z 
integration (node 24)	Run npm run test:integration	2026-08-23T00:22:06.7584063Z ##[error]TypeError: property-stops-wrapper at motions[0].tracks[0].keyframes.x: The { stops: [...] } wrapper is retired; author the stops array directly as the value.
integration (node 24)	Run npm run test:integration	 ❯ assertValidProject packages/core/src/engine.ts:101:11
integration (node 24)	Run npm run test:integration	 ❯ Engine.load packages/core/src/engine.ts:170:29
integration (node 24)	Run npm run test:integration	 ❯ load packages/core/test/integration/trigger-scroll.test.ts:65:6
integration (node 24)	Run npm run test:integration	 ❯ packages/core/test/integration/trigger-scroll.test.ts:163:24
integration (node 24)	Run npm run test:integration	
integration (node 24)	Run npm run test:integration	
integration (node 24)	Run npm run test:integration	2026-08-23T00:22:06.7584521Z 
integration (node 24)	Run npm run test:integration	2026-08-23T00:22:06.7586085Z ##[error]AssertionError: expected false to be true // Object.is equality
integration (node 24)	Run npm run test:integration	
integration (node 24)	Run npm run test:integration	- Expected
integration (node 24)	Run npm run test:integration	+ Received
integration (node 24)	Run npm run test:integration	
integration (node 24)	Run npm run test:integration	- true
integration (node 24)	Run npm run test:integration	+ false
integration (node 24)	Run npm run test:integration	
integration (node 24)	Run npm run test:integration	 ❯ packages/core/test/integration/trigger-time-loop.test.ts:98:26
integration (node 24)	Run npm run test:integration	
integration (node 24)	Run npm run test:integration	
integration (node 24)	Run npm run test:integration	2026-08-23T00:22:06.7586691Z 
integration (node 24)	Run npm run test:integration	2026-08-23T00:22:06.7589846Z ##[error]TypeError: property-stops-wrapper at motions[0].tracks[0].keyframes.x: The { stops: [...] } wrapper is retired; author the stops array directly as the value.
integration (node 24)	Run npm run test:integration	 ❯ assertValidProject packages/core/src/engine.ts:101:11
integration (node 24)	Run npm run test:integration	 ❯ Engine.load packages/core/src/engine.ts:170:29
integration (node 24)	Run npm run test:integration	 ❯ load packages/core/test/integration/trigger-time-loop.test.ts:52:91
integration (node 24)	Run npm run test:integration	 ❯ packages/core/test/integration/trigger-time-loop.test.ts:103:52
integration (node 24)	Run npm run test:integration	
integration (node 24)	Run npm run test:integration	
integration (node 24)	Run npm run test:integration	2026-08-23T00:22:06.7590304Z 
integration (node 24)	Run npm run test:integration	2026-08-23T00:22:06.7593421Z ##[error]TypeError: property-stops-wrapper at motions[0].tracks[0].keyframes.x: The { stops: [...] } wrapper is retired; author the stops array directly as the value.
integration (node 24)	Run npm run test:integration	 ❯ assertValidProject packages/core/src/engine.ts:101:11
integration (node 24)	Run npm run test:integration	 ❯ Engine.load packages/core/src/engine.ts:170:29
integration (node 24)	Run npm run test:integration	 ❯ load packages/core/test/integration/trigger-time-loop.test.ts:52:91
integration (node 24)	Run npm run test:integration	 ❯ packages/core/test/integration/trigger-time-loop.test.ts:123:22
integration (node 24)	Run npm run test:integration	
integration (node 24)	Run npm run test:integration	
integration (node 24)	Run npm run test:integration	2026-08-23T00:22:06.7594042Z 
integration (node 24)	Run npm run test:integration	2026-08-23T00:22:06.7598288Z ##[error]TypeError: property-stops-wrapper at motions[0].tracks[0].keyframes.x: The { stops: [...] } wrapper is retired; author the stops array directly as the value. property-stops-wrapper at motions[0].tracks[1].keyframes.x: The { stops: [...] } wrapper is retired; author the stops array directly as the value.
integration (node 24)	Run npm run test:integration	 ❯ assertValidProject packages/core/src/engine.ts:101:11
integration (node 24)	Run npm run test:integration	 ❯ Engine.load packages/core/src/engine.ts:170:29
integration (node 24)	Run npm run test:integration	 ❯ load packages/core/test/integration/trigger-time-loop.test.ts:52:91
integration (node 24)	Run npm run test:integration	 ❯ packages/core/test/integration/trigger-time-loop.test.ts:150:41
integration (node 24)	Run npm run test:integration	
integration (node 24)	Run npm run test:integration	
integration (node 24)	Run npm run test:integration	2026-08-23T00:22:06.7598918Z 
integration (node 24)	Run npm run test:integration	2026-08-23T00:22:06.7601551Z ##[error]TypeError: property-stops-wrapper at motions[0].tracks[0].keyframes.x: The { stops: [...] } wrapper is retired; author the stops array directly as the value.
integration (node 24)	Run npm run test:integration	 ❯ assertValidProject packages/core/src/engine.ts:101:11
integration (node 24)	Run npm run test:integration	 ❯ Engine.load packages/core/src/engine.ts:170:29
integration (node 24)	Run npm run test:integration	 ❯ packages/core/test/integration/trigger-time-loop.test.ts:179:93
integration (node 24)	Run npm run test:integration	
integration (node 24)	Run npm run test:integration	
integration (node 24)	Run npm run test:integration	2026-08-23T00:22:06.7601998Z 
integration (node 24)	Run npm run test:integration	2026-08-23T00:22:06.7605076Z ##[error]TypeError: property-stops-wrapper at motions[0].tracks[0].keyframes.x: The { stops: [...] } wrapper is retired; author the stops array directly as the value.
integration (node 24)	Run npm run test:integration	 ❯ assertValidProject packages/core/src/engine.ts:101:11
integration (node 24)	Run npm run test:integration	 ❯ Engine.load packages/core/src/engine.ts:170:29
integration (node 24)	Run npm run test:integration	 ❯ load packages/core/test/integration/trigger-time-loop.test.ts:52:91
integration (node 24)	Run npm run test:integration	 ❯ packages/core/test/integration/trigger-time-loop.test.ts:196:21
integration (node 24)	Run npm run test:integration	
integration (node 24)	Run npm run test:integration	
integration (node 24)	Run npm run test:integration	2026-08-23T00:22:06.7605521Z 
integration (node 24)	Run npm run test:integration	2026-08-23T00:22:06.7608746Z ##[error]TypeError: property-stops-wrapper at motions[0].tracks[0].keyframes.x: The { stops: [...] } wrapper is retired; author the stops array directly as the value.
integration (node 24)	Run npm run test:integration	 ❯ assertValidProject packages/core/src/engine.ts:101:11
integration (node 24)	Run npm run test:integration	 ❯ Engine.load packages/core/src/engine.ts:170:29
integration (node 24)	Run npm run test:integration	 ❯ load packages/core/test/integration/trigger-time-loop.test.ts:52:91
integration (node 24)	Run npm run test:integration	 ❯ packages/core/test/integration/trigger-time-loop.test.ts:213:41
integration (node 24)	Run npm run test:integration	
integration (node 24)	Run npm run test:integration	
integration (node 24)	Run npm run test:integration	2026-08-23T00:22:06.7609200Z 
integration (node 24)	Run npm run test:integration	2026-08-23T00:22:06.7613295Z ##[error]TypeError: property-stops-wrapper at motions[0].tracks[0].keyframes.x: The { stops: [...] } wrapper is retired; author the stops array directly as the value. property-stops-wrapper at motions[1].tracks[0].keyframes.x: The { stops: [...] } wrapper is retired; author the stops array directly as the value.
integration (node 24)	Run npm run test:integration	 ❯ assertValidProject packages/core/src/engine.ts:101:11
integration (node 24)	Run npm run test:integration	 ❯ Engine.load packages/core/src/engine.ts:170:29
integration (node 24)	Run npm run test:integration	 ❯ load packages/core/test/integration/trigger-time-loop.test.ts:52:91
integration (node 24)	Run npm run test:integration	 ❯ packages/core/test/integration/trigger-time-loop.test.ts:227:48
integration (node 24)	Run npm run test:integration	
integration (node 24)	Run npm run test:integration	
integration (node 24)	Run npm run test:integration	2026-08-23T00:22:06.7613800Z 
integration (node 24)	Run npm run test:integration	2026-08-23T00:22:06.7617010Z ##[error]TypeError: property-stops-wrapper at motions[0].tracks[0].keyframes.x: The { stops: [...] } wrapper is retired; author the stops array directly as the value.
integration (node 24)	Run npm run test:integration	 ❯ assertValidProject packages/core/src/engine.ts:101:11
integration (node 24)	Run npm run test:integration	 ❯ Engine.load packages/core/src/engine.ts:170:29
integration (node 24)	Run npm run test:integration	 ❯ loadTimeMotion packages/core/test/integration/trigger-time.test.ts:28:91
integration (node 24)	Run npm run test:integration	 ❯ packages/core/test/integration/trigger-time.test.ts:39:42
integration (node 24)	Run npm run test:integration	
integration (node 24)	Run npm run test:integration	
integration (node 24)	Run npm run test:integration	2026-08-23T00:22:06.7617480Z 
integration (node 24)	Run npm run test:integration	2026-08-23T00:22:06.7620556Z ##[error]TypeError: property-stops-wrapper at motions[0].tracks[0].keyframes.x: The { stops: [...] } wrapper is retired; author the stops array directly as the value.
integration (node 24)	Run npm run test:integration	 ❯ assertValidProject packages/core/src/engine.ts:101:11
integration (node 24)	Run npm run test:integration	 ❯ Engine.load packages/core/src/engine.ts:170:29
integration (node 24)	Run npm run test:integration	 ❯ loadTimeMotion packages/core/test/integration/trigger-time.test.ts:28:91
integration (node 24)	Run npm run test:integration	 ❯ packages/core/test/integration/trigger-time.test.ts:59:35
integration (node 24)	Run npm run test:integration	
integration (node 24)	Run npm run test:integration	
integration (node 24)	Run npm run test:integration	2026-08-23T00:22:06.7620996Z 
integration (node 24)	Run npm run test:integration	2026-08-23T00:22:06.7624071Z ##[error]TypeError: property-stops-wrapper at motions[0].tracks[0].keyframes.x: The { stops: [...] } wrapper is retired; author the stops array directly as the value.
integration (node 24)	Run npm run test:integration	 ❯ assertValidProject packages/core/src/engine.ts:101:11
integration (node 24)	Run npm run test:integration	 ❯ Engine.load packages/core/src/engine.ts:170:29
integration (node 24)	Run npm run test:integration	 ❯ loadTimeMotion packages/core/test/integration/trigger-time.test.ts:28:91
integration (node 24)	Run npm run test:integration	 ❯ packages/core/test/integration/trigger-time.test.ts:66:35
integration (node 24)	Run npm run test:integration	
integration (node 24)	Run npm run test:integration	
integration (node 24)	Run npm run test:integration	2026-08-23T00:22:06.7624511Z 
integration (node 24)	Run npm run test:integration	2026-08-23T00:22:06.7627731Z ##[error]TypeError: property-stops-wrapper at motions[0].tracks[0].keyframes.x: The { stops: [...] } wrapper is retired; author the stops array directly as the value.
integration (node 24)	Run npm run test:integration	 ❯ assertValidProject packages/core/src/engine.ts:101:11
integration (node 24)	Run npm run test:integration	 ❯ Engine.load packages/core/src/engine.ts:170:29
integration (node 24)	Run npm run test:integration	 ❯ loadTimeMotion packages/core/test/integration/trigger-time.test.ts:28:91
integration (node 24)	Run npm run test:integration	 ❯ packages/core/test/integration/trigger-time.test.ts:78:42
integration (node 24)	Run npm run test:integration	
integration (node 24)	Run npm run test:integration	
integration (node 24)	Run npm run test:integration	2026-08-23T00:22:06.7628470Z 
integration (node 24)	Run npm run test:integration	2026-08-23T00:22:06.7631062Z ##[error]TypeError: property-stops-wrapper at motions[0].tracks[0].keyframes.x: The { stops: [...] } wrapper is retired; author the stops array directly as the value.
integration (node 24)	Run npm run test:integration	 ❯ assertValidProject packages/core/src/engine.ts:101:11
integration (node 24)	Run npm run test:integration	 ❯ Engine.load packages/core/src/engine.ts:170:29
integration (node 24)	Run npm run test:integration	 ❯ packages/core/test/integration/trigger-time.test.ts:113:93
integration (node 24)	Run npm run test:integration	
integration (node 24)	Run npm run test:integration	
integration (node 24)	Run npm run test:integration	2026-08-23T00:22:06.7631492Z 
integration (node 24)	Run npm run test:integration	2026-08-23T00:22:06.7634029Z ##[error]TypeError: property-stops-wrapper at motions[1].tracks[0].keyframes.x: The { stops: [...] } wrapper is retired; author the stops array directly as the value.
integration (node 24)	Run npm run test:integration	 ❯ assertValidProject packages/core/src/engine.ts:101:11
integration (node 24)	Run npm run test:integration	 ❯ Engine.load packages/core/src/engine.ts:170:29
integration (node 24)	Run npm run test:integration	 ❯ packages/core/test/integration/trigger-time.test.ts:152:8
integration (node 24)	Run npm run test:integration	
integration (node 24)	Run npm run test:integration	
integration (node 24)	Run npm run test:integration	2026-08-23T00:22:06.7634474Z 
integration (node 24)	Run npm run test:integration	2026-08-23T00:22:06.7638904Z ##[error]TypeError: property-stops-wrapper at motions[0].tracks[0].keyframes.x: The { stops: [...] } wrapper is retired; author the stops array directly as the value. property-stops-wrapper at freeTracks[0].keyframes.x: The { stops: [...] } wrapper is retired; author the stops array directly as the value.
integration (node 24)	Run npm run test:integration	 ❯ assertValidProject packages/core/src/engine.ts:101:11
integration (node 24)	Run npm run test:integration	 ❯ Engine.load packages/core/src/engine.ts:170:29
integration (node 24)	Run npm run test:integration	 ❯ makeHandle packages/core/test/integration/unified-mutation-surface.test.ts:28:6
integration (node 24)	Run npm run test:integration	 ❯ packages/core/test/integration/unified-mutation-surface.test.ts:33:20
integration (node 24)	Run npm run test:integration	
integration (node 24)	Run npm run test:integration	
integration (node 24)	Run npm run test:integration	2026-08-23T00:22:06.7639367Z 
integration (node 24)	Run npm run test:integration	2026-08-23T00:22:06.7642776Z ##[error]TypeError: property-stops-wrapper at addTrack(arm).keyframes.x: The { stops: [...] } wrapper is retired; author the stops array directly as the value.
integration (node 24)	Run npm run test:integration	 ❯ ProjectRuntime.#addTrack packages/core/src/runtime/project-runtime.ts:281:13
integration (node 24)	Run npm run test:integration	 ❯ ProjectRuntime.addTrack packages/core/src/runtime/project-runtime.ts:234:17
integration (node 24)	Run npm run test:integration	 ❯ Object.addTrack packages/core/src/engine.ts:80:43
integration (node 24)	Run npm run test:integration	 ❯ packages/core/test/integration/unified-mutation-surface.test.ts:53:26
integration (node 24)	Run npm run test:integration	
integration (node 24)	Run npm run test:integration	
integration (node 24)	Run npm run test:integration	2026-08-23T00:22:06.7643230Z 
integration (node 24)	Run npm run test:integration	2026-08-23T00:22:06.7646757Z ##[error]TypeError: property-stops-wrapper at addTrack(arm).keyframes.x: The { stops: [...] } wrapper is retired; author the stops array directly as the value.
integration (node 24)	Run npm run test:integration	 ❯ ProjectRuntime.#addTrack packages/core/src/runtime/project-runtime.ts:281:13
integration (node 24)	Run npm run test:integration	 ❯ ProjectRuntime.addTrack packages/core/src/runtime/project-runtime.ts:234:17
integration (node 24)	Run npm run test:integration	 ❯ Object.addTrack packages/core/src/engine.ts:80:43
integration (node 24)	Run npm run test:integration	 ❯ packages/core/test/integration/unified-mutation-surface.test.ts:64:35
integration (node 24)	Run npm run test:integration	
integration (node 24)	Run npm run test:integration	
integration (node 24)	Run npm run test:integration	2026-08-23T00:22:06.7647225Z 
integration (node 24)	Run npm run test:integration	2026-08-23T00:22:06.7650655Z ##[error]TypeError: property-stops-wrapper at addTrack(root).keyframes.x: The { stops: [...] } wrapper is retired; author the stops array directly as the value.
integration (node 24)	Run npm run test:integration	 ❯ ProjectRuntime.#addTrack packages/core/src/runtime/project-runtime.ts:281:13
integration (node 24)	Run npm run test:integration	 ❯ ProjectRuntime.addTrack packages/core/src/runtime/project-runtime.ts:234:17
integration (node 24)	Run npm run test:integration	 ❯ Object.addTrack packages/core/src/engine.ts:80:43
integration (node 24)	Run npm run test:integration	 ❯ packages/core/test/integration/unified-mutation-surface.test.ts:79:25
integration (node 24)	Run npm run test:integration	
integration (node 24)	Run npm run test:integration	
integration (node 24)	Run npm run test:integration	2026-08-23T00:22:06.7651116Z 
integration (node 24)	Run npm run test:integration	2026-08-23T00:22:06.7654510Z ##[error]TypeError: property-stops-wrapper at addTrack(root).keyframes.x: The { stops: [...] } wrapper is retired; author the stops array directly as the value.
integration (node 24)	Run npm run test:integration	 ❯ ProjectRuntime.#addTrack packages/core/src/runtime/project-runtime.ts:281:13
integration (node 24)	Run npm run test:integration	 ❯ ProjectRuntime.addTrack packages/core/src/runtime/project-runtime.ts:234:17
integration (node 24)	Run npm run test:integration	 ❯ Object.addTrack packages/core/src/engine.ts:80:43
integration (node 24)	Run npm run test:integration	 ❯ packages/core/test/integration/unified-mutation-surface.test.ts:90:25
integration (node 24)	Run npm run test:integration	
integration (node 24)	Run npm run test:integration	
integration (node 24)	Run npm run test:integration	2026-08-23T00:22:06.7657930Z ##[error]Process completed with exit code 1.
end-to-end (node 24)	Run npx vitest run packages/core/test/integration/end-to-end.test.ts	﻿2026-08-23T00:22:02.6169207Z ##[group]Run npx vitest run packages/core/test/integration/end-to-end.test.ts
end-to-end (node 24)	Run npx vitest run packages/core/test/integration/end-to-end.test.ts	2026-08-23T00:22:02.6169876Z ^[[36;1mnpx vitest run packages/core/test/integration/end-to-end.test.ts^[[0m
end-to-end (node 24)	Run npx vitest run packages/core/test/integration/end-to-end.test.ts	2026-08-23T00:22:02.6210036Z shell: /usr/bin/bash -e {0}
end-to-end (node 24)	Run npx vitest run packages/core/test/integration/end-to-end.test.ts	2026-08-23T00:22:02.6210331Z env:
end-to-end (node 24)	Run npx vitest run packages/core/test/integration/end-to-end.test.ts	2026-08-23T00:22:02.6210552Z   NODE_VERSION: 24
end-to-end (node 24)	Run npx vitest run packages/core/test/integration/end-to-end.test.ts	2026-08-23T00:22:02.6210803Z ##[endgroup]
end-to-end (node 24)	Run npx vitest run packages/core/test/integration/end-to-end.test.ts	2026-08-23T00:22:03.2596534Z 
end-to-end (node 24)	Run npx vitest run packages/core/test/integration/end-to-end.test.ts	2026-08-23T00:22:03.2602498Z ^[[1m^[[30m^[[46m RUN ^[[49m^[[39m^[[22m ^[[36mv4.1.10 ^[[39m^[[90m/home/runner/work/motion5/motion5^[[39m
end-to-end (node 24)	Run npx vitest run packages/core/test/integration/end-to-end.test.ts	2026-08-23T00:22:03.2603254Z 
end-to-end (node 24)	Run npx vitest run packages/core/test/integration/end-to-end.test.ts	2026-08-23T00:22:03.8064900Z  ^[[31m❯^[[39m packages/core/test/integration/end-to-end.test.ts ^[[2m(^[[22m^[[2m1 test^[[22m^[[2m | ^[[22m^[[31m1 failed^[[39m^[[2m)^[[22m^[[32m 8^[[2mms^[[22m^[[39m
end-to-end (node 24)	Run npx vitest run packages/core/test/integration/end-to-end.test.ts	2026-08-23T00:22:03.8066727Z ^[[31m     ^[[31m×^[[31m writes authored GSAP output through a patch into the DOM adapter^[[39m^[[32m 7^[[2mms^[[22m^[[39m
end-to-end (node 24)	Run npx vitest run packages/core/test/integration/end-to-end.test.ts	2026-08-23T00:22:03.8093633Z 
end-to-end (node 24)	Run npx vitest run packages/core/test/integration/end-to-end.test.ts	2026-08-23T00:22:03.8094647Z ^[[31m⎯⎯⎯⎯⎯⎯⎯^[[39m^[[1m^[[41m Failed Tests 1 ^[[49m^[[22m^[[31m⎯⎯⎯⎯⎯⎯⎯^[[39m
end-to-end (node 24)	Run npx vitest run packages/core/test/integration/end-to-end.test.ts	2026-08-23T00:22:03.8098136Z 
end-to-end (node 24)	Run npx vitest run packages/core/test/integration/end-to-end.test.ts	2026-08-23T00:22:03.8100078Z ^[[41m^[[1m FAIL ^[[22m^[[49m packages/core/test/integration/end-to-end.test.ts^[[2m > ^[[22mreal end-to-end product path (E2)^[[2m > ^[[22mwrites authored GSAP output through a patch into the DOM adapter
end-to-end (node 24)	Run npx vitest run packages/core/test/integration/end-to-end.test.ts	2026-08-23T00:22:03.8107269Z ^[[31m^[[1mTypeError^[[22m: property-stops-wrapper at motions[0].tracks[0].keyframes.opacity: The { stops: [...] } wrapper is retired; author the stops array directly as the value.^[[39m
end-to-end (node 24)	Run npx vitest run packages/core/test/integration/end-to-end.test.ts	2026-08-23T00:22:03.8109457Z ^[[36m ^[[2m❯^[[22m assertValidProject packages/core/src/engine.ts:^[[2m101:11^[[22m^[[39m
end-to-end (node 24)	Run npx vitest run packages/core/test/integration/end-to-end.test.ts	2026-08-23T00:22:03.8193471Z     ^[[90m 99|^[[39m   ^[[35mconst^[[39m result ^[[33m=^[[39m ^[[34mvalidateV5^[[39m(project)^[[33m;^[[39m
end-to-end (node 24)	Run npx vitest run packages/core/test/integration/end-to-end.test.ts	2026-08-23T00:22:03.8195502Z     ^[[90m100|^[[39m   ^[[35mif^[[39m (^[[33m!^[[39mresult^[[33m.^[[39mvalid ^[[33m||^[[39m result^[[33m.^[[39mvalue ^[[33m===^[[39m ^[[35mnull^[[39m)
end-to-end (node 24)	Run npx vitest run packages/core/test/integration/end-to-end.test.ts	2026-08-23T00:22:03.8197583Z     ^[[90m101|^[[39m     ^[[35mthrow^[[39m ^[[35mnew^[[39m ^[[33mTypeError^[[39m(
end-to-end (node 24)	Run npx vitest run packages/core/test/integration/end-to-end.test.ts	2026-08-23T00:22:03.8198617Z     ^[[90m   |^[[39m           ^[[31m^^[[39m
end-to-end (node 24)	Run npx vitest run packages/core/test/integration/end-to-end.test.ts	2026-08-23T00:22:03.8200089Z     ^[[90m102|^[[39m       result^[[33m.^[[39mdiagnostics^[[33m.^[[39mlength ^[[33m===^[[39m ^[[34m0^[[39m
end-to-end (node 24)	Run npx vitest run packages/core/test/integration/end-to-end.test.ts	2026-08-23T00:22:03.8202696Z     ^[[90m103|^[[39m         ^[[33m?^[[39m ^[[32m"Project failed v5 validation."^[[39m
end-to-end (node 24)	Run npx vitest run packages/core/test/integration/end-to-end.test.ts	2026-08-23T00:22:03.8203324Z 
end-to-end (node 24)	Run npx vitest run packages/core/test/integration/end-to-end.test.ts	2026-08-23T00:22:03.8204680Z ^[[90m ^[[2m❯^[[22m Engine.load packages/core/src/engine.ts:^[[2m170:29^[[22m^[[39m
end-to-end (node 24)	Run npx vitest run packages/core/test/integration/end-to-end.test.ts	2026-08-23T00:22:03.8206532Z ^[[2m Test Files ^[[22m ^[[1m^[[31m1 failed^[[39m^[[22m^[[90m (1)^[[39m
end-to-end (node 24)	Run npx vitest run packages/core/test/integration/end-to-end.test.ts	2026-08-23T00:22:03.8207561Z ^[[2m      Tests ^[[22m ^[[1m^[[31m1 failed^[[39m^[[22m^[[90m (1)^[[39m
end-to-end (node 24)	Run npx vitest run packages/core/test/integration/end-to-end.test.ts	2026-08-23T00:22:03.8208305Z ^[[2m   Start at ^[[22m 00:22:03
end-to-end (node 24)	Run npx vitest run packages/core/test/integration/end-to-end.test.ts	2026-08-23T00:22:03.8209344Z ^[[90m ^[[2m❯^[[22m packages/core/test/integration/end-to-end.test.ts:^[[2m45:8^[[22m^[[39m
end-to-end (node 24)	Run npx vitest run packages/core/test/integration/end-to-end.test.ts	2026-08-23T00:22:03.8209957Z 
end-to-end (node 24)	Run npx vitest run packages/core/test/integration/end-to-end.test.ts	2026-08-23T00:22:03.8210412Z ^[[31m^[[2m⎯⎯⎯⎯⎯⎯⎯⎯⎯⎯⎯⎯⎯⎯⎯⎯⎯⎯⎯⎯⎯⎯⎯⎯[1/1]⎯^[[22m^[[39m
end-to-end (node 24)	Run npx vitest run packages/core/test/integration/end-to-end.test.ts	2026-08-23T00:22:03.8210782Z 
end-to-end (node 24)	Run npx vitest run packages/core/test/integration/end-to-end.test.ts	2026-08-23T00:22:03.8211713Z ^[[2m   Duration ^[[22m 527ms^[[2m (transform 308ms, setup 18ms, import 364ms, tests 8ms, environment 0ms)^[[22m
end-to-end (node 24)	Run npx vitest run packages/core/test/integration/end-to-end.test.ts	2026-08-23T00:22:03.8212442Z 
end-to-end (node 24)	Run npx vitest run packages/core/test/integration/end-to-end.test.ts	2026-08-23T00:22:03.8224595Z 
end-to-end (node 24)	Run npx vitest run packages/core/test/integration/end-to-end.test.ts	2026-08-23T00:22:03.8257869Z ##[error]TypeError: property-stops-wrapper at motions[0].tracks[0].keyframes.opacity: The { stops: [...] } wrapper is retired; author the stops array directly as the value.
end-to-end (node 24)	Run npx vitest run packages/core/test/integration/end-to-end.test.ts	 ❯ assertValidProject packages/core/src/engine.ts:101:11
end-to-end (node 24)	Run npx vitest run packages/core/test/integration/end-to-end.test.ts	 ❯ Engine.load packages/core/src/engine.ts:170:29
end-to-end (node 24)	Run npx vitest run packages/core/test/integration/end-to-end.test.ts	 ❯ packages/core/test/integration/end-to-end.test.ts:45:8
end-to-end (node 24)	Run npx vitest run packages/core/test/integration/end-to-end.test.ts	
end-to-end (node 24)	Run npx vitest run packages/core/test/integration/end-to-end.test.ts	
end-to-end (node 24)	Run npx vitest run packages/core/test/integration/end-to-end.test.ts	2026-08-23T00:22:03.8671034Z ##[error]Process completed with exit code 1.
quality (node 24)	Run npm run typecheck	﻿2026-08-23T00:21:59.0792862Z ##[group]Run npm run typecheck
quality (node 24)	Run npm run typecheck	2026-08-23T00:21:59.0793272Z ^[[36;1mnpm run typecheck^[[0m
quality (node 24)	Run npm run typecheck	2026-08-23T00:21:59.0837987Z shell: /usr/bin/bash -e {0}
quality (node 24)	Run npm run typecheck	2026-08-23T00:21:59.0838534Z env:
quality (node 24)	Run npm run typecheck	2026-08-23T00:21:59.0838786Z   NODE_VERSION: 24
quality (node 24)	Run npm run typecheck	2026-08-23T00:21:59.0839058Z ##[endgroup]
quality (node 24)	Run npm run typecheck	2026-08-23T00:21:59.1699755Z 
quality (node 24)	Run npm run typecheck	2026-08-23T00:21:59.1700504Z > motion5@0.0.0 typecheck
quality (node 24)	Run npm run typecheck	2026-08-23T00:21:59.1701076Z > tsc --noEmit -p tsconfig.json
quality (node 24)	Run npm run typecheck	2026-08-23T00:21:59.1701363Z 
quality (node 24)	Run npm run typecheck	2026-08-23T00:22:02.0357007Z ##[error]packages/core/test/contract/graph-builder-incremental.test.ts(20,17): error TS2353: Object literal may only specify known properties, and 'stops' does not exist in type 'readonly AuthoredStop[] | AuthoredPluginGroup'.
quality (node 24)	Run npm run typecheck	2026-08-23T00:22:02.0365282Z ##[error]packages/core/test/contract/graph-builder-incremental.test.ts(35,13): error TS2353: Object literal may only specify known properties, and 'stops' does not exist in type 'readonly AuthoredStop[] | AuthoredPluginGroup'.
quality (node 24)	Run npm run typecheck	2026-08-23T00:22:02.0367588Z ##[error]packages/core/test/contract/graph-builder-incremental.test.ts(68,11): error TS2353: Object literal may only specify known properties, and 'stops' does not exist in type 'readonly AuthoredStop[] | AuthoredPluginGroup'.
quality (node 24)	Run npm run typecheck	2026-08-23T00:22:02.0369852Z ##[error]packages/core/test/integration/adopt-destroy-readopt.test.ts(40,34): error TS2345: Argument of type '{ id: string; keyframes: { x: { stops: { p: number; v: number; }[]; }; }; }' is not assignable to parameter of type 'TrackDefinition'.
quality (node 24)	Run npm run typecheck	2026-08-23T00:22:02.0370967Z   Types of property 'keyframes' are incompatible.
quality (node 24)	Run npm run typecheck	2026-08-23T00:22:02.0371520Z     Type '{ x: { stops: { p: number; v: number; }[]; }; }' is not assignable to type 'Readonly<Record<string, AuthoredKeyframe>>'.
quality (node 24)	Run npm run typecheck	2026-08-23T00:22:02.0372004Z       Property 'x' is incompatible with index signature.
quality (node 24)	Run npm run typecheck	2026-08-23T00:22:02.0372418Z         Type '{ stops: { p: number; v: number; }[]; }' is not assignable to type 'AuthoredKeyframe'.
quality (node 24)	Run npm run typecheck	2026-08-23T00:22:02.0373756Z ##[error]packages/core/test/integration/adopt-destroy-readopt.test.ts(62,36): error TS2345: Argument of type '{ id: string; keyframes: { x: { stops: { p: number; v: number; }[]; }; }; }' is not assignable to parameter of type 'TrackDefinition'.
quality (node 24)	Run npm run typecheck	2026-08-23T00:22:02.0374800Z   Types of property 'keyframes' are incompatible.
quality (node 24)	Run npm run typecheck	2026-08-23T00:22:02.0375308Z     Type '{ x: { stops: { p: number; v: number; }[]; }; }' is not assignable to type 'Readonly<Record<string, AuthoredKeyframe>>'.
quality (node 24)	Run npm run typecheck	2026-08-23T00:22:02.0375768Z       Property 'x' is incompatible with index signature.
quality (node 24)	Run npm run typecheck	2026-08-23T00:22:02.0376164Z         Type '{ stops: { p: number; v: number; }[]; }' is not assignable to type 'AuthoredKeyframe'.
quality (node 24)	Run npm run typecheck	2026-08-23T00:22:02.0377393Z ##[error]packages/core/test/integration/adopted-track-immutability.test.ts(30,20): error TS2322: Type '{ stops: { p: number; v: number; }[]; }' is not assignable to type 'AuthoredKeyframe'.
quality (node 24)	Run npm run typecheck	2026-08-23T00:22:02.0379211Z ##[error]packages/core/test/integration/adopted-track-immutability.test.ts(42,38): error TS2339: Property 'stops' does not exist on type 'AuthoredProperty'.
quality (node 24)	Run npm run typecheck	2026-08-23T00:22:02.0380140Z   Property 'stops' does not exist on type 'string'.
quality (node 24)	Run npm run typecheck	2026-08-23T00:22:02.0380962Z ##[error]packages/core/test/integration/adopted-track-immutability.test.ts(43,38): error TS2339: Property 'stops' does not exist on type 'AuthoredProperty'.
quality (node 24)	Run npm run typecheck	2026-08-23T00:22:02.0381858Z   Property 'stops' does not exist on type 'string'.
quality (node 24)	Run npm run typecheck	2026-08-23T00:22:02.0382777Z ##[error]packages/core/test/integration/adopted-track-immutability.test.ts(54,20): error TS2322: Type '{ stops: { p: number; v: number; }[]; }' is not assignable to type 'AuthoredKeyframe'.
quality (node 24)	Run npm run typecheck	2026-08-23T00:22:02.0384276Z ##[error]packages/core/test/integration/adopted-track-immutability.test.ts(60,15): error TS2339: Property 'stops' does not exist on type 'AuthoredProperty'.
quality (node 24)	Run npm run typecheck	2026-08-23T00:22:02.0385182Z   Property 'stops' does not exist on type 'string'.
quality (node 24)	Run npm run typecheck	2026-08-23T00:22:02.0386112Z ##[error]packages/core/test/integration/adopted-track-immutability.test.ts(79,60): error TS2322: Type '{ stops: { p: number; v: number; }[]; }' is not assignable to type 'AuthoredKeyframe'.
quality (node 24)	Run npm run typecheck	2026-08-23T00:22:02.0388248Z ##[error]packages/core/test/integration/adopted-track-immutability.test.ts(87,63): error TS2322: Type '{ stops: { p: number; v: number; }[]; }' is not assignable to type 'AuthoredKeyframe'.
quality (node 24)	Run npm run typecheck	2026-08-23T00:22:02.0392209Z ##[error]packages/core/test/integration/adoption.test.ts(78,52): error TS2353: Object literal may only specify known properties, and 'stops' does not exist in type 'readonly AuthoredStop[] | AuthoredPluginGroup'.
quality (node 24)	Run npm run typecheck	2026-08-23T00:22:02.0394098Z ##[error]packages/core/test/integration/adoption.test.ts(91,15): error TS2353: Object literal may only specify known properties, and 'stops' does not exist in type 'readonly AuthoredStop[] | AuthoredPluginGroup'.
quality (node 24)	Run npm run typecheck	2026-08-23T00:22:02.0395932Z ##[error]packages/core/test/integration/adoption.test.ts(112,15): error TS2353: Object literal may only specify known properties, and 'stops' does not exist in type 'readonly AuthoredStop[] | AuthoredPluginGroup'.
quality (node 24)	Run npm run typecheck	2026-08-23T00:22:02.0398015Z ##[error]packages/core/test/integration/end-to-end.test.ts(21,15): error TS2353: Object literal may only specify known properties, and 'stops' does not exist in type 'readonly AuthoredStop[] | AuthoredPluginGroup'.
quality (node 24)	Run npm run typecheck	2026-08-23T00:22:02.0399902Z ##[error]packages/core/test/integration/engine-headless.test.ts(19,15): error TS2353: Object literal may only specify known properties, and 'stops' does not exist in type 'readonly AuthoredStop[] | AuthoredPluginGroup'.
quality (node 24)	Run npm run typecheck	2026-08-23T00:22:02.0401989Z ##[error]packages/core/test/integration/engine-x3-contribution.test.ts(34,70): error TS2322: Type 'Mock<() => { keyframes: { derived: { stops: { p: number; v: number; }[]; }; }; tweenVars: { overwrite: string; }; }>' is not assignable to type 'PluginContributor | undefined'.
quality (node 24)	Run npm run typecheck	2026-08-23T00:22:02.0403397Z   Type 'Mock<() => { keyframes: { derived: { stops: { p: number; v: number; }[]; }; }; tweenVars: { overwrite: string; }; }>' is not assignable to type 'PluginContributor'.
quality (node 24)	Run npm run typecheck	2026-08-23T00:22:02.0404275Z     Call signature return types '{ keyframes: { derived: { stops: { p: number; v: number; }[]; }; }; tweenVars: { overwrite: string; }; }' and 'Contribution | undefined' are incompatible.
quality (node 24)	Run npm run typecheck	2026-08-23T00:22:02.0404903Z       The types of 'keyframes' are incompatible between these types.
quality (node 24)	Run npm run typecheck	2026-08-23T00:22:02.0405475Z         Type '{ derived: { stops: { p: number; v: number; }[]; }; }' is not assignable to type 'Readonly<Record<string, AuthoredProperty>>'.
quality (node 24)	Run npm run typecheck	2026-08-23T00:22:02.0405983Z           Property 'derived' is incompatible with index signature.
quality (node 24)	Run npm run typecheck	2026-08-23T00:22:02.0406436Z             Type '{ stops: { p: number; v: number; }[]; }' is not assignable to type 'AuthoredProperty'.
quality (node 24)	Run npm run typecheck	2026-08-23T00:22:02.0407899Z ##[error]packages/core/test/integration/engine-x3-contribution.test.ts(62,7): error TS2322: Type 'Mock<() => { keyframes: { derived: { stops: { p: number; v: number; }[]; }; }; }>' is not assignable to type 'PluginContributor | undefined'.
quality (node 24)	Run npm run typecheck	2026-08-23T00:22:02.0409146Z   Type 'Mock<() => { keyframes: { derived: { stops: { p: number; v: number; }[]; }; }; }>' is not assignable to type 'PluginContributor'.
quality (node 24)	Run npm run typecheck	2026-08-23T00:22:02.0409843Z     Call signature return types '{ keyframes: { derived: { stops: { p: number; v: number; }[]; }; }; }' and 'Contribution | undefined' are incompatible.
quality (node 24)	Run npm run typecheck	2026-08-23T00:22:02.0410387Z       The types of 'keyframes' are incompatible between these types.
quality (node 24)	Run npm run typecheck	2026-08-23T00:22:02.0410915Z         Type '{ derived: { stops: { p: number; v: number; }[]; }; }' is not assignable to type 'Readonly<Record<string, AuthoredProperty>>'.
quality (node 24)	Run npm run typecheck	2026-08-23T00:22:02.0411407Z           Property 'derived' is incompatible with index signature.
quality (node 24)	Run npm run typecheck	2026-08-23T00:22:02.0411830Z             Type '{ stops: { p: number; v: number; }[]; }' is not assignable to type 'AuthoredProperty'.
quality (node 24)	Run npm run typecheck	2026-08-23T00:22:02.0413067Z ##[error]packages/core/test/integration/engine-x3-contribution.test.ts(69,7): error TS2322: Type 'Mock<() => { keyframes: { derived: { stops: { p: number; v: number; }[]; }; }; }>' is not assignable to type 'PluginContributor | undefined'.
quality (node 24)	Run npm run typecheck	2026-08-23T00:22:02.0414496Z   Type 'Mock<() => { keyframes: { derived: { stops: { p: number; v: number; }[]; }; }; }>' is not assignable to type 'PluginContributor'.
quality (node 24)	Run npm run typecheck	2026-08-23T00:22:02.0415277Z     Call signature return types '{ keyframes: { derived: { stops: { p: number; v: number; }[]; }; }; }' and 'Contribution | undefined' are incompatible.
quality (node 24)	Run npm run typecheck	2026-08-23T00:22:02.0415804Z       The types of 'keyframes' are incompatible between these types.
quality (node 24)	Run npm run typecheck	2026-08-23T00:22:02.0416348Z         Type '{ derived: { stops: { p: number; v: number; }[]; }; }' is not assignable to type 'Readonly<Record<string, AuthoredProperty>>'.
quality (node 24)	Run npm run typecheck	2026-08-23T00:22:02.0416855Z           Property 'derived' is incompatible with index signature.
quality (node 24)	Run npm run typecheck	2026-08-23T00:22:02.0417431Z             Type '{ stops: { p: number; v: number; }[]; }' is not assignable to type 'AuthoredProperty'.
quality (node 24)	Run npm run typecheck	2026-08-23T00:22:02.0418630Z ##[error]packages/core/test/integration/engine-x3-contribution.test.ts(89,7): error TS2322: Type '() => { keyframes: { derived: { stops: { p: number; v: number; }[]; }; }; }' is not assignable to type 'PluginContributor'.
quality (node 24)	Run npm run typecheck	2026-08-23T00:22:02.0419875Z   Call signature return types '{ keyframes: { derived: { stops: { p: number; v: number; }[]; }; }; }' and 'Contribution | undefined' are incompatible.
quality (node 24)	Run npm run typecheck	2026-08-23T00:22:02.0420403Z     The types of 'keyframes' are incompatible between these types.
quality (node 24)	Run npm run typecheck	2026-08-23T00:22:02.0420919Z       Type '{ derived: { stops: { p: number; v: number; }[]; }; }' is not assignable to type 'Readonly<Record<string, AuthoredProperty>>'.
quality (node 24)	Run npm run typecheck	2026-08-23T00:22:02.0421411Z         Property 'derived' is incompatible with index signature.
quality (node 24)	Run npm run typecheck	2026-08-23T00:22:02.0421830Z           Type '{ stops: { p: number; v: number; }[]; }' is not assignable to type 'AuthoredProperty'.
quality (node 24)	Run npm run typecheck	2026-08-23T00:22:02.0423286Z ##[error]packages/core/test/integration/engine-x3-contribution.test.ts(142,7): error TS2322: Type '() => { keyframes: { derived: { stops: ({ p: number; v: number; ease?: undefined; } | { p: number; v: number; ease: string; })[]; }; }; }' is not assignable to type 'PluginContributor'.
quality (node 24)	Run npm run typecheck	2026-08-23T00:22:02.0424837Z   Call signature return types '{ keyframes: { derived: { stops: ({ p: number; v: number; ease?: undefined; } | { p: number; v: number; ease: string; })[]; }; }; }' and 'Contribution | undefined' are incompatible.
quality (node 24)	Run npm run typecheck	2026-08-23T00:22:02.0425492Z     The types of 'keyframes' are incompatible between these types.
quality (node 24)	Run npm run typecheck	2026-08-23T00:22:02.0426147Z       Type '{ derived: { stops: ({ p: number; v: number; ease?: undefined; } | { p: number; v: number; ease: string; })[]; }; }' is not assignable to type 'Readonly<Record<string, AuthoredProperty>>'.
quality (node 24)	Run npm run typecheck	2026-08-23T00:22:02.0426754Z         Property 'derived' is incompatible with index signature.
quality (node 24)	Run npm run typecheck	2026-08-23T00:22:02.0427466Z           Type '{ stops: ({ p: number; v: number; ease?: undefined; } | { p: number; v: number; ease: string; })[]; }' is not assignable to type 'AuthoredProperty'.
quality (node 24)	Run npm run typecheck	2026-08-23T00:22:02.0428862Z ##[error]packages/core/test/integration/handle-adoption.test.ts(57,31): error TS2345: Argument of type '{ id: string; keyframes: { x: { stops: { p: number; v: number; }[]; }; }; }' is not assignable to parameter of type 'TrackDefinition'.
quality (node 24)	Run npm run typecheck	2026-08-23T00:22:02.0429969Z   Types of property 'keyframes' are incompatible.
quality (node 24)	Run npm run typecheck	2026-08-23T00:22:02.0430454Z     Type '{ x: { stops: { p: number; v: number; }[]; }; }' is not assignable to type 'Readonly<Record<string, AuthoredKeyframe>>'.
quality (node 24)	Run npm run typecheck	2026-08-23T00:22:02.0430903Z       Property 'x' is incompatible with index signature.
quality (node 24)	Run npm run typecheck	2026-08-23T00:22:02.0431322Z         Type '{ stops: { p: number; v: number; }[]; }' is not assignable to type 'AuthoredKeyframe'.
quality (node 24)	Run npm run typecheck	2026-08-23T00:22:02.0432627Z ##[error]packages/core/test/integration/handle-adoption.test.ts(74,13): error TS2353: Object literal may only specify known properties, and 'stops' does not exist in type 'readonly AuthoredStop[] | AuthoredPluginGroup'.
quality (node 24)	Run npm run typecheck	2026-08-23T00:22:02.0434268Z ##[error]packages/core/test/integration/internal-key-strip.test.ts(28,44): error TS2322: Type '{ stops: { p: number; v: number; }[]; }' is not assignable to type 'AuthoredKeyframe'.
quality (node 24)	Run npm run typecheck	2026-08-23T00:22:02.0435994Z ##[error]packages/core/test/integration/issue-114-motion-track-regressions.test.ts(16,78): error TS2322: Type '{ stops: { p: number; v: number; }[]; }' is not assignable to type 'AuthoredKeyframe'.
quality (node 24)	Run npm run typecheck	2026-08-23T00:22:02.0438291Z ##[error]packages/core/test/integration/keyframe-groups.test.ts(56,35): error TS2322: Type '{ values: { boneLength: { stops: { p: number; v: number; }[]; }; boneRotation: { stops: { p: number; v: number; }[]; }; }; }' is not assignable to type 'AuthoredKeyframe'.
quality (node 24)	Run npm run typecheck	2026-08-23T00:22:02.0439365Z   Types of property 'values' are incompatible.
quality (node 24)	Run npm run typecheck	2026-08-23T00:22:02.0440134Z     Type '{ boneLength: { stops: { p: number; v: number; }[]; }; boneRotation: { stops: { p: number; v: number; }[]; }; }' is not assignable to type 'Readonly<Record<string, AuthoredProperty>> | (() => ArrayIterator<AuthoredStop>) | undefined'.
quality (node 24)	Run npm run typecheck	2026-08-23T00:22:02.0441142Z       Type '{ boneLength: { stops: { p: number; v: number; }[]; }; boneRotation: { stops: { p: number; v: number; }[]; }; }' is not assignable to type 'Readonly<Record<string, AuthoredProperty>>'.
quality (node 24)	Run npm run typecheck	2026-08-23T00:22:02.0441757Z         Property 'boneLength' is incompatible with index signature.
quality (node 24)	Run npm run typecheck	2026-08-23T00:22:02.0442195Z           Type '{ stops: { p: number; v: number; }[]; }' is not assignable to type 'AuthoredProperty'.
quality (node 24)	Run npm run typecheck	2026-08-23T00:22:02.0443304Z ##[error]packages/core/test/integration/keyframe-groups.test.ts(70,35): error TS2322: Type '{ values: { boneLength: { stops: { p: number; v: number; }[]; }; }; }' is not assignable to type 'AuthoredKeyframe'.
quality (node 24)	Run npm run typecheck	2026-08-23T00:22:02.0444262Z   Types of property 'values' are incompatible.
quality (node 24)	Run npm run typecheck	2026-08-23T00:22:02.0444881Z     Type '{ boneLength: { stops: { p: number; v: number; }[]; }; }' is not assignable to type 'Readonly<Record<string, AuthoredProperty>> | (() => ArrayIterator<AuthoredStop>) | undefined'.
quality (node 24)	Run npm run typecheck	2026-08-23T00:22:02.0445472Z       Types of property 'boneLength' are incompatible.
quality (node 24)	Run npm run typecheck	2026-08-23T00:22:02.0445898Z         Type '{ stops: { p: number; v: number; }[]; }' is not assignable to type 'AuthoredProperty | undefined'.
quality (node 24)	Run npm run typecheck	2026-08-23T00:22:02.0446894Z ##[error]packages/core/test/integration/keyframe-groups.test.ts(81,33): error TS2322: Type '{ stops: { p: number; v: number; }[]; }' is not assignable to type 'AuthoredKeyframe'.
quality (node 24)	Run npm run typecheck	2026-08-23T00:22:02.0448711Z ##[error]packages/core/test/integration/keyframe-groups.test.ts(83,36): error TS2322: Type '{ values: { boneLength: { stops: { p: number; v: number; }[]; }; }; }' is not assignable to type 'AuthoredKeyframe'.
quality (node 24)	Run npm run typecheck	2026-08-23T00:22:02.0449672Z   Types of property 'values' are incompatible.
quality (node 24)	Run npm run typecheck	2026-08-23T00:22:02.0450302Z     Type '{ boneLength: { stops: { p: number; v: number; }[]; }; }' is not assignable to type 'Readonly<Record<string, AuthoredProperty>> | (() => ArrayIterator<AuthoredStop>) | undefined'.
quality (node 24)	Run npm run typecheck	2026-08-23T00:22:02.0451072Z       Type '{ boneLength: { stops: { p: number; v: number; }[]; }; }' is not assignable to type 'Readonly<Record<string, AuthoredProperty>>'.
quality (node 24)	Run npm run typecheck	2026-08-23T00:22:02.0451585Z         Property 'boneLength' is incompatible with index signature.
quality (node 24)	Run npm run typecheck	2026-08-23T00:22:02.0452022Z           Type '{ stops: { p: number; v: number; }[]; }' is not assignable to type 'AuthoredProperty'.
quality (node 24)	Run npm run typecheck	2026-08-23T00:22:02.0453176Z ##[error]packages/core/test/integration/motion-trigger-types.test.ts(50,34): error TS2322: Type '{ id: string; keyframes: { x: { stops: { p: number; v: number; }[]; }; }; }' is not assignable to type 'TrackDefinition'.
quality (node 24)	Run npm run typecheck	2026-08-23T00:22:02.0454153Z   Types of property 'keyframes' are incompatible.
quality (node 24)	Run npm run typecheck	2026-08-23T00:22:02.0454627Z     Type '{ x: { stops: { p: number; v: number; }[]; }; }' is not assignable to type 'Readonly<Record<string, AuthoredKeyframe>>'.
quality (node 24)	Run npm run typecheck	2026-08-23T00:22:02.0455080Z       Property 'x' is incompatible with index signature.
quality (node 24)	Run npm run typecheck	2026-08-23T00:22:02.0455497Z         Type '{ stops: { p: number; v: number; }[]; }' is not assignable to type 'AuthoredKeyframe'.
quality (node 24)	Run npm run typecheck	2026-08-23T00:22:02.0457026Z ##[error]packages/core/test/integration/mutation-transactionality.test.ts(49,5): error TS2322: Type '{ values: { x: { stops: { p: number; v: number; }[]; }; y: { stops: { p: number; v: number; }[]; }; rotation: { stops: { p: number; v: number; }[]; }; }; }' is not assignable to type 'AuthoredKeyframe'.
quality (node 24)	Run npm run typecheck	2026-08-23T00:22:02.0458582Z   Types of property 'values' are incompatible.
quality (node 24)	Run npm run typecheck	2026-08-23T00:22:02.0459378Z     Type '{ x: { stops: { p: number; v: number; }[]; }; y: { stops: { p: number; v: number; }[]; }; rotation: { stops: { p: number; v: number; }[]; }; }' is not assignable to type 'Readonly<Record<string, AuthoredProperty>> | (() => ArrayIterator<AuthoredStop>) | undefined'.
quality (node 24)	Run npm run typecheck	2026-08-23T00:22:02.0460095Z       Types of property 'x' are incompatible.
quality (node 24)	Run npm run typecheck	2026-08-23T00:22:02.0460513Z         Type '{ stops: { p: number; v: number; }[]; }' is not assignable to type 'AuthoredProperty | undefined'.
quality (node 24)	Run npm run typecheck	2026-08-23T00:22:02.0462018Z ##[error]packages/core/test/integration/mutation-transactionality.test.ts(61,5): error TS2322: Type '{ values: { length: { stops: { p: number; v: number; }[]; }; rotation: { stops: { p: number; v: number; }[]; }; }; requires: { base: string; }; }' is not assignable to type 'AuthoredKeyframe'.
quality (node 24)	Run npm run typecheck	2026-08-23T00:22:02.0463137Z   Types of property 'values' are incompatible.
quality (node 24)	Run npm run typecheck	2026-08-23T00:22:02.0463857Z     Type '{ length: { stops: { p: number; v: number; }[]; }; rotation: { stops: { p: number; v: number; }[]; }; }' is not assignable to type 'Readonly<Record<string, AuthoredProperty>> | (() => ArrayIterator<AuthoredStop>) | undefined'.
quality (node 24)	Run npm run typecheck	2026-08-23T00:22:02.0464511Z       Types of property 'length' are incompatible.
quality (node 24)	Run npm run typecheck	2026-08-23T00:22:02.0464928Z         Type '{ stops: { p: number; v: number; }[]; }' is not assignable to type 'AuthoredProperty | undefined'.
quality (node 24)	Run npm run typecheck	2026-08-23T00:22:02.0465951Z ##[error]packages/core/test/integration/mutation-transactionality.test.ts(114,20): error TS2322: Type '{ stops: { p: number; v: number; }[]; }' is not assignable to type 'AuthoredKeyframe'.
quality (node 24)	Run npm run typecheck	2026-08-23T00:22:02.0467632Z ##[error]packages/core/test/integration/mutation-transactionality.test.ts(120,66): error TS2322: Type '{ stops: { p: number; v: number; }[]; }' is not assignable to type 'AuthoredKeyframe'.
quality (node 24)	Run npm run typecheck	2026-08-23T00:22:02.0469168Z ##[error]packages/core/test/integration/mutation-transactionality.test.ts(136,20): error TS2322: Type '{ stops: { p: number; v: number; }[]; }' is not assignable to type 'AuthoredKeyframe'.
quality (node 24)	Run npm run typecheck	2026-08-23T00:22:02.0470693Z ##[error]packages/core/test/integration/mutation-transactionality.test.ts(141,65): error TS2322: Type '{ stops: { p: number; v: number; }[]; }' is not assignable to type 'AuthoredKeyframe'.
quality (node 24)	Run npm run typecheck	2026-08-23T00:22:02.0472485Z ##[error]packages/core/test/integration/observation-identity.test.ts(35,9): error TS2353: Object literal may only specify known properties, and 'stops' does not exist in type 'readonly AuthoredStop[] | AuthoredPluginGroup'.
quality (node 24)	Run npm run typecheck	2026-08-23T00:22:02.0474106Z ##[error]packages/core/test/integration/option-c-track-resolution.test.ts(17,78): error TS2322: Type '{ stops: { p: number; v: number; }[]; }' is not assignable to type 'AuthoredKeyframe'.
quality (node 24)	Run npm run typecheck	2026-08-23T00:22:02.0476143Z ##[error]packages/core/test/integration/per-plugin-key-ownership.test.ts(38,5): error TS2322: Type '{ values: { length: { stops: { p: number; v: number; }[]; }; rotation: { stops: { p: number; v: number; }[]; }; }; requires: { base: string; }; }' is not assignable to type 'AuthoredKeyframe'.
quality (node 24)	Run npm run typecheck	2026-08-23T00:22:02.0477442Z   Types of property 'values' are incompatible.
quality (node 24)	Run npm run typecheck	2026-08-23T00:22:02.0478167Z     Type '{ length: { stops: { p: number; v: number; }[]; }; rotation: { stops: { p: number; v: number; }[]; }; }' is not assignable to type 'Readonly<Record<string, AuthoredProperty>> | (() => ArrayIterator<AuthoredStop>) | undefined'.
quality (node 24)	Run npm run typecheck	2026-08-23T00:22:02.0478822Z       Types of property 'length' are incompatible.
quality (node 24)	Run npm run typecheck	2026-08-23T00:22:02.0479248Z         Type '{ stops: { p: number; v: number; }[]; }' is not assignable to type 'AuthoredProperty | undefined'.
quality (node 24)	Run npm run typecheck	2026-08-23T00:22:02.0480752Z ##[error]packages/core/test/integration/per-plugin-key-ownership.test.ts(53,15): error TS2322: Type '{ values: { x: { stops: { p: number; v: number; }[]; }; y: { stops: { p: number; v: number; }[]; }; rotation: { stops: { p: number; v: number; }[]; }; }; }' is not assignable to type 'AuthoredKeyframe'.
quality (node 24)	Run npm run typecheck	2026-08-23T00:22:02.0481980Z   Types of property 'values' are incompatible.
quality (node 24)	Run npm run typecheck	2026-08-23T00:22:02.0482868Z     Type '{ x: { stops: { p: number; v: number; }[]; }; y: { stops: { p: number; v: number; }[]; }; rotation: { stops: { p: number; v: number; }[]; }; }' is not assignable to type 'Readonly<Record<string, AuthoredProperty>> | (() => ArrayIterator<AuthoredStop>) | undefined'.
quality (node 24)	Run npm run typecheck	2026-08-23T00:22:02.0483569Z       Types of property 'x' are incompatible.
quality (node 24)	Run npm run typecheck	2026-08-23T00:22:02.0483982Z         Type '{ stops: { p: number; v: number; }[]; }' is not assignable to type 'AuthoredProperty | undefined'.
quality (node 24)	Run npm run typecheck	2026-08-23T00:22:02.0485262Z ##[error]packages/core/test/integration/per-plugin-key-ownership.test.ts(116,9): error TS2322: Type '{ values: { length: { stops: { p: number; v: number; }[]; }; }; requires: { base: string; }; }' is not assignable to type 'AuthoredKeyframe'.
quality (node 24)	Run npm run typecheck	2026-08-23T00:22:02.0486281Z   Types of property 'values' are incompatible.
quality (node 24)	Run npm run typecheck	2026-08-23T00:22:02.0486884Z     Type '{ length: { stops: { p: number; v: number; }[]; }; }' is not assignable to type 'Readonly<Record<string, AuthoredProperty>> | (() => ArrayIterator<AuthoredStop>) | undefined'.
quality (node 24)	Run npm run typecheck	2026-08-23T00:22:02.0487629Z       Types of property 'length' are incompatible.
quality (node 24)	Run npm run typecheck	2026-08-23T00:22:02.0488046Z         Type '{ stops: { p: number; v: number; }[]; }' is not assignable to type 'AuthoredProperty | undefined'.
quality (node 24)	Run npm run typecheck	2026-08-23T00:22:02.0489100Z ##[error]packages/core/test/integration/per-plugin-key-ownership.test.ts(117,9): error TS2322: Type '{ stops: { p: number; v: number; }[]; }' is not assignable to type 'AuthoredKeyframe'.
quality (node 24)	Run npm run typecheck	2026-08-23T00:22:02.0490905Z ##[error]packages/core/test/integration/phase0-red-baseline.test.ts(24,19): error TS2353: Object literal may only specify known properties, and 'stops' does not exist in type 'readonly AuthoredStop[] | AuthoredPluginGroup'.
quality (node 24)	Run npm run typecheck	2026-08-23T00:22:02.0492756Z ##[error]packages/core/test/integration/phase0-red-baseline.test.ts(71,19): error TS2353: Object literal may only specify known properties, and 'stops' does not exist in type 'readonly AuthoredStop[] | AuthoredPluginGroup'.
quality (node 24)	Run npm run typecheck	2026-08-23T00:22:02.0494622Z ##[error]packages/core/test/integration/phase0-red-baseline.test.ts(82,19): error TS2353: Object literal may only specify known properties, and 'stops' does not exist in type 'readonly AuthoredStop[] | AuthoredPluginGroup'.
quality (node 24)	Run npm run typecheck	2026-08-23T00:22:02.0496497Z ##[error]packages/core/test/integration/phase0-red-baseline.test.ts(147,15): error TS2353: Object literal may only specify known properties, and 'stops' does not exist in type 'readonly AuthoredStop[] | AuthoredPluginGroup'.
quality (node 24)	Run npm run typecheck	2026-08-23T00:22:02.0498511Z ##[error]packages/core/test/integration/phase0-red-baseline.test.ts(183,19): error TS2353: Object literal may only specify known properties, and 'stops' does not exist in type 'readonly AuthoredStop[] | AuthoredPluginGroup'.
quality (node 24)	Run npm run typecheck	2026-08-23T00:22:02.0500370Z ##[error]packages/core/test/integration/phase0-red-baseline.test.ts(229,19): error TS2353: Object literal may only specify known properties, and 'stops' does not exist in type 'readonly AuthoredStop[] | AuthoredPluginGroup'.
quality (node 24)	Run npm run typecheck	2026-08-23T00:22:02.0502251Z ##[error]packages/core/test/integration/phase2-motion-scheduling.test.ts(25,17): error TS2353: Object literal may only specify known properties, and 'stops' does not exist in type 'readonly AuthoredStop[] | AuthoredPluginGroup'.
quality (node 24)	Run npm run typecheck	2026-08-23T00:22:02.0504123Z ##[error]packages/core/test/integration/phase3-trigger-port.test.ts(27,17): error TS2353: Object literal may only specify known properties, and 'stops' does not exist in type 'readonly AuthoredStop[] | AuthoredPluginGroup'.
quality (node 24)	Run npm run typecheck	2026-08-23T00:22:02.0505987Z ##[error]packages/core/test/integration/phase4-dynamic-lifecycle.test.ts(164,11): error TS2353: Object literal may only specify known properties, and 'stops' does not exist in type 'readonly AuthoredStop[] | AuthoredPluginGroup'.
quality (node 24)	Run npm run typecheck	2026-08-23T00:22:02.0508248Z ##[error]packages/core/test/integration/phase7-walker-demo.test.ts(37,21): error TS2322: Type '{ values: { x: { stops: { p: number; v: number; }[]; }; y: { stops: { p: number; v: number; }[]; }; rotation: { stops: { p: number; v: number; }[]; }; }; }' is not assignable to type 'AuthoredKeyframe'.
quality (node 24)	Run npm run typecheck	2026-08-23T00:22:02.0509607Z   Types of property 'values' are incompatible.
quality (node 24)	Run npm run typecheck	2026-08-23T00:22:02.0510414Z     Type '{ x: { stops: { p: number; v: number; }[]; }; y: { stops: { p: number; v: number; }[]; }; rotation: { stops: { p: number; v: number; }[]; }; }' is not assignable to type 'Readonly<Record<string, AuthoredProperty>> | (() => ArrayIterator<AuthoredStop>) | undefined'.
quality (node 24)	Run npm run typecheck	2026-08-23T00:22:02.0511120Z       Types of property 'x' are incompatible.
quality (node 24)	Run npm run typecheck	2026-08-23T00:22:02.0511594Z         Object literal may only specify known properties, and 'stops' does not exist in type 'readonly AuthoredStop[]'.
quality (node 24)	Run npm run typecheck	2026-08-23T00:22:02.0513154Z ##[error]packages/core/test/integration/phase7-walker-demo.test.ts(64,21): error TS2322: Type '{ values: { length: { stops: { p: number; v: number; }[]; }; rotation: { stops: { p: number; v: number; }[]; }; }; requires: { base: string; }; }' is not assignable to type 'AuthoredKeyframe'.
quality (node 24)	Run npm run typecheck	2026-08-23T00:22:02.0514377Z   Types of property 'values' are incompatible.
quality (node 24)	Run npm run typecheck	2026-08-23T00:22:02.0515109Z     Type '{ length: { stops: { p: number; v: number; }[]; }; rotation: { stops: { p: number; v: number; }[]; }; }' is not assignable to type 'Readonly<Record<string, AuthoredProperty>> | (() => ArrayIterator<AuthoredStop>) | undefined'.
quality (node 24)	Run npm run typecheck	2026-08-23T00:22:02.0515770Z       Types of property 'length' are incompatible.
quality (node 24)	Run npm run typecheck	2026-08-23T00:22:02.0516254Z         Object literal may only specify known properties, and 'stops' does not exist in type 'readonly AuthoredStop[]'.
quality (node 24)	Run npm run typecheck	2026-08-23T00:22:02.0517978Z ##[error]packages/core/test/integration/phase7-walker-demo.test.ts(86,21): error TS2322: Type '{ values: { length: { stops: { p: number; v: number; }[]; }; rotation: { stops: { p: number; v: number; }[]; }; }; requires: { base: string; }; }' is not assignable to type 'AuthoredKeyframe'.
quality (node 24)	Run npm run typecheck	2026-08-23T00:22:02.0519105Z   Types of property 'values' are incompatible.
quality (node 24)	Run npm run typecheck	2026-08-23T00:22:02.0519823Z     Type '{ length: { stops: { p: number; v: number; }[]; }; rotation: { stops: { p: number; v: number; }[]; }; }' is not assignable to type 'Readonly<Record<string, AuthoredProperty>> | (() => ArrayIterator<AuthoredStop>) | undefined'.
quality (node 24)	Run npm run typecheck	2026-08-23T00:22:02.0520479Z       Types of property 'length' are incompatible.
quality (node 24)	Run npm run typecheck	2026-08-23T00:22:02.0520944Z         Object literal may only specify known properties, and 'stops' does not exist in type 'readonly AuthoredStop[]'.
quality (node 24)	Run npm run typecheck	2026-08-23T00:22:02.0522518Z ##[error]packages/core/test/integration/plugin-owned-requirements.test.ts(60,5): error TS2322: Type '{ values: { length: { stops: { p: number; v: number; }[]; }; rotation: { stops: { p: number; v: number; }[]; }; }; requires: { base: string; }; }' is not assignable to type 'AuthoredKeyframe'.
quality (node 24)	Run npm run typecheck	2026-08-23T00:22:02.0523647Z   Types of property 'values' are incompatible.
quality (node 24)	Run npm run typecheck	2026-08-23T00:22:02.0524363Z     Type '{ length: { stops: { p: number; v: number; }[]; }; rotation: { stops: { p: number; v: number; }[]; }; }' is not assignable to type 'Readonly<Record<string, AuthoredProperty>> | (() => ArrayIterator<AuthoredStop>) | undefined'.
quality (node 24)	Run npm run typecheck	2026-08-23T00:22:02.0525027Z       Types of property 'length' are incompatible.
quality (node 24)	Run npm run typecheck	2026-08-23T00:22:02.0525443Z         Type '{ stops: { p: number; v: number; }[]; }' is not assignable to type 'AuthoredProperty | undefined'.
quality (node 24)	Run npm run typecheck	2026-08-23T00:22:02.0526944Z ##[error]packages/core/test/integration/plugin-owned-requirements.test.ts(75,15): error TS2322: Type '{ values: { x: { stops: { p: number; v: number; }[]; }; y: { stops: { p: number; v: number; }[]; }; rotation: { stops: { p: number; v: number; }[]; }; }; }' is not assignable to type 'AuthoredKeyframe'.
quality (node 24)	Run npm run typecheck	2026-08-23T00:22:02.0528271Z   Types of property 'values' are incompatible.
quality (node 24)	Run npm run typecheck	2026-08-23T00:22:02.0529072Z     Type '{ x: { stops: { p: number; v: number; }[]; }; y: { stops: { p: number; v: number; }[]; }; rotation: { stops: { p: number; v: number; }[]; }; }' is not assignable to type 'Readonly<Record<string, AuthoredProperty>> | (() => ArrayIterator<AuthoredStop>) | undefined'.
quality (node 24)	Run npm run typecheck	2026-08-23T00:22:02.0530043Z       Types of property 'x' are incompatible.
quality (node 24)	Run npm run typecheck	2026-08-23T00:22:02.0530458Z         Type '{ stops: { p: number; v: number; }[]; }' is not assignable to type 'AuthoredProperty | undefined'.
quality (node 24)	Run npm run typecheck	2026-08-23T00:22:02.0531833Z ##[error]packages/core/test/integration/plugin-owned-requirements.test.ts(123,20): error TS2322: Type '{ values: { length: { stops: { p: number; v: number; }[]; }; rotation: { stops: { p: number; v: number; }[]; }; }; }' is not assignable to type 'AuthoredKeyframe'.
quality (node 24)	Run npm run typecheck	2026-08-23T00:22:02.0532903Z   Types of property 'values' are incompatible.
quality (node 24)	Run npm run typecheck	2026-08-23T00:22:02.0533651Z     Type '{ length: { stops: { p: number; v: number; }[]; }; rotation: { stops: { p: number; v: number; }[]; }; }' is not assignable to type 'Readonly<Record<string, AuthoredProperty>> | (() => ArrayIterator<AuthoredStop>) | undefined'.
quality (node 24)	Run npm run typecheck	2026-08-23T00:22:02.0534323Z       Types of property 'length' are incompatible.
quality (node 24)	Run npm run typecheck	2026-08-23T00:22:02.0534748Z         Type '{ stops: { p: number; v: number; }[]; }' is not assignable to type 'AuthoredProperty | undefined'.
quality (node 24)	Run npm run typecheck	2026-08-23T00:22:02.0536258Z ##[error]packages/core/test/integration/plugin-owned-requirements.test.ts(140,9): error TS2322: Type '{ values: { length: { stops: { p: number; v: number; }[]; }; rotation: { stops: { p: number; v: number; }[]; }; }; requires: { base: string; }; }' is not assignable to type 'AuthoredKeyframe'.
quality (node 24)	Run npm run typecheck	2026-08-23T00:22:02.0537528Z   Types of property 'values' are incompatible.
quality (node 24)	Run npm run typecheck	2026-08-23T00:22:02.0538239Z     Type '{ length: { stops: { p: number; v: number; }[]; }; rotation: { stops: { p: number; v: number; }[]; }; }' is not assignable to type 'Readonly<Record<string, AuthoredProperty>> | (() => ArrayIterator<AuthoredStop>) | undefined'.
quality (node 24)	Run npm run typecheck	2026-08-23T00:22:02.0538880Z       Types of property 'length' are incompatible.
quality (node 24)	Run npm run typecheck	2026-08-23T00:22:02.0539301Z         Type '{ stops: { p: number; v: number; }[]; }' is not assignable to type 'AuthoredProperty | undefined'.
quality (node 24)	Run npm run typecheck	2026-08-23T00:22:02.0540707Z ##[error]packages/core/test/integration/plugin-owned-requirements.test.ts(153,9): error TS2322: Type '{ values: { weight: { stops: { p: number; v: number; }[]; }; }; requires: { base: string; destination: string; }; }' is not assignable to type 'AuthoredKeyframe'.
quality (node 24)	Run npm run typecheck	2026-08-23T00:22:02.0541789Z   Types of property 'values' are incompatible.
quality (node 24)	Run npm run typecheck	2026-08-23T00:22:02.0542396Z     Type '{ weight: { stops: { p: number; v: number; }[]; }; }' is not assignable to type 'Readonly<Record<string, AuthoredProperty>> | (() => ArrayIterator<AuthoredStop>) | undefined'.
quality (node 24)	Run npm run typecheck	2026-08-23T00:22:02.0542964Z       Types of property 'weight' are incompatible.
quality (node 24)	Run npm run typecheck	2026-08-23T00:22:02.0543384Z         Type '{ stops: { p: number; v: number; }[]; }' is not assignable to type 'AuthoredProperty | undefined'.
quality (node 24)	Run npm run typecheck	2026-08-23T00:22:02.0544898Z ##[error]packages/core/test/integration/plugin-owned-requirements.test.ts(184,17): error TS2322: Type '{ values: { x: { stops: { p: number; v: number; }[]; }; y: { stops: { p: number; v: number; }[]; }; rotation: { stops: { p: number; v: number; }[]; }; }; }' is not assignable to type 'AuthoredKeyframe'.
quality (node 24)	Run npm run typecheck	2026-08-23T00:22:02.0546017Z   Types of property 'values' are incompatible.
quality (node 24)	Run npm run typecheck	2026-08-23T00:22:02.0546801Z     Type '{ x: { stops: { p: number; v: number; }[]; }; y: { stops: { p: number; v: number; }[]; }; rotation: { stops: { p: number; v: number; }[]; }; }' is not assignable to type 'Readonly<Record<string, AuthoredProperty>> | (() => ArrayIterator<AuthoredStop>) | undefined'.
quality (node 24)	Run npm run typecheck	2026-08-23T00:22:02.0547666Z       Types of property 'x' are incompatible.
quality (node 24)	Run npm run typecheck	2026-08-23T00:22:02.0548080Z         Type '{ stops: { p: number; v: number; }[]; }' is not assignable to type 'AuthoredProperty | undefined'.
quality (node 24)	Run npm run typecheck	2026-08-23T00:22:02.0549596Z ##[error]packages/core/test/integration/plugin-owned-requirements.test.ts(207,9): error TS2322: Type '{ values: { length: { stops: { p: number; v: number; }[]; }; rotation: { stops: { p: number; v: number; }[]; }; }; requires: { debug: string; }; }' is not assignable to type 'AuthoredKeyframe'.
quality (node 24)	Run npm run typecheck	2026-08-23T00:22:02.0550869Z   Types of property 'values' are incompatible.
quality (node 24)	Run npm run typecheck	2026-08-23T00:22:02.0551690Z     Type '{ length: { stops: { p: number; v: number; }[]; }; rotation: { stops: { p: number; v: number; }[]; }; }' is not assignable to type 'Readonly<Record<string, AuthoredProperty>> | (() => ArrayIterator<AuthoredStop>) | undefined'.
quality (node 24)	Run npm run typecheck	2026-08-23T00:22:02.0552346Z       Types of property 'length' are incompatible.
quality (node 24)	Run npm run typecheck	2026-08-23T00:22:02.0552764Z         Type '{ stops: { p: number; v: number; }[]; }' is not assignable to type 'AuthoredProperty | undefined'.
quality (node 24)	Run npm run typecheck	2026-08-23T00:22:02.0553792Z ##[error]packages/core/test/integration/replace-motion-track.test.ts(16,78): error TS2322: Type '{ stops: { p: number; v: number; }[]; }' is not assignable to type 'AuthoredKeyframe'.
quality (node 24)	Run npm run typecheck	2026-08-23T00:22:02.0555418Z ##[error]packages/core/test/integration/replace-track-transactionality.test.ts(32,36): error TS2322: Type '{ stops: { p: number; v: number; }[]; }' is not assignable to type 'AuthoredKeyframe'.
quality (node 24)	Run npm run typecheck	2026-08-23T00:22:02.0557072Z ##[error]packages/core/test/integration/replace-track-transactionality.test.ts(46,16): error TS2322: Type '{ values: { x: { stops: { p: number; v: number; }[]; }; }; }' is not assignable to type 'AuthoredKeyframe'.
quality (node 24)	Run npm run typecheck	2026-08-23T00:22:02.0558263Z   Types of property 'values' are incompatible.
quality (node 24)	Run npm run typecheck	2026-08-23T00:22:02.0558869Z     Type '{ x: { stops: { p: number; v: number; }[]; }; }' is not assignable to type 'Readonly<Record<string, AuthoredProperty>> | (() => ArrayIterator<AuthoredStop>) | undefined'.
quality (node 24)	Run npm run typecheck	2026-08-23T00:22:02.0559418Z       Types of property 'x' are incompatible.
quality (node 24)	Run npm run typecheck	2026-08-23T00:22:02.0559842Z         Type '{ stops: { p: number; v: number; }[]; }' is not assignable to type 'AuthoredProperty | undefined'.
quality (node 24)	Run npm run typecheck	2026-08-23T00:22:02.0560884Z ##[error]packages/core/test/integration/replace-track-transactionality.test.ts(52,16): error TS2322: Type '{ stops: { p: number; v: number; }[]; }' is not assignable to type 'AuthoredKeyframe'.
quality (node 24)	Run npm run typecheck	2026-08-23T00:22:02.0562430Z ##[error]packages/core/test/integration/runtime-motion-lifecycle.test.ts(31,78): error TS2322: Type '{ stops: { p: number; v: number; }[]; }' is not assignable to type 'AuthoredKeyframe'.
quality (node 24)	Run npm run typecheck	2026-08-23T00:22:02.0564414Z ##[error]packages/core/test/integration/single-input-channel.test.ts(23,16): error TS2322: Type '{ values: { x: { stops: { p: number; v: number; }[]; }; y: { stops: { p: number; v: number; }[]; }; rotation: { stops: { p: number; v: number; }[]; }; }; }' is not assignable to type 'AuthoredKeyframe'.
quality (node 24)	Run npm run typecheck	2026-08-23T00:22:02.0565508Z   Types of property 'values' are incompatible.
quality (node 24)	Run npm run typecheck	2026-08-23T00:22:02.0566307Z     Type '{ x: { stops: { p: number; v: number; }[]; }; y: { stops: { p: number; v: number; }[]; }; rotation: { stops: { p: number; v: number; }[]; }; }' is not assignable to type 'Readonly<Record<string, AuthoredProperty>> | (() => ArrayIterator<AuthoredStop>) | undefined'.
quality (node 24)	Run npm run typecheck	2026-08-23T00:22:02.0567008Z       Types of property 'x' are incompatible.
quality (node 24)	Run npm run typecheck	2026-08-23T00:22:02.0567586Z         Type '{ stops: { p: number; v: number; }[]; }' is not assignable to type 'AuthoredProperty | undefined'.
quality (node 24)	Run npm run typecheck	2026-08-23T00:22:02.0569082Z ##[error]packages/core/test/integration/single-input-channel.test.ts(28,5): error TS2322: Type '{ values: { length: { stops: { p: number; v: number; }[]; }; rotation: { stops: { p: number; v: number; }[]; }; }; requires: { base: string; }; }' is not assignable to type 'AuthoredKeyframe'.
quality (node 24)	Run npm run typecheck	2026-08-23T00:22:02.0570187Z   Types of property 'values' are incompatible.
quality (node 24)	Run npm run typecheck	2026-08-23T00:22:02.0570916Z     Type '{ length: { stops: { p: number; v: number; }[]; }; rotation: { stops: { p: number; v: number; }[]; }; }' is not assignable to type 'Readonly<Record<string, AuthoredProperty>> | (() => ArrayIterator<AuthoredStop>) | undefined'.
quality (node 24)	Run npm run typecheck	2026-08-23T00:22:02.0571572Z       Types of property 'length' are incompatible.
quality (node 24)	Run npm run typecheck	2026-08-23T00:22:02.0571991Z         Type '{ stops: { p: number; v: number; }[]; }' is not assignable to type 'AuthoredProperty | undefined'.
quality (node 24)	Run npm run typecheck	2026-08-23T00:22:02.0573442Z ##[error]packages/core/test/integration/t4-runtime-motion-parity.test.ts(126,9): error TS2353: Object literal may only specify known properties, and 'stops' does not exist in type 'readonly AuthoredStop[] | AuthoredPluginGroup'.
quality (node 24)	Run npm run typecheck	2026-08-23T00:22:02.0575321Z ##[error]packages/core/test/integration/trigger-scroll.test.ts(70,67): error TS2322: Type '{ id: string; keyframes: { x: { stops: { p: number; v: number; }[]; }; }; }' is not assignable to type 'TrackDefinition'.
quality (node 24)	Run npm run typecheck	2026-08-23T00:22:02.0576304Z   Types of property 'keyframes' are incompatible.
quality (node 24)	Run npm run typecheck	2026-08-23T00:22:02.0576791Z     Type '{ x: { stops: { p: number; v: number; }[]; }; }' is not assignable to type 'Readonly<Record<string, AuthoredKeyframe>>'.
quality (node 24)	Run npm run typecheck	2026-08-23T00:22:02.0577405Z       Property 'x' is incompatible with index signature.
quality (node 24)	Run npm run typecheck	2026-08-23T00:22:02.0577817Z         Type '{ stops: { p: number; v: number; }[]; }' is not assignable to type 'AuthoredKeyframe'.
quality (node 24)	Run npm run typecheck	2026-08-23T00:22:02.0578966Z ##[error]packages/core/test/integration/trigger-time-loop.test.ts(104,48): error TS2322: Type '{ id: string; keyframes: { x: { stops: { p: number; v: number; }[]; }; }; }' is not assignable to type 'TrackDefinition'.
quality (node 24)	Run npm run typecheck	2026-08-23T00:22:02.0579950Z   Types of property 'keyframes' are incompatible.
quality (node 24)	Run npm run typecheck	2026-08-23T00:22:02.0580413Z     Type '{ x: { stops: { p: number; v: number; }[]; }; }' is not assignable to type 'Readonly<Record<string, AuthoredKeyframe>>'.
quality (node 24)	Run npm run typecheck	2026-08-23T00:22:02.0580875Z       Property 'x' is incompatible with index signature.
quality (node 24)	Run npm run typecheck	2026-08-23T00:22:02.0581272Z         Type '{ stops: { p: number; v: number; }[]; }' is not assignable to type 'AuthoredKeyframe'.
quality (node 24)	Run npm run typecheck	2026-08-23T00:22:02.0582388Z ##[error]packages/core/test/integration/trigger-time-loop.test.ts(123,69): error TS2322: Type '{ id: string; keyframes: { x: { stops: { p: number; v: number; }[]; }; }; }' is not assignable to type 'TrackDefinition'.
quality (node 24)	Run npm run typecheck	2026-08-23T00:22:02.0583338Z   Types of property 'keyframes' are incompatible.
quality (node 24)	Run npm run typecheck	2026-08-23T00:22:02.0583801Z     Type '{ x: { stops: { p: number; v: number; }[]; }; }' is not assignable to type 'Readonly<Record<string, AuthoredKeyframe>>'.
quality (node 24)	Run npm run typecheck	2026-08-23T00:22:02.0584250Z       Property 'x' is incompatible with index signature.
quality (node 24)	Run npm run typecheck	2026-08-23T00:22:02.0584643Z         Type '{ stops: { p: number; v: number; }[]; }' is not assignable to type 'AuthoredKeyframe'.
quality (node 24)	Run npm run typecheck	2026-08-23T00:22:02.0585891Z ##[error]packages/core/test/integration/trigger-time-loop.test.ts(127,29): error TS2345: Argument of type '{ id: string; keyframes: { x: { stops: { p: number; v: number; }[]; }; }; }' is not assignable to parameter of type 'TrackDefinition'.
quality (node 24)	Run npm run typecheck	2026-08-23T00:22:02.0586899Z   Types of property 'keyframes' are incompatible.
quality (node 24)	Run npm run typecheck	2026-08-23T00:22:02.0587513Z     Type '{ x: { stops: { p: number; v: number; }[]; }; }' is not assignable to type 'Readonly<Record<string, AuthoredKeyframe>>'.
quality (node 24)	Run npm run typecheck	2026-08-23T00:22:02.0587970Z       Property 'x' is incompatible with index signature.
quality (node 24)	Run npm run typecheck	2026-08-23T00:22:02.0588362Z         Type '{ stops: { p: number; v: number; }[]; }' is not assignable to type 'AuthoredKeyframe'.
quality (node 24)	Run npm run typecheck	2026-08-23T00:22:02.0611650Z ##[error]packages/core/test/integration/trigger-time-loop.test.ts(148,16): error TS2322: Type '{ id: string; keyframes: { x: { stops: { p: number; v: number; }[]; }; }; }' is not assignable to type 'TrackDefinition'.
quality (node 24)	Run npm run typecheck	2026-08-23T00:22:02.0612941Z   Types of property 'keyframes' are incompatible.
quality (node 24)	Run npm run typecheck	2026-08-23T00:22:02.0613466Z     Type '{ x: { stops: { p: number; v: number; }[]; }; }' is not assignable to type 'Readonly<Record<string, AuthoredKeyframe>>'.
quality (node 24)	Run npm run typecheck	2026-08-23T00:22:02.0613951Z       Property 'x' is incompatible with index signature.
quality (node 24)	Run npm run typecheck	2026-08-23T00:22:02.0614372Z         Type '{ stops: { p: number; v: number; }[]; }' is not assignable to type 'AuthoredKeyframe'.
quality (node 24)	Run npm run typecheck	2026-08-23T00:22:02.0615633Z ##[error]packages/core/test/integration/trigger-time-loop.test.ts(148,30): error TS2322: Type '{ id: string; keyframes: { x: { stops: { p: number; v: number; }[]; }; }; }' is not assignable to type 'TrackDefinition'.
quality (node 24)	Run npm run typecheck	2026-08-23T00:22:02.0616620Z   Types of property 'keyframes' are incompatible.
quality (node 24)	Run npm run typecheck	2026-08-23T00:22:02.0617441Z     Type '{ x: { stops: { p: number; v: number; }[]; }; }' is not assignable to type 'Readonly<Record<string, AuthoredKeyframe>>'.
quality (node 24)	Run npm run typecheck	2026-08-23T00:22:02.0618007Z       Property 'x' is incompatible with index signature.
quality (node 24)	Run npm run typecheck	2026-08-23T00:22:02.0618411Z         Type '{ stops: { p: number; v: number; }[]; }' is not assignable to type 'AuthoredKeyframe'.
quality (node 24)	Run npm run typecheck	2026-08-23T00:22:02.0619611Z ##[error]packages/core/test/integration/trigger-time-loop.test.ts(182,47): error TS2322: Type '{ id: string; keyframes: { x: { stops: { p: number; v: number; }[]; }; }; }' is not assignable to type 'TrackDefinition'.
quality (node 24)	Run npm run typecheck	2026-08-23T00:22:02.0620664Z   Types of property 'keyframes' are incompatible.
quality (node 24)	Run npm run typecheck	2026-08-23T00:22:02.0621144Z     Type '{ x: { stops: { p: number; v: number; }[]; }; }' is not assignable to type 'Readonly<Record<string, AuthoredKeyframe>>'.
quality (node 24)	Run npm run typecheck	2026-08-23T00:22:02.0621608Z       Property 'x' is incompatible with index signature.
quality (node 24)	Run npm run typecheck	2026-08-23T00:22:02.0622007Z         Type '{ stops: { p: number; v: number; }[]; }' is not assignable to type 'AuthoredKeyframe'.
quality (node 24)	Run npm run typecheck	2026-08-23T00:22:02.0623165Z ##[error]packages/core/test/integration/trigger-time-loop.test.ts(196,68): error TS2322: Type '{ id: string; keyframes: { x: { stops: { p: number; v: number; }[]; }; }; }' is not assignable to type 'TrackDefinition'.
quality (node 24)	Run npm run typecheck	2026-08-23T00:22:02.0624141Z   Types of property 'keyframes' are incompatible.
quality (node 24)	Run npm run typecheck	2026-08-23T00:22:02.0624614Z     Type '{ x: { stops: { p: number; v: number; }[]; }; }' is not assignable to type 'Readonly<Record<string, AuthoredKeyframe>>'.
quality (node 24)	Run npm run typecheck	2026-08-23T00:22:02.0625063Z       Property 'x' is incompatible with index signature.
quality (node 24)	Run npm run typecheck	2026-08-23T00:22:02.0625469Z         Type '{ stops: { p: number; v: number; }[]; }' is not assignable to type 'AuthoredKeyframe'.
quality (node 24)	Run npm run typecheck	2026-08-23T00:22:02.0626584Z ##[error]packages/core/test/integration/trigger-time-loop.test.ts(198,62): error TS2322: Type '{ id: string; keyframes: { x: { stops: { p: number; v: number; }[]; }; }; }' is not assignable to type 'TrackDefinition'.
quality (node 24)	Run npm run typecheck	2026-08-23T00:22:02.0627714Z   Types of property 'keyframes' are incompatible.
quality (node 24)	Run npm run typecheck	2026-08-23T00:22:02.0628183Z     Type '{ x: { stops: { p: number; v: number; }[]; }; }' is not assignable to type 'Readonly<Record<string, AuthoredKeyframe>>'.
quality (node 24)	Run npm run typecheck	2026-08-23T00:22:02.0628634Z       Property 'x' is incompatible with index signature.
quality (node 24)	Run npm run typecheck	2026-08-23T00:22:02.0629038Z         Type '{ stops: { p: number; v: number; }[]; }' is not assignable to type 'AuthoredKeyframe'.
quality (node 24)	Run npm run typecheck	2026-08-23T00:22:02.0630162Z ##[error]packages/core/test/integration/trigger-time-loop.test.ts(214,48): error TS2322: Type '{ id: string; keyframes: { x: { stops: { p: number; v: number; }[]; }; }; }' is not assignable to type 'TrackDefinition'.
quality (node 24)	Run npm run typecheck	2026-08-23T00:22:02.0631134Z   Types of property 'keyframes' are incompatible.
quality (node 24)	Run npm run typecheck	2026-08-23T00:22:02.0631606Z     Type '{ x: { stops: { p: number; v: number; }[]; }; }' is not assignable to type 'Readonly<Record<string, AuthoredKeyframe>>'.
quality (node 24)	Run npm run typecheck	2026-08-23T00:22:02.0632079Z       Property 'x' is incompatible with index signature.
quality (node 24)	Run npm run typecheck	2026-08-23T00:22:02.0632487Z         Type '{ stops: { p: number; v: number; }[]; }' is not assignable to type 'AuthoredKeyframe'.
quality (node 24)	Run npm run typecheck	2026-08-23T00:22:02.0633629Z ##[error]packages/core/test/integration/trigger-time-loop.test.ts(228,48): error TS2322: Type '{ id: string; keyframes: { x: { stops: { p: number; v: number; }[]; }; }; }' is not assignable to type 'TrackDefinition'.
quality (node 24)	Run npm run typecheck	2026-08-23T00:22:02.0634621Z   Types of property 'keyframes' are incompatible.
quality (node 24)	Run npm run typecheck	2026-08-23T00:22:02.0635094Z     Type '{ x: { stops: { p: number; v: number; }[]; }; }' is not assignable to type 'Readonly<Record<string, AuthoredKeyframe>>'.
quality (node 24)	Run npm run typecheck	2026-08-23T00:22:02.0635543Z       Property 'x' is incompatible with index signature.
quality (node 24)	Run npm run typecheck	2026-08-23T00:22:02.0635936Z         Type '{ stops: { p: number; v: number; }[]; }' is not assignable to type 'AuthoredKeyframe'.
quality (node 24)	Run npm run typecheck	2026-08-23T00:22:02.0637088Z ##[error]packages/core/test/integration/trigger-time-loop.test.ts(229,48): error TS2322: Type '{ id: string; keyframes: { x: { stops: { p: number; v: number; }[]; }; }; }' is not assignable to type 'TrackDefinition'.
quality (node 24)	Run npm run typecheck	2026-08-23T00:22:02.0638421Z   Types of property 'keyframes' are incompatible.
quality (node 24)	Run npm run typecheck	2026-08-23T00:22:02.0638909Z     Type '{ x: { stops: { p: number; v: number; }[]; }; }' is not assignable to type 'Readonly<Record<string, AuthoredKeyframe>>'.
quality (node 24)	Run npm run typecheck	2026-08-23T00:22:02.0639487Z       Property 'x' is incompatible with index signature.
quality (node 24)	Run npm run typecheck	2026-08-23T00:22:02.0639914Z         Type '{ stops: { p: number; v: number; }[]; }' is not assignable to type 'AuthoredKeyframe'.
quality (node 24)	Run npm run typecheck	2026-08-23T00:22:02.0641098Z ##[error]packages/core/test/integration/trigger-time.test.ts(31,79): error TS2322: Type '{ id: string; keyframes: { x: { stops: { p: number; v: number; }[]; }; }; }' is not assignable to type 'TrackDefinition'.
quality (node 24)	Run npm run typecheck	2026-08-23T00:22:02.0642079Z   Types of property 'keyframes' are incompatible.
quality (node 24)	Run npm run typecheck	2026-08-23T00:22:02.0642577Z     Type '{ x: { stops: { p: number; v: number; }[]; }; }' is not assignable to type 'Readonly<Record<string, AuthoredKeyframe>>'.
quality (node 24)	Run npm run typecheck	2026-08-23T00:22:02.0643038Z       Property 'x' is incompatible with index signature.
quality (node 24)	Run npm run typecheck	2026-08-23T00:22:02.0643448Z         Type '{ stops: { p: number; v: number; }[]; }' is not assignable to type 'AuthoredKeyframe'.
quality (node 24)	Run npm run typecheck	2026-08-23T00:22:02.0644614Z ##[error]packages/core/test/integration/trigger-time.test.ts(115,77): error TS2322: Type '{ id: string; keyframes: { x: { stops: { p: number; v: number; }[]; }; }; }' is not assignable to type 'TrackDefinition'.
quality (node 24)	Run npm run typecheck	2026-08-23T00:22:02.0645569Z   Types of property 'keyframes' are incompatible.
quality (node 24)	Run npm run typecheck	2026-08-23T00:22:02.0646025Z     Type '{ x: { stops: { p: number; v: number; }[]; }; }' is not assignable to type 'Readonly<Record<string, AuthoredKeyframe>>'.
quality (node 24)	Run npm run typecheck	2026-08-23T00:22:02.0646470Z       Property 'x' is incompatible with index signature.
quality (node 24)	Run npm run typecheck	2026-08-23T00:22:02.0646881Z         Type '{ stops: { p: number; v: number; }[]; }' is not assignable to type 'AuthoredKeyframe'.
quality (node 24)	Run npm run typecheck	2026-08-23T00:22:02.0648164Z ##[error]packages/core/test/integration/trigger-time.test.ts(156,75): error TS2322: Type '{ id: string; keyframes: { x: { stops: { p: number; v: number; }[]; }; }; }' is not assignable to type 'TrackDefinition'.
quality (node 24)	Run npm run typecheck	2026-08-23T00:22:02.0649110Z   Types of property 'keyframes' are incompatible.
quality (node 24)	Run npm run typecheck	2026-08-23T00:22:02.0649556Z     Type '{ x: { stops: { p: number; v: number; }[]; }; }' is not assignable to type 'Readonly<Record<string, AuthoredKeyframe>>'.
quality (node 24)	Run npm run typecheck	2026-08-23T00:22:02.0650006Z       Property 'x' is incompatible with index signature.
quality (node 24)	Run npm run typecheck	2026-08-23T00:22:02.0650396Z         Type '{ stops: { p: number; v: number; }[]; }' is not assignable to type 'AuthoredKeyframe'.
quality (node 24)	Run npm run typecheck	2026-08-23T00:22:02.0651398Z ##[error]packages/core/test/integration/unified-mutation-surface.test.ts(21,29): error TS2322: Type '{ stops: { p: number; v: number; }[]; }' is not assignable to type 'AuthoredKeyframe'.
quality (node 24)	Run npm run typecheck	2026-08-23T00:22:02.0653315Z ##[error]packages/core/test/unit/domain/plugin-contribution-completeness.test.ts(20,7): error TS2322: Type '() => { keyframes: { derived: { stops: { p: number; v: number; }[]; }; }; }' is not assignable to type 'PluginContributor'.
quality (node 24)	Run npm run typecheck	2026-08-23T00:22:02.0654550Z   Call signature return types '{ keyframes: { derived: { stops: { p: number; v: number; }[]; }; }; }' and 'Contribution | undefined' are incompatible.
quality (node 24)	Run npm run typecheck	2026-08-23T00:22:02.0655104Z     The types of 'keyframes' are incompatible between these types.
quality (node 24)	Run npm run typecheck	2026-08-23T00:22:02.0655628Z       Type '{ derived: { stops: { p: number; v: number; }[]; }; }' is not assignable to type 'Readonly<Record<string, AuthoredProperty>>'.
quality (node 24)	Run npm run typecheck	2026-08-23T00:22:02.0656130Z         Property 'derived' is incompatible with index signature.
quality (node 24)	Run npm run typecheck	2026-08-23T00:22:02.0656558Z           Type '{ stops: { p: number; v: number; }[]; }' is not assignable to type 'AuthoredProperty'.
quality (node 24)	Run npm run typecheck	2026-08-23T00:22:02.0657959Z ##[error]packages/core/test/unit/domain/plugin-contribution-completeness.test.ts(51,7): error TS2322: Type '() => { keyframes: { derived: { stops: { p: number; v: number; }[]; }; }; }' is not assignable to type 'PluginContributor'.
quality (node 24)	Run npm run typecheck	2026-08-23T00:22:02.0659213Z   Call signature return types '{ keyframes: { derived: { stops: { p: number; v: number; }[]; }; }; }' and 'Contribution | undefined' are incompatible.
quality (node 24)	Run npm run typecheck	2026-08-23T00:22:02.0659884Z     The types of 'keyframes' are incompatible between these types.
quality (node 24)	Run npm run typecheck	2026-08-23T00:22:02.0660489Z       Type '{ derived: { stops: { p: number; v: number; }[]; }; }' is not assignable to type 'Readonly<Record<string, AuthoredProperty>>'.
quality (node 24)	Run npm run typecheck	2026-08-23T00:22:02.0660981Z         Property 'derived' is incompatible with index signature.
quality (node 24)	Run npm run typecheck	2026-08-23T00:22:02.0661399Z           Type '{ stops: { p: number; v: number; }[]; }' is not assignable to type 'AuthoredProperty'.
quality (node 24)	Run npm run typecheck	2026-08-23T00:22:02.0662579Z ##[error]packages/core/test/unit/domain/plugin-contribution-completeness.test.ts(58,7): error TS2322: Type '() => { keyframes: { second: { stops: { p: number; v: number; }[]; }; }; }' is not assignable to type 'PluginContributor'.
quality (node 24)	Run npm run typecheck	2026-08-23T00:22:02.0663808Z   Call signature return types '{ keyframes: { second: { stops: { p: number; v: number; }[]; }; }; }' and 'Contribution | undefined' are incompatible.
quality (node 24)	Run npm run typecheck	2026-08-23T00:22:02.0664337Z     The types of 'keyframes' are incompatible between these types.
quality (node 24)	Run npm run typecheck	2026-08-23T00:22:02.0664850Z       Type '{ second: { stops: { p: number; v: number; }[]; }; }' is not assignable to type 'Readonly<Record<string, AuthoredProperty>>'.
quality (node 24)	Run npm run typecheck	2026-08-23T00:22:02.0665335Z         Property 'second' is incompatible with index signature.
quality (node 24)	Run npm run typecheck	2026-08-23T00:22:02.0665754Z           Type '{ stops: { p: number; v: number; }[]; }' is not assignable to type 'AuthoredProperty'.
quality (node 24)	Run npm run typecheck	2026-08-23T00:22:02.0667337Z ##[error]packages/core/test/unit/domain/plugin-contribution-contract.test.ts(105,7): error TS2322: Type '() => { keyframes: { derived: { readonly stops: readonly AuthoredStop[]; }; }; tweenVars: { overwrite: string; }; }' is not assignable to type 'PluginContributor'.
quality (node 24)	Run npm run typecheck	2026-08-23T00:22:02.0668959Z   Call signature return types '{ keyframes: { derived: { readonly stops: readonly AuthoredStop[]; }; }; tweenVars: { overwrite: string; }; }' and 'Contribution | undefined' are incompatible.
quality (node 24)	Run npm run typecheck	2026-08-23T00:22:02.0669607Z     The types of 'keyframes' are incompatible between these types.
quality (node 24)	Run npm run typecheck	2026-08-23T00:22:02.0670173Z       Type '{ derived: { readonly stops: readonly AuthoredStop[]; }; }' is not assignable to type 'Readonly<Record<string, AuthoredProperty>>'.
quality (node 24)	Run npm run typecheck	2026-08-23T00:22:02.0670712Z         Property 'derived' is incompatible with index signature.
quality (node 24)	Run npm run typecheck	2026-08-23T00:22:02.0671178Z           Type '{ readonly stops: readonly AuthoredStop[]; }' is not assignable to type 'AuthoredProperty'.
quality (node 24)	Run npm run typecheck	2026-08-23T00:22:02.0673326Z ##[error]packages/core/test/unit/domain/plugin-contribution-contract.test.ts(128,7): error TS2322: Type 'Mock<() => { keyframes: { derived: { readonly stops: readonly AuthoredStop[]; }; }; tweenVars: { overwrite: string; }; }>' is not assignable to type 'PluginContributor | undefined'.
quality (node 24)	Run npm run typecheck	2026-08-23T00:22:02.0674828Z   Type 'Mock<() => { keyframes: { derived: { readonly stops: readonly AuthoredStop[]; }; }; tweenVars: { overwrite: string; }; }>' is not assignable to type 'PluginContributor'.
quality (node 24)	Run npm run typecheck	2026-08-23T00:22:02.0675914Z     Call signature return types '{ keyframes: { derived: { readonly stops: readonly AuthoredStop[]; }; }; tweenVars: { overwrite: string; }; }' and 'Contribution | undefined' are incompatible.
quality (node 24)	Run npm run typecheck	2026-08-23T00:22:02.0677011Z       The types of 'keyframes' are incompatible between these types.
quality (node 24)	Run npm run typecheck	2026-08-23T00:22:02.0677791Z         Type '{ derived: { readonly stops: readonly AuthoredStop[]; }; }' is not assignable to type 'Readonly<Record<string, AuthoredProperty>>'.
quality (node 24)	Run npm run typecheck	2026-08-23T00:22:02.0678337Z           Property 'derived' is incompatible with index signature.
quality (node 24)	Run npm run typecheck	2026-08-23T00:22:02.0678801Z             Type '{ readonly stops: readonly AuthoredStop[]; }' is not assignable to type 'AuthoredProperty'.
quality (node 24)	Run npm run typecheck	2026-08-23T00:22:02.0680404Z ##[error]packages/core/test/unit/domain/plugin-contribution-contract.test.ts(135,7): error TS2322: Type 'Mock<() => { keyframes: { derived: { readonly stops: readonly AuthoredStop[]; }; }; tweenVars: { overwrite: string; }; }>' is not assignable to type 'PluginContributor | undefined'.
quality (node 24)	Run npm run typecheck	2026-08-23T00:22:02.0681895Z   Type 'Mock<() => { keyframes: { derived: { readonly stops: readonly AuthoredStop[]; }; }; tweenVars: { overwrite: string; }; }>' is not assignable to type 'PluginContributor'.
quality (node 24)	Run npm run typecheck	2026-08-23T00:22:02.0683077Z     Call signature return types '{ keyframes: { derived: { readonly stops: readonly AuthoredStop[]; }; }; tweenVars: { overwrite: string; }; }' and 'Contribution | undefined' are incompatible.
quality (node 24)	Run npm run typecheck	2026-08-23T00:22:02.0683712Z       The types of 'keyframes' are incompatible between these types.
quality (node 24)	Run npm run typecheck	2026-08-23T00:22:02.0684276Z         Type '{ derived: { readonly stops: readonly AuthoredStop[]; }; }' is not assignable to type 'Readonly<Record<string, AuthoredProperty>>'.
quality (node 24)	Run npm run typecheck	2026-08-23T00:22:02.0684793Z           Property 'derived' is incompatible with index signature.
quality (node 24)	Run npm run typecheck	2026-08-23T00:22:02.0685257Z             Type '{ readonly stops: readonly AuthoredStop[]; }' is not assignable to type 'AuthoredProperty'.
quality (node 24)	Run npm run typecheck	2026-08-23T00:22:02.0686494Z ##[error]packages/core/test/unit/domain/plugin-contribution-contract.test.ts(154,7): error TS2322: Type '() => { keyframes: { derived: { stops: { p: number; v: number; }[]; }; }; }' is not assignable to type 'PluginContributor'.
quality (node 24)	Run npm run typecheck	2026-08-23T00:22:02.0688138Z   Call signature return types '{ keyframes: { derived: { stops: { p: number; v: number; }[]; }; }; }' and 'Contribution | undefined' are incompatible.
quality (node 24)	Run npm run typecheck	2026-08-23T00:22:02.0688699Z     The types of 'keyframes' are incompatible between these types.
quality (node 24)	Run npm run typecheck	2026-08-23T00:22:02.0689222Z       Type '{ derived: { stops: { p: number; v: number; }[]; }; }' is not assignable to type 'Readonly<Record<string, AuthoredProperty>>'.
quality (node 24)	Run npm run typecheck	2026-08-23T00:22:02.0689713Z         Property 'derived' is incompatible with index signature.
quality (node 24)	Run npm run typecheck	2026-08-23T00:22:02.0690134Z           Type '{ stops: { p: number; v: number; }[]; }' is not assignable to type 'AuthoredProperty'.
quality (node 24)	Run npm run typecheck	2026-08-23T00:22:02.0691234Z ##[error]packages/core/test/unit/graph/incremental-cache.test.ts(28,62): error TS2322: Type '{ stops: { p: number; v: number; }[]; }' is not assignable to type 'AuthoredKeyframe'.
quality (node 24)	Run npm run typecheck	2026-08-23T00:22:02.0692710Z ##[error]packages/core/test/unit/graph/incremental-cache.test.ts(52,60): error TS2322: Type '{ stops: { p: number; v: number; }[]; }' is not assignable to type 'AuthoredKeyframe'.
quality (node 24)	Run npm run typecheck	2026-08-23T00:22:02.0694143Z ##[error]packages/core/test/unit/graph/incremental-cache.test.ts(72,61): error TS2322: Type '{ stops: { p: number; v: number; }[]; }' is not assignable to type 'AuthoredKeyframe'.
quality (node 24)	Run npm run typecheck	2026-08-23T00:22:02.0695587Z ##[error]packages/core/test/unit/graph/incremental-cache.test.ts(92,61): error TS2322: Type '{ stops: { p: number; v: number; }[]; }' is not assignable to type 'AuthoredKeyframe'.
quality (node 24)	Run npm run typecheck	2026-08-23T00:22:02.0697023Z ##[error]packages/core/test/unit/graph/incremental-cache.test.ts(94,47): error TS2322: Type '{ stops: { p: number; v: number; }[]; }' is not assignable to type 'AuthoredKeyframe'.
quality (node 24)	Run npm run typecheck	2026-08-23T00:22:02.0698707Z ##[error]packages/core/test/unit/graph/incremental-cache.test.ts(95,46): error TS2322: Type '{ stops: { p: number; v: number; }[]; }' is not assignable to type 'AuthoredKeyframe'.
quality (node 24)	Run npm run typecheck	2026-08-23T00:22:02.0700169Z ##[error]packages/core/test/unit/graph/incremental-cache.test.ts(124,62): error TS2322: Type '{ stops: { p: number; v: number; }[]; }' is not assignable to type 'AuthoredKeyframe'.
quality (node 24)	Run npm run typecheck	2026-08-23T00:22:02.0701609Z ##[error]packages/core/test/unit/graph/incremental-cache.test.ts(137,61): error TS2322: Type '{ stops: { p: number; v: number; }[]; }' is not assignable to type 'AuthoredKeyframe'.
quality (node 24)	Run npm run typecheck	2026-08-23T00:22:02.0703028Z ##[error]packages/core/test/unit/graph/incremental-cache.test.ts(138,60): error TS2322: Type '{ stops: { p: number; v: number; }[]; }' is not assignable to type 'AuthoredKeyframe'.
quality (node 24)	Run npm run typecheck	2026-08-23T00:22:02.0704780Z ##[error]packages/core/test/unit/graph/requirement-edge-construction.test.ts(53,37): error TS2322: Type '{ values: { length: { stops: { p: number; v: number; }[]; }; }; requires: { base: string; }; }' is not assignable to type 'AuthoredKeyframe'.
quality (node 24)	Run npm run typecheck	2026-08-23T00:22:02.0705811Z   Types of property 'values' are incompatible.
quality (node 24)	Run npm run typecheck	2026-08-23T00:22:02.0706440Z     Type '{ length: { stops: { p: number; v: number; }[]; }; }' is not assignable to type 'Readonly<Record<string, AuthoredProperty>> | (() => ArrayIterator<AuthoredStop>) | undefined'.
quality (node 24)	Run npm run typecheck	2026-08-23T00:22:02.0707396Z       Types of property 'length' are incompatible.
quality (node 24)	Run npm run typecheck	2026-08-23T00:22:02.0707874Z         Object literal may only specify known properties, and 'stops' does not exist in type 'readonly AuthoredStop[]'.
quality (node 24)	Run npm run typecheck	2026-08-23T00:22:02.0709208Z ##[error]packages/core/test/unit/graph/single-input-channel.test.ts(59,39): error TS2322: Type '{ values: { length: { stops: { p: number; v: number; }[]; }; }; requires: { base: string; }; }' is not assignable to type 'AuthoredKeyframe'.
quality (node 24)	Run npm run typecheck	2026-08-23T00:22:02.0710225Z   Types of property 'values' are incompatible.
quality (node 24)	Run npm run typecheck	2026-08-23T00:22:02.0710831Z     Type '{ length: { stops: { p: number; v: number; }[]; }; }' is not assignable to type 'Readonly<Record<string, AuthoredProperty>> | (() => ArrayIterator<AuthoredStop>) | undefined'.
quality (node 24)	Run npm run typecheck	2026-08-23T00:22:02.0711395Z       Types of property 'length' are incompatible.
quality (node 24)	Run npm run typecheck	2026-08-23T00:22:02.0711873Z         Object literal may only specify known properties, and 'stops' does not exist in type 'readonly AuthoredStop[]'.
quality (node 24)	Run npm run typecheck	2026-08-23T00:22:02.0713296Z ##[error]packages/core/test/unit/runtime/composition-output-shape.test.ts(58,19): error TS2353: Object literal may only specify known properties, and 'stops' does not exist in type 'readonly AuthoredStop[] | AuthoredPluginGroup'.
quality (node 24)	Run npm run typecheck	2026-08-23T00:22:02.0715264Z ##[error]packages/react/test/public-hook-render.test.ts(69,19): error TS2353: Object literal may only specify known properties, and 'stops' does not exist in type 'readonly AuthoredStop[] | AuthoredPluginGroup'.
quality (node 24)	Run npm run typecheck	2026-08-23T00:22:02.0728918Z ##[error]Process completed with exit code 2.
